# target: Neptune, the disc's brightest 15% in methane's band at 2.30 to 2.35 microns: high cloud
# source: JWST NIRSpec integral field unit, program 1249, gratings G235H (F170LP) and G395H (F290LP), 2023-06-22, the two faces averaged
# archive: MAST, calibration level 3 cubes:
#   jw01249-o005_t001_nirspec_g235h-f170lp_s3d.fits, pipeline 2.0.1
#   jw01249-o005_t001_nirspec_g395h-f290lp_s3d.fits, pipeline 2.0.1
#   jw01249-o006_t001_nirspec_g235h-f170lp_s3d.fits, pipeline 2.0.1
#   jw01249-o006_t001_nirspec_g395h-f290lp_s3d.fits, pipeline 2.0.1
# units: surface brightness in MJy/sr, mean over the region; G235H below 3000 nm, G395H from 3000 nm
nm,mjy_per_sr
1660.20,374.653
1660.59,370.126
1660.99,333.672
1661.39,302.14
1661.78,275.488
1662.18,193.368
1662.57,204.012
1662.97,277.129
1663.37,316.988
1663.76,327.868
1664.16,327.229
1664.55,295.422
1664.95,191.805
1665.35,89.6045
1665.74,101.699
1666.14,178.928
1666.53,244.231
1666.93,282.288
1667.33,303.086
1667.72,308.895
1668.12,277.998
1668.51,301.805
1668.91,360.73
1669.31,372.619
1669.70,353.021
1670.10,302.339
1670.49,266.748
1670.89,249.726
1671.29,239.795
1671.68,295.382
1672.08,346.615
1672.47,356.158
1672.87,363.384
1673.27,369.192
1673.66,350.813
1674.06,270.911
1674.45,227.943
1674.85,294.928
1675.25,343.315
1675.64,365.521
1676.04,374.006
1676.43,373.103
1676.83,356.14
1677.23,280.737
1677.62,249.533
1678.02,318.122
1678.41,363.918
1678.81,374.585
1679.21,377.086
1679.60,397.654
1680.00,404.822
1680.39,350.445
1680.79,303.16
1681.19,326.603
1681.58,368.257
1681.98,393.61
1682.37,398.177
1682.77,410.919
1683.17,414.829
1683.56,370.802
1683.96,337.633
1684.35,364.668
1684.75,376.761
1685.15,354.631
1685.54,361.378
1685.94,398.1
1686.33,412.456
1686.73,387.854
1687.13,357.947
1687.52,358.994
1687.92,376.941
1688.31,368.007
1688.71,340.974
1689.11,331.022
1689.50,351.336
1689.90,363.443
1690.29,336.961
1690.69,320.523
1691.09,334.915
1691.48,338.901
1691.88,332.148
1692.27,304.266
1692.67,308.364
1693.07,324.052
1693.46,315.341
1693.86,294.269
1694.25,270.577
1694.65,256.022
1695.05,268.046
1695.44,289.649
1695.84,308.707
1696.23,318.478
1696.63,297.546
1697.03,263.534
1697.42,261.446
1697.82,242.316
1698.21,237.73
1698.61,280.676
1699.01,286.669
1699.40,243.236
1699.80,239.744
1700.19,287.685
1700.59,293.501
1700.99,252.49
1701.38,240.271
1701.78,255.024
1702.17,225.449
1702.57,179.34
1702.97,206.727
1703.36,231.619
1703.76,220.983
1704.15,210.018
1704.55,193.182
1704.95,163.147
1705.34,143.848
1705.74,163.753
1706.13,175.559
1706.53,169.235
1706.93,165.279
1707.32,148.114
1707.72,115.647
1708.11,109.112
1708.51,115.712
1708.91,124.487
1709.30,145.449
1709.70,159.486
1710.09,130.508
1710.49,105.64
1710.89,125.18
1711.28,159.552
1711.68,196.661
1712.07,168.296
1712.47,148.998
1712.87,158.527
1713.26,163.588
1713.66,157.141
1714.05,171.576
1714.45,211.993
1714.85,207.091
1715.24,188.759
1715.64,236.127
1716.03,261.549
1716.43,235.539
1716.83,208.523
1717.22,194.576
1717.62,210.84
1718.01,221.327
1718.41,210.706
1718.81,209.266
1719.20,221.82
1719.60,202.286
1719.99,165.833
1720.39,136.525
1720.79,138.629
1721.18,159.253
1721.58,173.759
1721.97,160.725
1722.37,142.204
1722.77,139.02
1723.16,128.984
1723.56,127.573
1723.95,159.682
1724.35,172.769
1724.75,172.913
1725.14,188.05
1725.54,190.001
1725.93,172.868
1726.33,192.066
1726.73,217.813
1727.12,195.141
1727.52,180.332
1727.91,191.94
1728.31,204.193
1728.71,238.974
1729.10,270.526
1729.50,262.876
1729.89,264.612
1730.29,242.449
1730.69,206.541
1731.08,233.105
1731.48,239.929
1731.87,230.318
1732.27,272.13
1732.67,304.303
1733.06,305.198
1733.46,308.81
1733.85,299.63
1734.25,276.25
1734.65,267.449
1735.04,285.719
1735.44,306.851
1735.83,305.122
1736.23,304.541
1736.63,328.067
1737.02,354.603
1737.42,348.492
1737.81,324.811
1738.21,316.743
1738.61,331.155
1739.00,346.962
1739.40,343.208
1739.79,335.41
1740.19,336.98
1740.59,338.61
1740.98,351.772
1741.38,369.619
1741.77,357.458
1742.17,356.404
1742.57,377.382
1742.96,369.725
1743.36,348.214
1743.75,340.816
1744.15,335.933
1744.55,327.467
1744.94,355.179
1745.34,376.173
1745.73,367.832
1746.13,367.779
1746.53,367.174
1746.92,357.166
1747.32,320.697
1747.71,301.855
1748.11,318.939
1748.51,306.512
1748.90,275.594
1749.30,293.27
1749.69,319.876
1750.09,326.188
1750.49,351.512
1750.88,362.783
1751.28,355.05
1751.67,347.753
1752.07,344.352
1752.47,334.623
1752.86,319.036
1753.26,319.361
1753.65,302.852
1754.05,263.265
1754.45,241.205
1754.84,255.894
1755.24,265.75
1755.63,284.747
1756.03,322.242
1756.43,335.904
1756.82,335.393
1757.22,338.455
1757.61,347.765
1758.01,324.98
1758.41,282.431
1758.80,292.329
1759.20,312.097
1759.59,282.105
1759.99,240.348
1760.39,239.003
1760.78,286.174
1761.18,323.27
1761.57,324.465
1761.97,290.721
1762.37,265.567
1762.76,267.069
1763.16,280.637
1763.55,300.895
1763.95,298.748
1764.35,292.83
1764.74,266.249
1765.14,244.576
1765.53,235.391
1765.93,222.251
1766.33,251.552
1766.72,271.61
1767.12,262.131
1767.51,257.157
1767.91,235.679
1768.31,232.352
1768.70,247.842
1769.10,229.078
1769.49,233.73
1769.89,247.515
1770.29,231.677
1770.68,217.266
1771.08,213.72
1771.47,209.792
1771.87,189.683
1772.27,188.242
1772.66,197.692
1773.06,209.665
1773.45,225.874
1773.85,223.929
1774.25,199.339
1774.64,149.983
1775.04,122.546
1775.43,137.916
1775.83,171.004
1776.23,205.538
1776.62,202.81
1777.02,183.802
1777.41,155.086
1777.81,138.535
1778.21,150.455
1778.60,191.81
1779.00,237.995
1779.39,248.85
1779.79,250.074
1780.19,216.996
1780.58,179.094
1780.98,199.526
1781.37,230.806
1781.77,233.053
1782.17,227.093
1782.56,219.308
1782.96,205.566
1783.35,172.179
1783.75,152.125
1784.15,151.187
1784.54,162.258
1784.94,182.711
1785.33,212.094
1785.73,237.796
1786.13,223.812
1786.52,201.981
1786.92,232.152
1787.31,269.212
1787.71,274.318
1788.11,253.656
1788.50,244.332
1788.90,251.306
1789.29,217.509
1789.69,132.571
1790.09,77.6487
1790.48,84.056
1790.88,124.739
1791.27,189.172
1791.67,220.801
1792.07,218.901
1792.46,215.671
1792.86,216.906
1793.25,249.365
1793.65,284.859
1794.05,281.709
1794.44,259.754
1794.84,255.077
1795.23,268.094
1795.63,275.919
1796.03,238.152
1796.42,244.351
1796.82,266.937
1797.21,259.658
1797.61,260.612
1798.01,263.964
1798.40,272.683
1798.80,284.845
1799.19,247.811
1799.59,203.312
1799.99,247.702
1800.38,303.714
1800.78,316.143
1801.17,325.691
1801.57,336.98
1801.97,332.032
1802.36,306.614
1802.76,242.544
1803.15,210.49
1803.55,251.553
1803.95,294.409
1804.34,321.074
1804.74,330.279
1805.13,313.722
1805.53,305.083
1805.93,304.917
1806.32,268.919
1806.72,255.719
1807.11,292.9
1807.51,299.392
1807.91,282.949
1808.30,308.411
1808.70,351.468
1809.09,367.501
1809.49,346.963
1809.89,305.188
1810.28,287.69
1810.68,310.01
1811.07,329.926
1811.47,326.882
1811.87,329.258
1812.26,341.494
1812.66,338.992
1813.05,310.806
1813.45,292.243
1813.85,293.663
1814.24,310.738
1814.64,322.854
1815.03,330.113
1815.43,345.255
1815.83,350.09
1816.22,354.671
1816.62,352.647
1817.01,350.523
1817.41,346.671
1817.81,337.648
1818.20,316.737
1818.60,320.085
1818.99,340.38
1819.39,343.874
1819.79,327.66
1820.18,325.326
1820.58,335.505
1820.97,347.033
1821.37,357.514
1821.77,359.31
1822.16,356.331
1822.56,348.795
1822.95,353.602
1823.35,365.774
1823.75,367.413
1824.14,367.854
1824.54,364.136
1824.93,360.079
1825.33,359.435
1825.73,364.585
1826.12,365.212
1826.52,356.027
1826.91,347.599
1827.31,347.148
1827.71,347.924
1828.10,340.461
1828.50,343.903
1828.89,345.244
1829.29,353.51
1829.69,354.897
1830.08,342.258
1830.48,338.234
1830.87,345.072
1831.27,356.144
1831.67,352.222
1832.06,341.592
1832.46,336.644
1832.85,344.394
1833.25,346.352
1833.65,323.713
1834.04,314.763
1834.44,320.574
1834.83,320.612
1835.23,323.985
1835.63,334.732
1836.02,327.681
1836.42,319.423
1836.81,307.337
1837.21,292.81
1837.61,280.322
1838.00,272.364
1838.40,292.999
1838.79,309.241
1839.19,300.183
1839.59,302.332
1839.98,303.313
1840.38,279.448
1840.77,274.735
1841.17,281.618
1841.57,271.864
1841.96,261.586
1842.36,245.699
1842.75,249.756
1843.15,273.104
1843.55,303.001
1843.94,312.803
1844.34,301.88
1844.73,296.053
1845.13,274.191
1845.53,269.779
1845.92,287.092
1846.32,292.566
1846.71,261.09
1847.11,255.105
1847.51,268.571
1847.90,266.55
1848.30,280.314
1848.69,299.936
1849.09,307.491
1849.49,302.7
1849.88,300.475
1850.28,291.881
1850.67,275.284
1851.07,274.217
1851.47,275.057
1851.86,269.047
1852.26,287.939
1852.65,305.771
1853.05,299.65
1853.45,304.288
1853.84,321.471
1854.24,329.352
1854.63,317.916
1855.03,312.573
1855.43,316.466
1855.82,310.792
1856.22,309.07
1856.61,308.856
1857.01,296.715
1857.41,288.825
1857.80,293.138
1858.20,307.378
1858.59,300.815
1858.99,297.708
1859.39,310.634
1859.78,310.984
1860.18,311.466
1860.57,319.511
1860.97,314.916
1861.37,312.601
1861.76,316.991
1862.16,324.35
1862.55,331.402
1862.95,332.827
1863.35,331.665
1863.74,325.824
1864.14,319.345
1864.53,323.28
1864.93,325.11
1865.33,323.95
1865.72,322.874
1866.12,318.214
1866.51,318.257
1866.91,326.087
1867.31,330.042
1867.70,328.765
1868.10,326.143
1868.49,325.991
1868.89,325.692
1869.29,320.023
1869.68,320.078
1870.08,323.307
1870.47,322.286
1870.87,323.263
1871.27,322.765
1871.66,319.46
1872.06,315.11
1872.45,308.201
1872.85,304.182
1873.25,310.237
1873.64,310.914
1874.04,306.339
1874.43,298.719
1874.83,283.821
1875.23,255.53
1875.62,241.328
1876.02,268.015
1876.41,292.635
1876.81,302.344
1877.21,305.279
1877.60,302.884
1878.00,305.36
1878.39,309.721
1878.79,309.287
1879.19,315.787
1879.58,318.01
1879.98,320.562
1880.37,320.131
1880.77,322.422
1881.17,322.606
1881.56,321.779
1881.96,317.389
1882.35,308.197
1882.75,306.442
1883.15,312.082
1883.54,317.282
1883.94,318.461
1884.33,317.605
1884.73,313.624
1885.13,308.566
1885.52,309.828
1885.92,307.763
1886.31,307.859
1886.71,315.041
1887.11,316.597
1887.50,314.756
1887.90,312.38
1888.29,311.022
1888.69,312.541
1889.09,313.022
1889.48,313.03
1889.88,317.086
1890.27,318.093
1890.67,314.104
1891.07,313.056
1891.46,311.777
1891.86,307.487
1892.25,310.585
1892.65,315.525
1893.05,312.058
1893.44,309.659
1893.84,313.498
1894.23,317.803
1894.63,315.136
1895.03,313.306
1895.42,312.629
1895.82,301.939
1896.21,297.569
1896.61,304.244
1897.01,304.142
1897.40,311.138
1897.80,315.477
1898.19,315.602
1898.59,314.43
1898.99,309.54
1899.38,310.759
1899.78,314.413
1900.17,320.246
1900.57,319.447
1900.97,309.884
1901.36,302.994
1901.76,307.314
1902.15,311.025
1902.55,312.037
1902.95,307.052
1903.34,297.157
1903.74,297.37
1904.13,306.725
1904.53,312.428
1904.93,310.098
1905.32,310.44
1905.72,313.947
1906.11,315.413
1906.51,313.314
1906.91,303.055
1907.30,294.248
1907.70,294.581
1908.09,299.767
1908.49,305.335
1908.89,302.62
1909.28,300.304
1909.68,305.54
1910.07,306.257
1910.47,302.721
1910.87,301.85
1911.26,296.147
1911.66,286.982
1912.05,287.254
1912.45,283.071
1912.85,277.123
1913.24,285.914
1913.64,290.144
1914.03,297.045
1914.43,296.646
1914.83,287.438
1915.22,293.019
1915.62,293.439
1916.01,296.57
1916.41,294.318
1916.81,282.031
1917.20,276.761
1917.60,280.678
1917.99,293.803
1918.39,302.163
1918.79,300.542
1919.18,290.383
1919.58,255.328
1919.97,243.809
1920.37,270.467
1920.77,286.791
1921.16,285.716
1921.56,284.447
1921.95,285.73
1922.35,274.884
1922.75,258.726
1923.14,247.368
1923.54,263.485
1923.93,281.381
1924.33,277.442
1924.73,266.349
1925.12,264.505
1925.52,264.196
1925.91,264.329
1926.31,262.984
1926.71,273.467
1927.10,274.123
1927.50,262.061
1927.89,262.604
1928.29,262.763
1928.69,264.163
1929.08,275.909
1929.48,284.526
1929.87,281.322
1930.27,278.119
1930.67,272.18
1931.06,259.377
1931.46,251.881
1931.85,259.422
1932.25,271.425
1932.65,277.711
1933.04,274.664
1933.44,275.464
1933.83,268.739
1934.23,260.708
1934.63,264.137
1935.02,268.077
1935.42,271.658
1935.81,275.771
1936.21,277.604
1936.61,278.381
1937.00,270.012
1937.40,257.068
1937.79,260.893
1938.19,270.077
1938.59,265.884
1938.98,257.654
1939.38,259.378
1939.77,258.97
1940.17,258.982
1940.57,262.79
1940.96,265.403
1941.36,262.473
1941.75,261.191
1942.15,260.295
1942.55,250.212
1942.94,236.211
1943.34,220.887
1943.73,214.007
1944.13,227.931
1944.53,237.191
1944.92,232.472
1945.32,226.496
1945.71,224.47
1946.11,227.884
1946.51,234.739
1946.90,238.312
1947.30,237.586
1947.69,237.556
1948.09,235.351
1948.49,239.373
1948.88,241.623
1949.28,236.632
1949.67,235.275
1950.07,241.389
1950.47,244.033
1950.86,230.035
1951.26,225.877
1951.65,240.033
1952.05,247.559
1952.45,247.083
1952.84,244.273
1953.24,241.376
1953.63,232.444
1954.03,229.952
1954.43,238.096
1954.82,241.225
1955.22,237.651
1955.61,232.535
1956.01,233.844
1956.41,236.091
1956.80,238.938
1957.20,238.957
1957.59,236.592
1957.99,236.643
1958.39,233.61
1958.78,231.683
1959.18,233.136
1959.57,233.974
1959.97,230.411
1960.37,227.18
1960.76,228.374
1961.16,230.823
1961.55,228.588
1961.95,227.175
1962.35,227.964
1962.74,223.512
1963.14,223.231
1963.53,225.574
1963.93,222.839
1964.33,219.591
1964.72,220.126
1965.12,223.613
1965.51,224.661
1965.91,223.662
1966.31,227.173
1966.70,230.172
1967.10,230.363
1967.49,227.843
1967.89,227.661
1968.29,227.539
1968.68,224.68
1969.08,218.479
1969.47,215.877
1969.87,218.651
1970.27,227.239
1970.66,228.826
1971.06,230.462
1971.45,228.87
1971.85,225.367
1972.25,217.366
1972.64,206.051
1973.04,213.968
1973.43,222.939
1973.83,222.786
1974.23,225.244
1974.62,227.518
1975.02,228.532
1975.41,227.734
1975.81,227.042
1976.21,228.2
1976.60,228.669
1977.00,229.949
1977.39,227.544
1977.79,218.237
1978.19,211.834
1978.58,221.493
1978.98,228.955
1979.37,227.323
1979.77,226.124
1980.17,228.88
1980.56,228.894
1980.96,226.666
1981.35,228.156
1981.75,226.994
1982.15,226.554
1982.54,228.547
1982.94,227.977
1983.33,228.631
1983.73,232.341
1984.13,231.952
1984.52,231.578
1984.92,228.221
1985.31,225.43
1985.71,223.741
1986.11,223.582
1986.50,222.499
1986.90,222.25
1987.29,228.691
1987.69,231.533
1988.09,231.083
1988.48,229.828
1988.88,227.712
1989.27,228.06
1989.67,225.251
1990.07,225.639
1990.46,227.141
1990.86,228.761
1991.25,227.777
1991.65,225.2
1992.05,225.04
1992.44,224.168
1992.84,222.288
1993.23,215.68
1993.63,212.525
1994.03,217.301
1994.42,221.929
1994.82,223.438
1995.21,222.319
1995.61,221.606
1996.01,221.956
1996.40,219.953
1996.80,219.183
1997.19,218.844
1997.59,215.273
1997.99,214.628
1998.38,218.079
1998.78,218.797
1999.17,219.938
1999.57,219.723
1999.97,218.518
2000.36,217.245
2000.76,215.53
2001.15,214.023
2001.55,214.79
2001.95,215.583
2002.34,215.144
2002.74,211.641
2003.13,212.003
2003.53,214.028
2003.93,214.934
2004.32,213.698
2004.72,212.927
2005.11,211.596
2005.51,210.232
2005.91,209.108
2006.30,209.74
2006.70,210.618
2007.09,208.304
2007.49,207.941
2007.89,208.43
2008.28,209.441
2008.68,207.758
2009.07,208.004
2009.47,203.906
2009.87,203.022
2010.26,205.359
2010.66,204.942
2011.05,203.418
2011.45,202.828
2011.85,204.277
2012.24,203.632
2012.64,201.261
2013.03,199.971
2013.43,199.979
2013.83,199.83
2014.22,200.388
2014.62,198.599
2015.01,197.286
2015.41,198.085
2015.81,197.208
2016.20,197.271
2016.60,196.253
2016.99,194.938
2017.39,194.495
2017.79,193.41
2018.18,193.97
2018.58,194.493
2018.97,192.673
2019.37,192.854
2019.77,192.183
2020.16,191.377
2020.56,190.863
2020.95,190.382
2021.35,189.226
2021.75,188.952
2022.14,188.764
2022.54,187.349
2022.93,186.744
2023.33,186.07
2023.73,185.225
2024.12,185.355
2024.52,183.298
2024.91,182.868
2025.31,182.58
2025.71,181.939
2026.10,180.906
2026.50,179.616
2026.89,177.028
2027.29,178.017
2027.69,177.178
2028.08,176.604
2028.48,175.286
2028.87,173.692
2029.27,174.835
2029.67,172.673
2030.06,170.167
2030.46,168.927
2030.85,169.05
2031.25,171.09
2031.65,170.353
2032.04,170.374
2032.44,169.527
2032.83,168.618
2033.23,167.406
2033.63,166.302
2034.02,166.444
2034.42,164.054
2034.81,160.49
2035.21,161.297
2035.61,161.789
2036.00,163.521
2036.40,161.56
2036.79,157.557
2037.19,156.601
2037.59,157.603
2037.98,157.119
2038.38,155.336
2038.77,154.357
2039.17,157.218
2039.57,155.833
2039.96,155.869
2040.36,154.237
2040.75,153.434
2041.15,152.362
2041.55,151.655
2041.94,152.121
2042.34,150.758
2042.73,149.232
2043.13,149.462
2043.53,148.525
2043.92,147.185
2044.32,145.519
2044.71,142.613
2045.11,143.277
2045.51,144.371
2045.90,145.256
2046.30,144.005
2046.69,143.067
2047.09,142.239
2047.49,141.597
2047.88,140.337
2048.28,140.427
2048.67,137.177
2049.07,136.57
2049.47,135.512
2049.86,135.695
2050.26,135.99
2050.65,135.319
2051.05,134.705
2051.45,133.874
2051.84,134.721
2052.24,134.26
2052.63,131.559
2053.03,132.606
2053.43,131.744
2053.82,131.006
2054.22,131.23
2054.61,130.228
2055.01,130.218
2055.41,129.516
2055.80,127.771
2056.20,127.038
2056.59,126.753
2056.99,125.837
2057.39,127.046
2057.78,127.375
2058.18,126.598
2058.57,125.187
2058.97,123.757
2059.37,124.411
2059.76,123.97
2060.16,123.818
2060.55,121.742
2060.95,121.711
2061.35,123.586
2061.74,123.071
2062.14,119.337
2062.53,119.115
2062.93,119.336
2063.33,116.261
2063.72,117.901
2064.12,120.409
2064.51,120.314
2064.91,119.737
2065.31,118.655
2065.70,119.568
2066.10,119.599
2066.49,118.819
2066.89,117.149
2067.29,117.541
2067.68,116.936
2068.08,114.895
2068.47,115.094
2068.87,115.253
2069.27,115.092
2069.66,114.198
2070.06,112.2
2070.45,111.272
2070.85,111.697
2071.25,112.609
2071.64,112.353
2072.04,110.503
2072.43,110.097
2072.83,110.696
2073.23,111.56
2073.62,110.709
2074.02,108.529
2074.41,108.734
2074.81,108.915
2075.21,108.647
2075.60,108.014
2076.00,106.61
2076.39,105.368
2076.79,105.193
2077.19,105.014
2077.58,105.156
2077.98,104.853
2078.37,103.507
2078.77,103.441
2079.17,102.796
2079.56,101.89
2079.96,101.641
2080.35,98.1652
2080.75,96.1838
2081.15,96.5112
2081.54,97.7552
2081.94,97.4302
2082.33,96.603
2082.73,94.8376
2083.13,94.8039
2083.52,95.9786
2083.92,93.1806
2084.31,91.7097
2084.71,91.4693
2085.11,92.19
2085.50,91.287
2085.90,90.2743
2086.29,89.7377
2086.69,88.6946
2087.09,88.7358
2087.48,88.7014
2087.88,88.5882
2088.27,86.7755
2088.67,86.4514
2089.07,85.5794
2089.46,84.2562
2089.86,84.8019
2090.25,84.2584
2090.65,83.0338
2091.05,82.2181
2091.44,82.3662
2091.84,81.0024
2092.23,77.2378
2092.63,77.6122
2093.03,78.7957
2093.42,79.315
2093.82,78.5922
2094.21,78.3111
2094.61,76.5061
2095.01,75.9536
2095.40,75.338
2095.80,75.2271
2096.19,75.6413
2096.59,74.2264
2096.99,74.4699
2097.38,73.8096
2097.78,72.4944
2098.17,72.7956
2098.57,72.3568
2098.97,71.1212
2099.36,71.2115
2099.76,70.5999
2100.15,70.2968
2100.55,69.7265
2100.95,69.8709
2101.34,69.4136
2101.74,68.9272
2102.13,68.8994
2102.53,67.9284
2102.93,66.6646
2103.32,66.9096
2103.72,66.6144
2104.11,66.4015
2104.51,65.3695
2104.91,64.4388
2105.30,65.1621
2105.70,65.8042
2106.09,65.4059
2106.49,64.577
2106.89,64.9742
2107.28,65.9031
2107.68,63.8531
2108.07,64.54
2108.47,63.5065
2108.87,63.829
2109.26,63.6594
2109.66,61.868
2110.05,60.8468
2110.45,63.3244
2110.85,62.8293
2111.24,62.3232
2111.64,62.4462
2112.03,62.2126
2112.43,62.3926
2112.83,62.2677
2113.22,61.4825
2113.62,61.9053
2114.01,62.3533
2114.41,61.2963
2114.81,62.0436
2115.20,61.5312
2115.60,61.5934
2115.99,61.3968
2116.39,61.4031
2116.79,60.2199
2117.18,61.1429
2117.58,61.3027
2117.97,62.2741
2118.37,63.4454
2118.77,63.7326
2119.16,64.0097
2119.56,63.0636
2119.95,63.0223
2120.35,61.3289
2120.75,60.969
2121.14,63.4259
2121.54,64.7971
2121.93,65.1503
2122.33,67.9911
2122.73,66.7254
2123.12,64.7407
2123.52,65.0525
2123.91,66.5014
2124.31,66.7294
2124.71,67.9732
2125.10,68.9652
2125.50,69.2777
2125.89,70.1023
2126.29,69.241
2126.69,69.2873
2127.08,71.2913
2127.48,72.3682
2127.87,72.039
2128.27,72.1773
2128.67,72.5808
2129.06,74.1617
2129.46,74.8056
2129.85,74.5594
2130.25,74.6084
2130.65,74.7556
2131.04,75.0498
2131.44,76.0494
2131.83,76.8499
2132.23,77.4008
2132.63,77.1609
2133.02,77.1022
2133.42,77.799
2133.81,79.4277
2134.21,80.2731
2134.61,79.4883
2135.00,79.4753
2135.40,78.7424
2135.79,76.7535
2136.19,77.775
2136.59,79.2778
2136.98,78.1836
2137.38,77.6749
2137.77,79.1023
2138.17,80.7398
2138.57,81.2445
2138.96,81.0658
2139.36,81.0452
2139.75,82.5757
2140.15,82.4311
2140.55,81.2822
2140.94,82.1197
2141.34,82.0805
2141.73,81.3681
2142.13,80.0064
2142.53,78.7843
2142.92,78.0107
2143.32,76.2213
2143.71,77.7662
2144.11,79.2412
2144.51,80.1233
2144.90,78.8548
2145.30,78.5924
2145.69,78.5911
2146.09,77.2886
2146.49,78.4085
2146.88,77.6373
2147.28,76.8178
2147.67,77.543
2148.07,76.8969
2148.47,76.0395
2148.86,74.0336
2149.26,72.0804
2149.65,72.5881
2150.05,74.5455
2150.45,75.8053
2150.84,75.1895
2151.24,75.355
2151.63,74.4691
2152.03,70.7327
2152.43,70.5894
2152.82,73.4003
2153.22,74.995
2153.61,74.2829
2154.01,72.7476
2154.41,70.4411
2154.80,67.896
2155.20,63.9577
2155.59,64.2925
2155.99,66.2631
2156.39,67.2219
2156.78,67.1377
2157.18,65.6457
2157.57,66.9417
2157.97,67.8343
2158.37,68.2813
2158.76,68.6175
2159.16,68.0406
2159.55,67.214
2159.95,64.572
2160.35,60.7506
2160.74,53.7529
2161.14,50.1529
2161.53,53.4178
2161.93,57.351
2162.33,56.3409
2162.72,57.6707
2163.12,61.0654
2163.51,61.6108
2163.91,59.7474
2164.31,57.981
2164.70,54.2103
2165.10,52.6654
2165.49,50.7494
2165.89,47.4171
2166.29,42.4096
2166.68,35.8379
2167.08,36.7436
2167.47,44.4801
2167.87,48.3981
2168.27,51.5975
2168.66,54.6705
2169.06,52.9905
2169.45,49.8285
2169.85,47.944
2170.25,46.6675
2170.64,47.9576
2171.04,46.8239
2171.43,42.3891
2171.83,40.0658
2172.23,33.4749
2172.62,25.3404
2173.02,30.9742
2173.41,41.7631
2173.81,44.5933
2174.21,40.1469
2174.60,37.2303
2175.00,37.2239
2175.39,39.8617
2175.79,43.1875
2176.19,43.1368
2176.58,42.4643
2176.98,41.4652
2177.37,38.8386
2177.77,34.2185
2178.17,24.8835
2178.56,24.2478
2178.96,33.2391
2179.35,34.2847
2179.75,34.7028
2180.15,39.5119
2180.54,41.6736
2180.94,41.2861
2181.33,41.6199
2181.73,41.1871
2182.13,38.9422
2182.52,35.7827
2182.92,33.1019
2183.31,30.845
2183.71,27.4953
2184.11,23.4207
2184.50,28.9618
2184.90,35.656
2185.29,35.98
2185.69,36.5041
2186.09,35.9231
2186.48,36.8251
2186.88,37.7554
2187.27,35.8936
2187.67,34.4733
2188.07,32.1256
2188.46,29.6856
2188.86,27.5768
2189.25,23.0646
2189.65,22.2617
2190.05,27.6219
2190.44,31.7074
2190.84,31.8372
2191.23,31.389
2191.63,32.0342
2192.03,32.0717
2192.42,30.7528
2192.82,30.5643
2193.21,29.4378
2193.61,27.7736
2194.01,27.8352
2194.40,26.9316
2194.80,22.0086
2195.19,18.8363
2195.59,22.6412
2195.99,26.0345
2196.38,26.7881
2196.78,26.526
2197.17,25.2505
2197.57,24.0532
2197.97,23.5612
2198.36,21.447
2198.76,19.8107
2199.15,16.9684
2199.55,12.0983
2199.95,5.63101
2200.34,2.37642
2200.74,6.27666
2201.13,9.81494
2201.53,10.3002
2201.93,10.6177
2202.32,10.2186
2202.72,10.3007
2203.11,10.4656
2203.51,12.2056
2203.91,13.9232
2204.30,9.65805
2204.70,7.16152
2205.09,9.49116
2205.49,11.6056
2205.89,12.9935
2206.28,15.5154
2206.68,16.7513
2207.07,17.2716
2207.47,17.5952
2207.87,17.433
2208.26,18.509
2208.66,18.2352
2209.05,17.2584
2209.45,17.5323
2209.85,17.8283
2210.24,17.1898
2210.64,15.2173
2211.03,12.3247
2211.43,12.5722
2211.83,16.1331
2212.22,16.8264
2212.62,16.9031
2213.01,17.5531
2213.41,17.4362
2213.81,17.6297
2214.20,17.9158
2214.60,17.7944
2214.99,17.0728
2215.39,16.218
2215.79,14.3995
2216.18,9.92322
2216.58,9.14924
2216.97,13.246
2217.37,16.2635
2217.77,16.8606
2218.16,16.4744
2218.56,15.2838
2218.95,15.2221
2219.35,14.9904
2219.75,15.7177
2220.14,16.3352
2220.54,16.0507
2220.93,13.1292
2221.33,10.1715
2221.73,10.1852
2222.12,14.3087
2222.52,17.4799
2222.91,17.6989
2223.31,18.3244
2223.71,16.2772
2224.10,16.6535
2224.50,16.4423
2224.89,14.3192
2225.29,15.8985
2225.69,17.4968
2226.08,16.2261
2226.48,14.7438
2226.87,16.3453
2227.27,17.979
2227.67,20.4303
2228.06,20.1777
2228.46,19.3862
2228.85,21.5676
2229.25,22.576
2229.65,23.5111
2230.04,22.2718
2230.44,21.1346
2230.83,21.221
2231.23,19.9205
2231.63,20.1676
2232.02,20.6875
2232.42,19.7253
2232.81,21.8598
2233.21,25.2974
2233.61,27.3026
2234.00,28.0684
2234.40,28.9726
2234.79,29.5131
2235.19,29.1833
2235.59,27.3952
2235.98,27.8601
2236.38,26.5221
2236.77,25.844
2237.17,27.4822
2237.57,29.23
2237.96,29.6582
2238.36,32.5329
2238.75,34.6376
2239.15,35.0961
2239.55,37.201
2239.94,38.7046
2240.34,36.8369
2240.73,35.4589
2241.13,33.8756
2241.53,36.787
2241.92,41.1304
2242.32,41.8507
2242.71,41.9879
2243.11,42.8243
2243.51,39.911
2243.90,39.6427
2244.30,46.6436
2244.69,51.9497
2245.09,51.4306
2245.49,43.0389
2245.88,35.913
2246.28,36.8279
2246.67,40.275
2247.07,39.4004
2247.47,41.8995
2247.86,48.2042
2248.26,51.6722
2248.65,49.4909
2249.05,48.9113
2249.45,49.2853
2249.84,49.6784
2250.24,48.4393
2250.63,44.8479
2251.03,43.4652
2251.43,49.4411
2251.82,53.3338
2252.22,51.1654
2252.61,49.8584
2253.01,46.3697
2253.41,44.9468
2253.80,42.5936
2254.20,39.917
2254.59,48.7605
2254.99,57.3242
2255.39,57.1744
2255.78,56.2495
2256.18,57.9284
2256.57,52.6087
2256.97,43.7966
2257.37,46.8461
2257.76,53.5013
2258.16,57.5631
2258.55,64.6115
2258.95,69.6409
2259.35,68.4014
2259.74,60.9126
2260.14,54.6723
2260.53,53.3396
2260.93,47.8348
2261.33,45.0968
2261.72,40.6531
2262.12,38.5239
2262.51,50.3418
2262.91,62.125
2263.31,58.3697
2263.70,50.2608
2264.10,47.5869
2264.49,42.7387
2264.89,46.4581
2265.29,54.5378
2265.68,61.1199
2266.08,67.7634
2266.47,70.5611
2266.87,65.0824
2267.27,54.3175
2267.66,43.3137
2268.06,35.3442
2268.45,29.3732
2268.85,32.3413
2269.25,46.6297
2269.64,51.0679
2270.04,44.404
2270.43,40.8918
2270.83,54.968
2271.23,59.1059
2271.62,53.0477
2272.02,52.7981
2272.41,52.3998
2272.81,56.278
2273.21,58.3075
2273.60,59.881
2274.00,60.8686
2274.39,48.8616
2274.79,31.902
2275.19,16.9451
2275.58,10.3155
2275.98,20.2393
2276.37,32.7936
2276.77,31.6617
2277.17,27.7709
2277.56,34.5664
2277.96,38.9617
2278.35,43.6002
2278.75,48.5585
2279.15,54.7757
2279.54,60.7948
2279.94,55.6263
2280.33,41.0161
2280.73,37.1267
2281.13,43.9367
2281.52,42.5122
2281.92,39.0697
2282.31,25.574
2282.71,9.34228
2283.11,10.8234
2283.50,15.4028
2283.90,11.9113
2284.29,16.6502
2284.69,28.4381
2285.09,28.6368
2285.48,29.974
2285.88,39.1793
2286.27,39.9839
2286.67,34.9461
2287.07,38.6428
2287.46,34.4867
2287.86,26.4388
2288.25,25.443
2288.65,28.373
2289.05,24.0568
2289.44,12.0821
2289.84,7.23636
2290.23,12.8149
2290.63,19.1431
2291.03,21.8897
2291.42,26.2156
2291.82,24.998
2292.21,14.1122
2292.61,16.1398
2293.01,23.3854
2293.40,20.3318
2293.80,18.271
2294.19,20.0969
2294.59,15.2958
2294.99,10.2812
2295.38,12.2506
2295.78,14.1054
2296.17,23.9827
2296.57,29.8049
2296.97,31.499
2297.36,37.6668
2297.76,33.2688
2298.15,21.123
2298.55,12.7931
2298.95,10.0345
2299.34,7.68125
2299.74,6.48662
2300.13,5.57989
2300.53,5.04179
2300.93,7.67861
2301.32,14.3409
2301.72,19.8101
2302.11,19.8025
2302.51,18.1306
2302.91,18.4935
2303.30,13.8239
2303.70,7.86524
2304.09,8.44955
2304.49,6.91334
2304.89,7.89038
2305.28,8.34269
2305.68,8.96036
2306.07,10.2581
2306.47,9.48631
2306.87,6.92822
2307.26,5.35862
2307.66,4.28563
2308.05,7.89313
2308.45,8.956
2308.85,8.12175
2309.24,7.80284
2309.64,11.0938
2310.03,15.6613
2310.43,24.6494
2310.83,34.1135
2311.22,36.5305
2311.62,28.8052
2312.01,18.1959
2312.41,21.2208
2312.81,30.5469
2313.20,33.3937
2313.60,32.8536
2313.99,36.0852
2314.39,38.5007
2314.79,34.3383
2315.18,28.7483
2315.58,21.3289
2315.97,10.1091
2316.37,5.32628
2316.77,3.19081
2317.16,1.98312
2317.56,2.21222
2317.95,4.4402
2318.35,7.04192
2318.75,9.7521
2319.14,13.9542
2319.54,17.2633
2319.93,18.2554
2320.33,18.9997
2320.73,14.9484
2321.12,12.2737
2321.52,14.4036
2321.91,18.7218
2322.31,16.4163
2322.71,11.2015
2323.10,16.2536
2323.50,20.8582
2323.89,22.1214
2324.29,28.5055
2324.69,29.6297
2325.08,19.596
2325.48,9.87219
2325.87,12.1972
2326.27,13.3821
2326.67,11.6725
2327.06,15.3694
2327.46,17.2291
2327.85,18.1797
2328.25,14.811
2328.65,11.269
2329.04,12.0141
2329.44,16.6092
2329.83,27.3976
2330.23,28.9571
2330.63,19.5026
2331.02,15.9857
2331.42,16.0767
2331.81,15.5651
2332.21,18.6779
2332.61,20.508
2333.00,26.6236
2333.40,24.5787
2333.79,15.8181
2334.19,14.029
2334.59,16.179
2334.98,20.7804
2335.38,27.0823
2335.77,26.9383
2336.17,23.6898
2336.57,28.0392
2336.96,33.1704
2337.36,34.4714
2337.75,30.9738
2338.15,20.5341
2338.55,13.9449
2338.94,18.7596
2339.34,16.4874
2339.73,8.08986
2340.13,5.3632
2340.53,8.07431
2340.92,11.5371
2341.32,17.8113
2341.71,30.4452
2342.11,37.4206
2342.51,35.0989
2342.90,34.0127
2343.30,33.2838
2343.69,32.8372
2344.09,31.6571
2344.49,26.2159
2344.88,25.7983
2345.28,23.915
2345.67,22.2611
2346.07,23.8996
2346.47,21.5307
2346.86,21.2687
2347.26,23.219
2347.65,20.3702
2348.05,16.1336
2348.45,16.6886
2348.84,21.1842
2349.24,21.4286
2349.63,23.1961
2350.03,22.3387
2350.43,18.3953
2350.82,22.1503
2351.22,31.3686
2351.61,31.5467
2352.01,24.6218
2352.41,26.2954
2352.80,28.4429
2353.20,18.688
2353.59,16.1096
2353.99,23.7031
2354.39,24.2825
2354.78,19.9656
2355.18,17.3317
2355.57,12.5485
2355.97,8.62572
2356.37,16.2882
2356.76,22.5364
2357.16,22.5808
2357.55,24.5381
2357.95,20.7246
2358.35,11.2153
2358.74,6.7073
2359.14,12.2527
2359.53,23.1796
2359.93,29.4248
2360.33,30.1523
2360.72,28.4836
2361.12,20.9722
2361.51,13.0211
2361.91,15.8288
2362.31,26.1291
2362.70,33.1014
2363.10,33.0711
2363.49,30.0048
2363.89,23.8434
2364.29,14.9193
2364.68,13.2252
2365.08,21.5306
2365.47,28.1467
2365.87,28.5905
2366.27,25.0719
2366.66,22.6871
2367.06,16.5111
2367.45,9.39154
2367.85,15.1741
2368.25,24.111
2368.64,26.8145
2369.04,25.6261
2369.43,23.2835
2369.83,16.3131
2370.23,7.70321
2370.62,3.08904
2371.02,1.76786
2371.41,3.00751
2371.81,6.62197
2372.21,10.8795
2372.60,12.5178
2373.00,14.9302
2373.39,15.2925
2373.79,15.9529
2374.19,19.4889
2374.58,21.1924
2374.98,21.6269
2375.37,18.9691
2375.77,14.2216
2376.17,10.6736
2376.56,7.99119
2376.96,7.87823
2377.35,11.8031
2377.75,16.002
2378.15,19.7437
2378.54,20.7805
2378.94,16.5401
2379.33,14.2138
2379.73,8.87055
2380.13,4.37392
2380.52,4.35754
2380.92,10.2576
2381.31,12.3638
2381.71,12.5429
2382.11,13.5022
2382.50,11.9804
2382.90,8.26425
2383.29,4.75973
2383.69,6.39017
2384.09,10.4576
2384.48,16.0087
2384.88,21.6738
2385.27,22.6127
2385.67,21.5807
2386.07,18.9611
2386.46,16.1538
2386.86,16.0436
2387.25,17.6843
2387.65,19.0075
2388.05,25.0972
2388.44,24.1018
2388.84,25.5202
2389.23,25.8823
2389.63,22.6416
2390.03,21.4601
2390.42,24.8067
2390.82,23.9259
2391.21,20.2112
2391.61,19.4009
2392.01,23.064
2392.40,27.7578
2392.80,25.5417
2393.19,24.7889
2393.59,27.2674
2393.99,29.7762
2394.38,27.0591
2394.78,27.4535
2395.17,28.4524
2395.57,29.7736
2395.97,27.1751
2396.36,21.4277
2396.76,21.9409
2397.15,31.0904
2397.55,34.3693
2397.95,34.2771
2398.34,32.731
2398.74,32.75
2399.13,32.7749
2399.53,32.4554
2399.93,31.4066
2400.32,28.6191
2400.72,26.5439
2401.11,30.8654
2401.51,31.9988
2401.91,29.4006
2402.30,29.9896
2402.70,32.4506
2403.09,33.8659
2403.49,34.6771
2403.89,34.5719
2404.28,29.7401
2404.68,25.2301
2405.07,26.7591
2405.47,28.2535
2405.87,30.4345
2406.26,32.5733
2406.66,35.6189
2407.05,34.679
2407.45,36.6905
2407.85,36.5796
2408.24,35.8216
2408.64,33.7198
2409.03,32.3794
2409.43,33.7003
2409.83,31.0826
2410.22,27.7151
2410.62,38.0259
2411.01,45.3722
2411.41,44.3678
2411.81,47.5825
2412.20,51.478
2412.60,33.047
2412.99,30.6342
2413.39,32.3136
2413.79,38.4766
2414.18,28.3078
2414.58,35.1588
2414.97,32.6788
2415.37,43.6963
2415.77,51.4643
2416.16,45.3556
2416.56,43.242
2416.95,46.0262
2417.35,54.6084
2417.75,56.693
2418.14,51.834
2418.54,54.1009
2418.93,46.4341
2419.33,38.5647
2419.73,33.6985
2420.12,36.3874
2420.52,62.5093
2420.91,93.2388
2421.31,91.5727
2421.71,103.715
2422.10,111.678
2422.50,87.057
2422.89,73.008
2423.29,93.1641
2423.69,96.5673
2428.04,-2.37378
2428.44,-1.87727
2428.83,1.2377
2429.23,5.88831
2429.63,1.22511
2430.02,4.1382
2430.42,21.1482
2430.81,20.5784
2431.21,19.871
2431.61,15.2161
2432.00,27.1231
2432.40,46.577
2432.79,49.7151
2433.19,50.0172
2433.59,48.6133
2433.98,46.1457
2434.38,54.1698
2434.77,59.764
2435.17,51.772
2435.57,49.1813
2435.96,58.3606
2436.36,63.3884
2436.75,53.6569
2437.15,44.5594
2437.55,45.4807
2437.94,48.3721
2438.34,48.5043
2438.73,52.739
2439.13,56.1942
2439.53,55.0896
2439.92,49.3106
2440.32,42.5947
2440.71,46.2614
2441.11,52.9145
2441.51,55.8749
2441.90,57.9023
2442.30,57.5761
2442.69,56.8357
2443.09,59.8995
2443.49,59.5833
2443.88,51.9821
2444.28,46.0724
2444.67,49.7578
2445.07,56.3062
2445.47,63.1882
2445.86,64.8782
2446.26,58.3208
2446.65,56.7506
2447.05,58.5623
2447.45,55.723
2447.84,54.3335
2448.24,62.1082
2448.63,62.2069
2449.03,59.5944
2449.43,60.251
2449.82,61.8419
2450.22,60.4918
2450.61,58.359
2451.01,58.3219
2451.41,57.959
2451.80,57.1485
2452.20,56.1028
2452.59,58.6466
2452.99,63.5231
2453.39,67.3836
2453.78,66.6383
2454.18,63.1182
2454.57,59.9122
2454.97,61.3991
2455.37,61.9033
2455.76,60.3423
2456.16,58.5153
2456.55,57.2195
2456.95,56.1942
2457.35,59.1352
2457.74,60.1871
2458.14,63.6347
2458.53,66.5388
2458.93,67.0895
2459.33,69.324
2459.72,70.5035
2460.12,71.9864
2460.51,70.8505
2460.91,68.2251
2461.31,66.4326
2461.70,66.4349
2462.10,70.1566
2462.49,70.63
2462.89,67.2472
2463.29,67.9299
2463.68,68.9654
2464.08,67.385
2464.47,69.0558
2464.87,69.6969
2465.27,70.9475
2465.66,70.8078
2466.06,69.6475
2466.45,73.3645
2466.85,76.6693
2467.25,93.047
2467.64,97.6937
2468.04,94.1553
2468.43,86.0201
2468.83,73.8133
2469.23,78.8115
2469.62,89.8582
2470.02,105.725
2470.41,114.068
2470.81,115.604
2471.21,109.988
2471.60,113.029
2472.00,115.752
2472.39,115.52
2472.79,114.54
2473.19,109.561
2473.58,112.244
2473.98,111.165
2474.37,103.717
2474.77,99.3307
2475.17,104.547
2475.56,110.057
2475.96,116.369
2476.35,116.602
2476.75,119.163
2477.15,120.42
2477.54,118.858
2477.94,137.109
2478.33,137.794
2478.73,136.43
2479.13,133.598
2479.52,157.562
2479.92,162.577
2480.31,157.069
2480.71,159.831
2481.11,167.415
2481.50,172.961
2481.90,169.756
2482.29,160.582
2482.69,162.418
2483.09,164.333
2483.48,142.383
2483.88,127.107
2484.27,127.196
2484.67,142.603
2485.07,166.917
2485.46,177.928
2485.86,178.446
2486.25,173.388
2486.65,164.495
2487.05,168.481
2487.44,167.667
2487.84,140.462
2488.23,126.589
2488.63,152.171
2489.03,168.103
2489.42,171.956
2489.82,182.78
2490.21,183.666
2490.61,170.105
2491.01,168.743
2491.40,182.731
2491.80,186.989
2492.19,188.389
2492.59,185.487
2492.99,179.885
2493.38,179.944
2493.78,182.828
2494.17,182.885
2494.57,183.208
2494.97,189.576
2495.36,193.523
2495.76,191.93
2496.15,192.138
2496.55,193.878
2496.95,192.05
2497.34,186.641
2497.74,170.902
2498.13,144.141
2498.53,115.421
2498.93,109.73
2499.32,141.241
2499.72,168.16
2500.11,170.516
2500.51,169.973
2500.91,178.394
2501.30,179.15
2501.70,175.736
2502.09,181.36
2502.49,185.398
2502.89,189.241
2503.28,188.046
2503.68,181.153
2504.07,178.926
2504.47,168.987
2504.87,167.298
2505.26,185.129
2505.66,195.735
2506.05,197.441
2506.45,192.568
2506.85,190.894
2507.24,191.043
2507.64,188.692
2508.03,182.359
2508.43,168.967
2508.83,152.512
2509.22,160.77
2509.62,176.498
2510.01,173.908
2510.41,158.968
2510.81,156.117
2511.20,151.269
2511.60,146.122
2511.99,163.272
2512.39,176.49
2512.79,164.502
2513.18,132.706
2513.58,120.311
2513.97,147.662
2514.37,174.234
2514.77,186.114
2515.16,188.844
2515.56,189.609
2515.95,179.877
2516.35,164.048
2516.75,159.805
2517.14,161.242
2517.54,175.211
2517.93,180.906
2518.33,166.421
2518.73,156.248
2519.12,167.854
2519.52,171.744
2519.91,156.06
2520.31,132.153
2520.71,130.859
2521.10,151.884
2521.50,171.005
2521.89,184.925
2522.29,179.498
2522.69,161.463
2523.08,165.053
2523.48,180.37
2523.87,180.732
2524.27,162.279
2524.67,141.319
2525.06,152.572
2525.46,170.07
2525.85,168.835
2526.25,153.177
2526.65,153.272
2527.04,157.289
2527.44,126.692
2527.83,98.302
2528.23,122.66
2528.63,145.361
2529.02,138.178
2529.42,157.892
2529.81,184.975
2530.21,190.788
2530.61,184.607
2531.00,166.813
2531.40,166.407
2531.79,178.884
2532.19,180.021
2532.59,162.685
2532.98,139.783
2533.38,146.602
2533.77,152.092
2534.17,161.712
2534.57,176.721
2534.96,168.878
2535.36,140.149
2535.75,134.271
2536.15,140.33
2536.55,119.449
2536.94,129.887
2537.34,155.062
2537.73,170.414
2538.13,183.052
2538.53,189.353
2538.92,189.766
2539.32,181.538
2539.71,161.018
2540.11,145.319
2540.51,153.859
2540.90,171.703
2541.30,172.31
2541.69,155.478
2542.09,148.664
2542.49,152.346
2542.88,156.652
2543.28,162.007
2543.67,166.278
2544.07,176.549
2544.47,187.004
2544.86,175.357
2545.26,144.965
2545.65,138.452
2546.05,150.735
2546.45,163.954
2546.84,167.238
2547.24,158.065
2547.63,143.039
2548.03,152.617
2548.43,173.923
2548.82,178.585
2549.22,170.387
2549.61,159.833
2550.01,147.57
2550.41,131.972
2550.80,126.6
2551.20,136.959
2551.59,120.036
2551.99,103.518
2552.39,110.315
2552.78,130.907
2553.18,127.146
2553.57,139.013
2553.97,162.824
2554.37,157.194
2554.76,133.986
2555.16,114.698
2555.55,140.323
2555.95,164.888
2556.35,153.066
2556.74,137.577
2557.14,146.503
2557.53,149.319
2557.93,142.839
2558.33,132.928
2558.72,132.261
2559.12,156.633
2559.51,173.588
2559.91,165.451
2560.31,153.182
2560.70,154.164
2561.10,156.965
2561.49,162.001
2561.89,166.971
2562.29,162.34
2562.68,153.377
2563.08,139.593
2563.47,154.056
2563.87,175.034
2564.27,165.481
2564.66,127.198
2565.06,90.7642
2565.45,73.6853
2565.85,79.0121
2566.25,100.232
2566.64,116.375
2567.04,101.364
2567.43,79.9709
2567.83,99.648
2568.23,139.48
2568.62,157.367
2569.02,136.238
2569.41,93.0019
2569.81,54.4556
2570.21,46.1125
2570.60,68.3264
2571.00,79.8164
2571.39,93.7647
2571.79,115.429
2572.19,121.157
2572.58,94.9872
2572.98,50.8199
2573.37,34.2664
2573.77,67.0216
2574.17,94.1518
2574.56,88.2749
2574.96,93.6472
2575.35,105.128
2575.75,89.9002
2576.15,64.1413
2576.54,85.6534
2576.94,125.18
2577.33,141.119
2577.73,149.877
2578.13,153.82
2578.52,142.354
2578.92,110.099
2579.31,77.028
2579.71,86.1199
2580.11,112.906
2580.50,108.594
2580.90,102.421
2581.29,126.246
2581.69,149.686
2582.09,143.551
2582.48,103.075
2582.88,67.6516
2583.27,91.4323
2583.67,135.904
2584.07,152.656
2584.46,138.827
2584.86,116.799
2585.25,94.2547
2585.65,78.4262
2586.05,68.0999
2586.44,53.7144
2586.84,26.447
2587.23,17.5974
2587.63,25.928
2588.03,34.2381
2588.42,47.3927
2588.82,60.5515
2589.21,68.8044
2589.61,84.5304
2590.01,97.6461
2590.40,87.9241
2590.80,88.1807
2591.19,98.1979
2591.59,111.788
2591.99,132.252
2592.38,139.318
2592.78,147.719
2593.17,152.236
2593.57,150.587
2593.97,122.125
2594.36,75.7289
2594.76,50.1217
2595.15,66.4724
2595.55,105.015
2595.95,119.23
2596.34,131.739
2596.74,145.276
2597.13,151.75
2597.53,150.752
2597.93,146.585
2598.32,147.882
2598.72,134.313
2599.11,117.712
2599.51,120.952
2599.91,103.234
2600.30,71.9261
2600.70,73.6945
2601.09,84.8541
2601.49,91.9754
2601.89,79.1329
2602.28,91.2493
2602.68,122.913
2603.07,127.261
2603.47,119.478
2603.87,131.116
2604.26,144.102
2604.66,150.793
2605.05,144.39
2605.45,127.569
2605.85,120.772
2606.24,122.345
2606.64,151.795
2607.03,168.445
2607.43,163.831
2607.83,167.28
2608.22,168.248
2608.62,161.358
2609.01,157.19
2609.41,146.312
2609.81,136.625
2610.20,136.188
2610.60,158.516
2610.99,163.967
2611.39,141.707
2611.79,148.217
2612.18,169.313
2612.58,160.133
2612.97,158.043
2613.37,176.605
2613.77,178.291
2614.16,170.265
2614.56,171.929
2614.95,175.018
2615.35,169.029
2615.75,162.599
2616.14,162.703
2616.54,167.02
2616.93,168.599
2617.33,172.2
2617.73,170.971
2618.12,168.539
2618.52,171.134
2618.91,180.955
2619.31,183.518
2619.71,186.554
2620.10,187.864
2620.50,183.835
2620.89,178.457
2621.29,170.947
2621.69,173.054
2622.08,178.36
2622.48,178.39
2622.87,178.733
2623.27,181.405
2623.67,179.954
2624.06,178.746
2624.46,176.889
2624.85,170.969
2625.25,165.315
2625.65,159.31
2626.04,162.444
2626.44,172.601
2626.83,179.854
2627.23,181.177
2627.63,182.494
2628.02,182.047
2628.42,183.677
2628.81,187.761
2629.21,190.261
2629.61,191.156
2630.00,187.741
2630.40,188.386
2630.79,186.907
2631.19,184.306
2631.59,186.017
2631.98,189.199
2632.38,187.393
2632.77,185.088
2633.17,186.496
2633.57,189.155
2633.96,194.134
2634.36,196.245
2634.75,195.456
2635.15,191.041
2635.55,189.382
2635.94,194.448
2636.34,196.459
2636.73,193.744
2637.13,193.238
2637.53,194.947
2637.92,196.195
2638.32,197.589
2638.71,197.608
2639.11,195.965
2639.51,186.053
2639.90,176.094
2640.30,176.425
2640.69,184.498
2641.09,191.018
2641.49,190.556
2641.88,186.808
2642.28,185.106
2642.67,187.274
2643.07,193.213
2643.47,197.364
2643.86,200.151
2644.26,199.67
2644.65,195.801
2645.05,195.486
2645.45,197.35
2645.84,200.294
2646.24,200.026
2646.63,199.026
2647.03,200.127
2647.43,200.184
2647.82,197.687
2648.22,195.12
2648.61,192.245
2649.01,196.466
2649.41,199.307
2649.80,201.029
2650.20,203.521
2650.59,204.336
2650.99,203.168
2651.39,200.222
2651.78,198.847
2652.18,197.72
2652.57,196.132
2652.97,192.356
2653.37,188.082
2653.76,185.023
2654.16,187.005
2654.55,187.401
2654.95,190.416
2655.35,190.144
2655.74,191.511
2656.14,196.718
2656.53,199.046
2656.93,198.872
2657.33,197.228
2657.72,198.023
2658.12,199.867
2658.51,202.814
2658.91,205.697
2659.31,207.635
2659.70,206.811
2660.10,203.905
2660.49,200.949
2660.89,203.353
2661.29,202.823
2661.68,201.368
2662.08,196.872
2662.47,191.761
2662.87,193.924
2663.27,199.731
2663.66,201.923
2664.06,202.405
2664.45,199.981
2664.85,195.293
2665.25,196.019
2665.64,196.907
2666.04,194.937
2666.43,196.492
2666.83,199.799
2667.23,203.982
2667.62,204.449
2668.02,204.905
2668.41,204.204
2668.81,203.704
2669.21,202.223
2669.60,201.356
2670.00,198.414
2670.39,193.26
2670.79,192.527
2671.19,194.395
2671.58,191.924
2671.98,189.818
2672.37,185.68
2672.77,184.675
2673.17,188.396
2673.56,192.63
2673.96,197.86
2674.35,201.2
2674.75,202.593
2675.15,201.341
2675.54,200.283
2675.94,200.631
2676.33,201.043
2676.73,201.793
2677.13,201.311
2677.52,199.917
2677.92,196.414
2678.31,196.675
2678.71,201.649
2679.11,200.638
2679.50,200.848
2679.90,204.055
2680.29,202.751
2680.69,202.658
2681.09,202.99
2681.48,202.389
2681.88,200.431
2682.27,201.478
2682.67,201.345
2683.07,198.662
2683.46,199.836
2683.86,201.028
2684.25,199.718
2684.65,199.298
2685.05,197.715
2685.44,194.392
2685.84,193.412
2686.23,196.644
2686.63,196.858
2687.03,196.919
2687.42,191.173
2687.82,191.963
2688.21,196.252
2688.61,198.526
2689.01,197.831
2689.40,196.51
2689.80,191.72
2690.19,187.573
2690.59,188.412
2690.99,186.679
2691.38,187.115
2691.78,188.496
2692.17,189.893
2692.57,190.904
2692.97,194.471
2693.36,196.237
2693.76,194.972
2694.15,193.065
2694.55,192.104
2694.95,193.766
2695.34,194.454
2695.74,193.067
2696.13,193.535
2696.53,195.38
2696.93,194.961
2697.32,194.909
2697.72,194.269
2698.11,194.21
2698.51,195.23
2698.91,195.672
2699.30,194.752
2699.70,194.599
2700.09,194.996
2700.49,193.226
2700.89,192.611
2701.28,194.331
2701.68,192.226
2702.07,193.317
2702.47,193.653
2702.87,194.185
2703.26,194.199
2703.66,190.705
2704.05,189.368
2704.45,190.382
2704.85,194.016
2705.24,193.092
2705.64,192.726
2706.03,192.344
2706.43,192.087
2706.83,190.739
2707.22,187.254
2707.62,187.97
2708.01,190.7
2708.41,193.065
2708.81,194.032
2709.20,192.599
2709.60,190.982
2709.99,189.883
2710.39,190.243
2710.79,190.16
2711.18,187.574
2711.58,184.453
2711.97,186.4
2712.37,189.179
2712.77,191.294
2713.16,191.272
2713.56,192.798
2713.95,192.002
2714.35,190.427
2714.75,190.673
2715.14,190.427
2715.54,192.485
2715.93,191.914
2716.33,190.324
2716.73,189.909
2717.12,189.176
2717.52,188.318
2717.91,188.384
2718.31,187.388
2718.71,187.084
2719.10,186.371
2719.50,188.101
2719.89,188.043
2720.29,188.853
2720.69,188.571
2721.08,189.168
2721.48,188.648
2721.87,187.898
2722.27,186.114
2722.67,185.851
2723.06,182.195
2723.46,183.07
2723.85,184.921
2724.25,185.523
2724.65,186.295
2725.04,187.336
2725.44,186.997
2725.83,188.036
2726.23,186.332
2726.63,181.333
2727.02,179.452
2727.42,183.591
2727.81,185.274
2728.21,188.403
2728.61,187.467
2729.00,186.824
2729.40,186.668
2729.79,184.493
2730.19,183.902
2730.59,182.643
2730.98,183.846
2731.38,185.016
2731.77,186.211
2732.17,184.425
2732.57,183.278
2732.96,183.819
2733.36,183.828
2733.75,183.29
2734.15,182.413
2734.55,182.209
2734.94,182.425
2735.34,183.557
2735.73,184.123
2736.13,184.58
2736.53,183.344
2736.92,184.239
2737.32,184.484
2737.71,181.746
2738.11,181.788
2738.51,180.221
2738.90,174.443
2739.30,179.12
2739.69,180.875
2740.09,181.911
2740.49,182.708
2740.88,182.716
2741.28,183.142
2741.67,183.135
2742.07,182.602
2742.47,181.648
2742.86,181.08
2743.26,179.104
2743.65,180.976
2744.05,181.523
2744.45,181.736
2744.84,182.039
2745.24,183.179
2745.63,182.686
2746.03,182.829
2746.43,183.713
2746.82,183.305
2747.22,183.528
2747.61,182.527
2748.01,180.371
2748.41,178.524
2748.80,178.31
2749.20,178.834
2749.59,178.695
2749.99,176.142
2750.39,181.399
2750.78,181.686
2751.18,180.487
2751.57,178.285
2751.97,181.076
2752.37,180.693
2752.76,179.481
2753.16,178.39
2753.55,176.951
2753.95,180.429
2754.35,180.418
2754.74,180.936
2755.14,182.825
2755.53,181.266
2755.93,179.759
2756.33,179.975
2756.72,180.54
2757.12,180.021
2757.51,179.996
2757.91,180.257
2758.31,179.117
2758.70,178.922
2759.10,180.361
2759.49,180.577
2759.89,181.749
2760.29,180.289
2760.68,180.333
2761.08,179.248
2761.47,179.615
2761.87,182.031
2762.27,181.063
2762.66,179.008
2763.06,177.143
2763.45,179.954
2763.85,178.526
2764.25,178.325
2764.64,178.648
2765.04,178.188
2765.43,177.805
2765.83,177.029
2766.23,177.319
2766.62,180.815
2767.02,180.948
2767.41,180.074
2767.81,180.72
2768.21,181.465
2768.60,181.39
2769.00,180.625
2769.39,180.47
2769.79,180.957
2770.19,180.612
2770.58,180.488
2770.98,180.687
2771.37,179.263
2771.77,180.187
2772.17,179.93
2772.56,181.19
2772.96,179.459
2773.35,178.249
2773.75,179.135
2774.15,180.555
2774.54,179.759
2774.94,180.729
2775.33,176.355
2775.73,177.292
2776.13,179.235
2776.52,180.427
2776.92,180.005
2777.31,181.222
2777.71,180.16
2778.11,179.493
2778.50,180.036
2778.90,180.542
2779.29,182.541
2779.69,180.631
2780.09,180.028
2780.48,181.173
2780.88,181.037
2781.27,182.287
2781.67,181.588
2782.07,181.017
2782.46,179.372
2782.86,177.419
2783.25,178.974
2783.65,179.884
2784.05,179.983
2784.44,180.718
2784.84,180.916
2785.23,178.348
2785.63,178.723
2786.03,180.416
2786.42,180.455
2786.82,181.841
2787.21,181.247
2787.61,181.25
2788.01,179.628
2788.40,179.618
2788.80,181.08
2789.19,181.432
2789.59,181.131
2789.99,179.163
2790.38,179.316
2790.78,180.78
2791.17,180.822
2791.57,181.444
2791.97,179.416
2792.36,179.086
2792.76,181.141
2793.15,180.781
2793.55,180.287
2793.95,178.526
2794.34,178.475
2794.74,178.596
2795.13,177.131
2795.53,177.435
2795.93,177.605
2796.32,179.304
2796.72,178.263
2797.11,176.875
2797.51,177.061
2797.91,178.249
2798.30,178.976
2798.70,179.001
2799.09,177.741
2799.49,177.738
2799.89,176.247
2800.28,177.062
2800.68,177.397
2801.07,178.134
2801.47,177.099
2801.87,177.491
2802.26,178.856
2802.66,179.32
2803.05,178.365
2803.45,178.603
2803.85,180.016
2804.24,178.843
2804.64,177.53
2805.03,178.495
2805.43,178.773
2805.83,178.143
2806.22,177.733
2806.62,177.171
2807.01,177.85
2807.41,177.553
2807.81,178.027
2808.20,178.983
2808.60,176.614
2808.99,176.601
2809.39,176.842
2809.79,176.573
2810.18,175.817
2810.58,174.864
2810.97,173.145
2811.37,175.044
2811.77,176.82
2812.16,176.15
2812.56,174.982
2812.95,175.822
2813.35,174.144
2813.75,175.697
2814.14,175.477
2814.54,174.267
2814.93,173.185
2815.33,172.451
2815.73,173.439
2816.12,174.442
2816.52,172.967
2816.91,173.942
2817.31,172.545
2817.71,173.595
2818.10,172.85
2818.50,171.577
2818.89,170.456
2819.29,168.965
2819.69,169.121
2820.08,169.248
2820.48,171.977
2820.87,172.848
2821.27,172.099
2821.67,171.648
2822.06,170.938
2822.46,170.786
2822.85,170.338
2823.25,169.156
2823.65,167.202
2824.04,165.293
2824.44,165.099
2824.83,168.245
2825.23,170.184
2825.63,170.9
2826.02,171.855
2826.42,172.094
2826.81,171.88
2827.21,169.121
2827.61,166.621
2828.00,165.587
2828.40,162.635
2828.79,163.077
2829.19,161.27
2829.59,162.736
2829.98,166.441
2830.38,169.937
2830.77,169.952
2831.17,168.149
2831.57,170.776
2831.96,170.309
2832.36,168.797
2832.75,165.298
2833.15,164.275
2833.55,163.754
2833.94,161.063
2834.34,157.659
2834.73,160.831
2835.13,165.423
2835.53,168.301
2835.92,168.019
2836.32,167.478
2836.71,168.728
2837.11,167.853
2837.51,167.652
2837.90,167.102
2838.30,166.876
2838.69,166.342
2839.09,164.679
2839.49,158.367
2839.88,157.219
2840.28,159.231
2840.67,162.558
2841.07,165.535
2841.47,166.508
2841.86,164.458
2842.26,166.725
2842.65,165.677
2843.05,165.893
2843.45,165.37
2843.84,165.528
2844.24,166.993
2844.63,163.166
2845.03,159.439
2845.43,156.289
2845.82,161.018
2846.22,164.925
2846.61,166.308
2847.01,166.342
2847.41,166.056
2847.80,166.179
2848.20,165.279
2848.59,165.845
2848.99,166.213
2849.39,166.054
2849.78,164.432
2850.18,164.8
2850.57,163.952
2850.97,162.592
2851.37,160.943
2851.76,161.922
2852.16,164.725
2852.55,165.106
2852.95,164.998
2853.35,164.669
2853.74,164.014
2854.14,163.528
2854.53,163.655
2854.93,165.267
2855.33,164.117
2855.72,164.941
2856.12,163.476
2856.51,162.927
2856.91,159.367
2857.31,149.867
2857.70,144.585
2858.10,149.928
2858.49,150.194
2858.89,150.522
2859.29,155.862
2859.68,158.491
2860.08,157.413
2860.47,158.05
2860.87,159.999
2861.27,161.464
2861.66,161.283
2862.06,161.185
2862.45,162.663
2862.85,162.415
2863.25,160.238
2863.64,160.132
2864.04,161.045
2864.43,163.238
2864.83,163.998
2865.23,163.099
2865.62,164.555
2866.02,163.546
2866.41,162.973
2866.81,162.115
2867.21,162.059
2867.60,163.057
2868.00,163.766
2868.39,164.335
2868.79,163.475
2869.19,162.555
2869.58,162.508
2869.98,157.753
2870.37,153.077
2870.77,155.012
2871.17,158.4
2871.56,161.388
2871.96,157.679
2872.35,158.729
2872.75,159.337
2873.15,160.694
2873.54,161.308
2873.94,161.333
2874.33,160.874
2874.73,160.18
2875.13,160.953
2875.52,157.706
2875.92,160.673
2876.31,160.179
2876.71,155.808
2877.11,153.312
2877.50,156.593
2877.90,158.548
2878.29,159.246
2878.69,161.335
2879.09,161.761
2879.48,160.421
2879.88,161.263
2880.27,161.03
2880.67,163.134
2881.07,164.116
2881.46,162.108
2881.86,161.42
2882.25,161.07
2882.65,162.299
2883.05,159.146
2883.44,158.655
2883.84,158.464
2884.23,156.99
2884.63,157.989
2885.03,159.136
2885.42,159.407
2885.82,161.805
2886.21,162.421
2886.61,162.174
2887.01,159.946
2887.40,157.524
2887.80,158.138
2888.19,160.568
2888.59,164.385
2888.99,162.429
2889.38,159.151
2889.78,158.41
2890.17,158.671
2890.57,158.769
2890.97,157.115
2891.36,154.34
2891.76,154.984
2892.15,159.332
2892.55,159.683
2892.95,160.05
2893.34,160.538
2893.74,158.377
2894.13,159.574
2894.53,158.672
2894.93,159.014
2895.32,159.601
2895.72,159.552
2896.11,159.586
2896.51,159.036
2896.91,159.411
2897.30,158.878
2897.70,157.595
2898.09,155.841
2898.49,156.156
2898.89,155.983
2899.28,156.996
2899.68,158.255
2900.07,158.453
2900.47,159.1
2900.87,160.374
2901.26,159.359
2901.66,160.029
2902.05,158.668
2902.45,158.041
2902.85,156.62
2903.24,156.974
2903.64,158.461
2904.03,158.825
2904.43,159.665
2904.83,156.281
2905.22,155.885
2905.62,158.362
2906.01,156.906
2906.41,155
2906.81,155.528
2907.20,155.65
2907.60,156.88
2907.99,158.912
2908.39,159.188
2908.79,158.779
2909.18,159.095
2909.58,158.613
2909.97,158.719
2910.37,159.049
2910.77,156.176
2911.16,159.395
2911.56,158.522
2911.95,157.494
2912.35,155.656
2912.75,155.36
2913.14,153.403
2913.54,154.917
2913.93,155.147
2914.33,156.083
2914.73,155.63
2915.12,154.719
2915.52,155.201
2915.91,155.151
2916.31,155.373
2916.71,154.648
2917.10,156.301
2917.50,154.798
2917.89,156.765
2918.29,155.747
2918.69,154.578
2919.08,155.186
2919.48,155.197
2919.87,155.21
2920.27,156.173
2920.67,154.197
2921.06,154.76
2921.46,155.016
2921.85,154.55
2922.25,153.637
2922.65,153.933
2923.04,155.264
2923.44,154.406
2923.83,152.431
2924.23,154.384
2924.63,153.346
2925.02,152.088
2925.42,151.261
2925.81,155.09
2926.21,154.718
2926.61,153.699
2927.00,152.771
2927.40,153.945
2927.79,153.827
2928.19,153.997
2928.59,150.182
2928.98,150.836
2929.38,153.66
2929.77,155.216
2930.17,154.299
2930.57,152.323
2930.96,151.466
2931.36,151.523
2931.75,154.254
2932.15,154.46
2932.55,153.476
2932.94,149.999
2933.34,151.625
2933.73,151.854
2934.13,152.404
2934.53,153.891
2934.92,152.266
2935.32,152.383
2935.71,151.867
2936.11,152.456
2936.51,151.952
2936.90,152.292
2937.30,151.94
2937.69,153.472
2938.09,152.888
2938.49,152.646
2938.88,152.601
2939.28,153.286
2939.67,153.918
2940.07,154.003
2940.47,153.196
2940.86,153.022
2941.26,151.912
2941.65,152.803
2942.05,153.527
2942.45,156.515
2942.84,155.851
2943.24,153.118
2943.63,153.324
2944.03,152.739
2944.43,152.919
2944.82,153.005
2945.22,151.291
2945.61,151.391
2946.01,151.975
2946.41,152.538
2946.80,153.468
2947.20,152.619
2947.59,153.406
2947.99,153.168
2948.39,154.433
2948.78,153.053
2949.18,152.949
2949.57,151.626
2949.97,151.467
2950.37,151.987
2950.76,152.632
2951.16,151.924
2951.55,150.104
2951.95,152.275
2952.35,151.825
2952.74,151.374
2953.14,151.354
2953.53,150.815
2953.93,152.54
2954.33,151.243
2954.72,149.405
2955.12,151.327
2955.51,150.796
2955.91,152.2
2956.31,151.534
2956.70,151.27
2957.10,151.551
2957.49,151.371
2957.89,151.071
2958.29,151.37
2958.68,152.726
2959.08,152.151
2959.47,149.991
2959.87,148.292
2960.27,148.667
2960.66,150.228
2961.06,151.169
2961.45,150.922
2961.85,149.271
2962.25,150.092
2962.64,152.471
2963.04,151.275
2963.43,149.945
2963.83,148.295
2964.23,147.752
2964.62,148.398
2965.02,149.212
2965.41,149.41
2965.81,150.808
2966.21,149.928
2966.60,147.96
2967.00,149.298
2967.39,150.264
2967.79,150.308
2968.19,149.058
2968.58,149.264
2968.98,148.766
2969.37,148.409
2969.77,147.901
2970.17,148.183
2970.56,145.498
2970.96,146.67
2971.35,148.501
2971.75,148.3
2972.15,147.732
2972.54,146.745
2972.94,148.61
2973.33,146.141
2973.73,148.415
2974.13,149.793
2974.52,150.099
2974.92,149.088
2975.31,147.766
2975.71,148.306
2976.11,147.106
2976.50,147.817
2976.90,147.347
2977.29,148.111
2977.69,147.617
2978.09,150.082
2978.48,149.322
2978.88,147.06
2979.27,147.615
2979.67,148.541
2980.07,149.008
2980.46,149.548
2980.86,148.532
2981.25,147.91
2981.65,146.803
2982.05,147.584
2982.44,147.033
2982.84,147.894
2983.23,149.04
2983.63,150.107
2984.03,148.138
2984.42,148.497
2984.82,145.494
2985.21,147.132
2985.61,147.854
2986.01,146.928
2986.40,147.703
2986.80,147.667
2987.19,148.742
2987.59,146.403
2987.99,144.412
2988.38,145.545
2988.78,146.738
2989.17,146.177
2989.57,147.575
2989.97,146.079
2990.36,143.756
2990.76,145.397
2991.15,146.003
2991.55,147.472
2991.95,145.903
2992.34,146.238
2992.74,145.292
2993.13,144.994
2993.53,144.886
2993.93,146.484
2994.32,146.379
2994.72,145.599
2995.11,145.071
2995.51,145.828
2995.91,144.047
2996.30,142.092
2996.70,141.448
2997.09,142.442
2997.49,145.343
2997.89,142.554
2998.28,147.052
2998.68,144.908
2999.07,144.598
2999.47,146.614
2999.87,141.94
3000.01,102.714
3000.67,103.838
3001.34,104.908
3002.00,104.878
3002.67,104.469
3003.33,104.398
3004.00,104.275
3004.66,104.215
3005.33,103.451
3005.99,103.311
3006.66,103.615
3007.32,102.386
3007.99,102.045
3008.65,103.944
3009.32,103.678
3009.98,102.351
3010.65,102.388
3011.31,102.08
3011.98,102.827
3012.64,102.924
3013.31,102.054
3013.97,100.582
3014.64,101.491
3015.30,101.741
3015.97,101.473
3016.63,102.285
3017.30,101.757
3017.96,100.463
3018.63,101.469
3019.29,101.315
3019.96,100.614
3020.62,100.881
3021.29,100.588
3021.95,100.198
3022.62,101.195
3023.28,100.979
3023.95,99.8318
3024.61,99.9344
3025.28,99.6085
3025.94,100.183
3026.61,99.9347
3027.27,101.013
3027.94,100.188
3028.60,100.025
3029.27,100.673
3029.93,99.5042
3030.60,99.3426
3031.26,99.3378
3031.93,98.7608
3032.59,99.9627
3033.26,100.167
3033.92,99.4647
3034.59,99.2192
3035.25,99.423
3035.92,99.6444
3036.58,97.6624
3037.25,97.48
3037.91,96.9782
3038.58,96.6662
3039.24,95.8362
3039.91,96.3888
3040.57,96.5403
3041.24,96.9451
3041.90,96.9251
3042.57,97.2605
3043.23,97.867
3043.90,97.285
3044.56,97.2805
3045.23,97.6535
3045.89,96.5789
3046.56,97.1412
3047.22,98.0919
3047.89,97.4544
3048.55,97.4976
3049.22,97.4279
3049.88,97.2133
3050.55,96.234
3051.21,96.5667
3051.88,96.842
3052.54,96.436
3053.21,95.9655
3053.87,95.8577
3054.54,95.8014
3055.20,96.3623
3055.87,95.7494
3056.53,96.5392
3057.20,96.485
3057.86,96.1865
3058.53,95.7348
3059.19,95.4021
3059.86,94.0855
3060.52,95.2848
3061.19,95.7604
3061.85,94.7261
3062.52,93.9621
3063.18,94.0791
3063.85,94.475
3064.51,94.3943
3065.18,94.8008
3065.84,94.0236
3066.51,94.2987
3067.17,95.2102
3067.84,93.8658
3068.50,93.1609
3069.17,94.0715
3069.83,94.8386
3070.50,94.733
3071.16,92.9763
3071.83,94.121
3072.49,94.5515
3073.16,94.1662
3073.82,93.3929
3074.49,93.9142
3075.15,95.5259
3075.82,94.3926
3076.48,93.7858
3077.15,94.5669
3077.81,94.3508
3078.48,93.8181
3079.14,95.0142
3079.81,94.6299
3080.47,94.3906
3081.14,93.9133
3081.80,94.0441
3082.47,94.148
3083.13,93.285
3083.80,93.2768
3084.46,93.5633
3085.13,94.1233
3085.79,93.2275
3086.46,92.7449
3087.12,93.1704
3087.79,93.9569
3088.45,94.0163
3089.12,93.8705
3089.78,93.1523
3090.45,93.0533
3091.11,92.6415
3091.78,92.7689
3092.44,93.003
3093.11,92.6237
3093.77,93.0064
3094.44,92.9068
3095.10,92.15
3095.77,92.8842
3096.43,93.5009
3097.10,93.1353
3097.76,92.7576
3098.43,93.098
3099.09,93.7137
3099.76,93.8021
3100.42,93.3834
3101.09,92.929
3101.75,92.3696
3102.42,92.2492
3103.08,92.0978
3103.75,91.3777
3104.41,90.9205
3105.08,91.6641
3105.74,91.7615
3106.41,92.6646
3107.07,91.2011
3107.74,91.3505
3108.40,90.9092
3109.07,90.1104
3109.73,90.0293
3110.40,89.0599
3111.06,89.84
3111.73,90.748
3112.39,90.711
3113.06,90.8541
3113.72,90.3777
3114.39,89.4293
3115.05,87.2696
3115.72,85.3862
3116.38,86.5552
3117.05,88.2101
3117.71,88.1629
3118.38,87.4564
3119.04,88.4777
3119.71,88.0775
3120.37,89.1428
3121.04,88.5107
3121.70,88.6199
3122.37,88.2497
3123.03,87.7459
3123.70,88.6274
3124.36,88.5148
3125.03,86.724
3125.69,82.8577
3126.36,83.1148
3127.02,85.7223
3127.69,85.9715
3128.35,84.5597
3129.02,84.3223
3129.68,85.8854
3130.35,85.7583
3131.01,85.4298
3131.68,84.9117
3132.34,84.5353
3133.01,84.8596
3133.67,85.2547
3134.34,86.8162
3135.00,85.801
3135.67,85.4883
3136.33,85.4693
3137.00,85.8926
3137.66,85.6365
3138.33,86.0322
3138.99,85.8885
3139.66,84.6372
3140.32,81.5648
3140.99,78.2377
3141.65,78.7048
3142.32,81.5896
3142.98,82.441
3143.65,83.9677
3144.31,83.5776
3144.98,82.2474
3145.64,80.6567
3146.31,78.2748
3146.97,79.2946
3147.64,82.1338
3148.30,81.7098
3148.97,80.9715
3149.63,80.753
3150.30,81.3058
3150.96,81.2289
3151.63,79.4234
3152.29,79.1588
3152.96,77.3471
3153.62,77.6706
3154.29,78.2322
3154.95,78.6748
3155.62,75.9707
3156.28,70.8105
3156.95,73.069
3157.61,75.2183
3158.28,74.2479
3158.94,75.1502
3159.61,72.1329
3160.27,71.0174
3160.94,74.7881
3161.60,78.2953
3162.27,78.6788
3162.93,79.5901
3163.60,79.1102
3164.26,76.674
3164.93,71.4163
3165.59,68.5784
3166.26,68.142
3166.92,65.5516
3167.59,69.0993
3168.25,69.9444
3168.92,71.4166
3169.58,73.609
3170.25,69.1266
3170.91,59.1752
3171.58,60.3299
3172.24,69.4731
3172.91,68.151
3173.57,60.0381
3174.24,59.9866
3174.90,61.5242
3175.57,58.5096
3176.23,65.2135
3176.90,68.0703
3177.56,61.8113
3178.23,63.757
3178.89,66.2095
3179.56,63.9028
3180.22,60.2104
3180.89,63.0868
3181.55,69.305
3182.22,69.3774
3182.88,65.9535
3183.55,61.3627
3184.21,52.0836
3184.88,48.7917
3185.54,52.0073
3186.21,56.1966
3186.87,50.5546
3187.54,49.5235
3188.20,54.9145
3188.87,58.0682
3189.53,52.6609
3190.20,50.1979
3190.86,59.1053
3191.53,61.5786
3192.19,54.6113
3192.86,47.2601
3193.52,46.8094
3194.19,51.649
3194.85,58.3487
3195.52,61.2965
3196.18,60.3152
3196.85,59.7775
3197.51,61.5878
3198.18,59.5616
3198.84,49.8897
3199.51,38.7329
3200.17,37.0361
3200.84,39.3897
3201.50,40.2193
3202.17,35.4204
3202.83,38.9511
3203.50,50.5577
3204.16,49.9284
3204.83,49.0104
3205.49,44.9779
3206.16,41.6493
3206.82,50.2497
3207.49,56.6196
3208.15,57.0627
3208.82,55.0976
3209.48,50.7418
3210.15,46.3613
3210.81,42.8651
3211.48,34.3374
3212.14,30.968
3212.81,24.2759
3213.47,25.3987
3214.14,30.7575
3214.80,32.3664
3215.47,34.5083
3216.13,34.8888
3216.80,35.8298
3217.46,32.4541
3218.13,36.956
3218.79,44.7446
3219.46,43.613
3220.12,35.1486
3220.79,28.4934
3221.45,32.0844
3222.12,39.4155
3222.78,42.7727
3223.45,43.4999
3224.11,44.4194
3224.78,42.0868
3225.44,34.097
3226.11,23.7416
3226.77,22.7514
3227.44,29.1982
3228.10,34.3056
3228.77,30.3088
3229.43,24.1829
3230.10,23.1961
3230.76,25.8803
3231.43,21.1737
3232.09,23.1535
3232.76,29.2107
3233.42,31.4517
3234.09,31.4811
3234.75,30.3594
3235.42,25.3255
3236.08,18.0638
3236.75,17.213
3237.41,20.038
3238.08,20.2222
3238.74,14.432
3239.41,13.0693
3240.07,28.7925
3240.74,30.502
3241.40,13.5579
3242.07,8.90569
3242.73,11.0337
3243.40,16.2298
3244.06,21.4558
3244.73,21.5357
3245.39,16.8055
3246.06,12.2497
3246.72,10.014
3247.39,11.9713
3248.05,10.4522
3248.72,7.2546
3249.38,12.0638
3250.05,29.218
3250.71,23.2522
3251.38,8.54145
3252.04,6.14911
3252.71,6.19666
3253.37,5.79431
3254.04,9.35813
3254.70,11.7558
3255.37,7.68649
3256.03,7.66169
3256.70,10.1631
3257.36,6.4498
3258.03,3.06769
3258.69,2.93571
3259.36,14.2944
3260.02,38.6377
3260.69,27.9251
3261.35,5.89993
3262.02,2.69326
3262.68,3.60975
3263.35,5.14289
3264.01,9.11997
3264.68,13.1776
3265.34,10.1041
3266.01,9.40346
3266.67,6.70102
3267.34,3.5374
3268.00,2.82894
3268.67,3.21134
3269.33,12.2593
3270.00,37.6859
3270.66,34.0326
3271.33,8.91854
3271.99,3.05792
3272.66,4.41932
3273.32,5.70007
3273.99,8.15035
3274.65,17.5555
3275.32,17.3827
3275.98,8.13081
3276.65,4.56432
3277.31,4.1493
3277.98,4.02211
3278.64,3.7014
3279.31,8.56031
3279.97,23.2456
3280.64,28.9687
3281.30,12.5659
3281.97,3.93545
3282.63,4.13603
3283.30,4.48726
3283.96,5.22161
3284.63,11.0101
3285.29,17.9339
3285.96,11.1933
3286.62,4.82679
3287.29,4.03273
3287.95,4.5471
3288.62,3.98514
3289.28,5.2328
3289.95,9.63948
3290.61,15.3491
3291.28,14.0433
3291.94,6.91463
3292.61,4.42106
3293.27,4.1782
3293.94,4.50614
3294.60,6.53401
3295.27,9.73359
3295.93,10.8744
3296.60,6.46199
3297.26,4.47897
3297.93,3.94889
3298.59,4.12824
3299.26,4.40497
3299.92,5.24372
3300.59,6.67392
3301.25,12.2081
3301.92,12.1458
3302.58,5.98673
3303.25,5.70723
3303.91,6.19295
3304.58,6.2302
3305.24,6.04271
3305.91,7.20473
3306.57,8.97198
3307.24,7.03915
3307.90,5.21192
3308.57,4.97128
3309.23,5.27377
3309.90,6.53901
3310.56,6.1045
3311.23,6.80627
3311.89,22.5266
3312.56,65.8605
3313.22,97.4305
3313.89,95.6635
3314.55,78.9049
3315.22,62.659
3315.88,44.7905
3316.55,33.1418
3317.21,24.3435
3317.88,15.8622
3318.54,12.2655
3319.21,14.9083
3319.87,21.538
3320.54,22.3012
3321.20,20.6599
3321.87,27.7518
3322.53,42.4065
3323.20,59.6218
3323.86,60.0288
3324.53,47.6185
3325.19,31.7066
3325.86,21.4298
3326.52,16.8776
3327.19,14.0377
3327.85,11.4613
3328.52,10.0851
3329.18,10.0077
3329.85,10.2965
3330.51,10.9446
3331.18,11.1889
3331.84,11.0813
3332.51,13.7785
3333.17,17.6001
3333.84,24.2857
3334.50,25.4219
3335.17,13.2435
3335.83,7.4559
3336.50,7.6164
3337.16,7.88267
3337.83,7.66935
3338.49,8.70207
3339.16,9.58279
3339.82,10.5116
3340.49,9.87002
3341.15,7.94057
3341.82,7.57641
3342.48,7.56161
3343.15,7.96308
3343.81,9.29346
3344.48,13.6486
3345.14,30.8544
3345.81,38.5516
3346.47,18.7251
3347.14,8.93785
3347.80,7.45515
3348.47,9.11166
3349.13,12.6319
3349.80,14.1347
3350.46,12.8707
3351.13,14.0066
3351.79,13.3686
3352.46,12.253
3353.12,10.3875
3353.79,9.00896
3354.45,8.22769
3355.12,10.3447
3355.78,18.4706
3356.45,40.5963
3357.11,49.3047
3357.78,20.566
3358.44,7.57845
3359.11,7.45352
3359.77,13.6216
3360.44,20.1377
3361.10,21.3694
3361.77,18.5722
3362.43,16.1894
3363.10,17.5712
3363.76,19.9865
3364.43,19.1419
3365.09,16.9468
3365.76,15.6758
3366.42,17.047
3367.09,20.1657
3367.75,29.4011
3368.42,46.5963
3369.08,31.664
3369.75,14.4736
3370.41,14.0044
3371.08,19.8552
3371.74,23.0665
3372.41,20.7378
3373.07,23.1503
3373.74,23.6781
3374.40,24.1105
3375.07,25.2099
3375.73,25.7679
3376.40,25.865
3377.06,24.7291
3377.73,25.1429
3378.39,25.9975
3379.06,27.3
3379.72,48.2102
3380.39,55.7697
3381.05,32.1231
3381.72,24.9432
3382.38,33.8163
3383.05,36.8296
3383.71,30.7085
3384.38,24.4267
3385.04,18.2886
3385.71,17.949
3386.37,23.8222
3387.04,29.203
3387.70,33.6792
3388.37,36.6156
3389.03,35.6235
3389.70,37.599
3390.36,33.8866
3391.03,31.8899
3391.69,43.8772
3392.36,44.0873
3393.02,33.1644
3393.69,33.1325
3394.35,37.6714
3395.02,40.5447
3395.68,39.0797
3396.35,35.2864
3397.01,31.6114
3397.68,33.7386
3398.34,37.9859
3399.01,38.1872
3399.67,37.5838
3400.34,37.4402
3401.00,42.258
3401.67,44.5354
3402.33,40.8307
3403.00,38.7094
3403.66,37.7998
3404.33,36.6348
3404.99,28.3989
3405.66,20.7642
3406.32,23.9343
3406.99,31.0551
3407.65,37.7542
3408.32,38.1983
3408.98,33.6151
3409.65,27.084
3410.31,20.4781
3410.98,23.9636
3411.64,36.4832
3412.31,45.6349
3412.97,45.7162
3413.64,41.1202
3414.30,37.8774
3414.97,33.733
3415.63,32.0997
3416.30,36.6199
3416.96,42.4837
3417.63,47.7407
3418.29,50.0956
3418.96,45.6615
3419.62,42.5457
3420.29,43.2878
3420.95,46.1225
3421.62,45.1883
3422.28,42.984
3422.95,39.2681
3423.61,33.7398
3424.28,23.9047
3424.94,15.2111
3425.61,8.85439
3426.27,11.0215
3426.94,23.9699
3427.60,29.4324
3428.27,25.5974
3428.93,20.3909
3429.60,23.0584
3430.26,29.0154
3430.93,27.2007
3431.59,26.1697
3432.26,35.9633
3432.92,42.6834
3433.59,41.4549
3434.25,37.3507
3434.92,27.8271
3435.58,24.4629
3436.25,27.5944
3436.91,30.2409
3437.58,29.8908
3438.24,33.5476
3438.91,41.4031
3439.57,43.3839
3440.24,42.5103
3440.90,40.0364
3441.57,35.0717
3442.23,32.6638
3442.90,29.7202
3443.56,31.2072
3444.23,31.5344
3444.89,23.7511
3445.56,11.728
3446.22,6.85521
3446.89,9.25094
3447.55,9.42101
3448.22,7.71907
3448.88,12.5558
3449.55,20.0597
3450.21,27.4839
3450.88,27.4406
3451.54,29.4891
3452.21,34.8108
3452.87,32.9386
3453.54,28.8807
3454.20,29.7576
3454.87,28.9427
3455.53,26.4469
3456.20,34.501
3456.86,35.5455
3457.53,41.1541
3458.19,44.3928
3458.86,43.3754
3459.52,40.4349
3460.19,40.6901
3460.85,33.8394
3461.52,20.9404
3462.18,18.354
3462.85,18.5741
3463.51,17.3237
3464.18,15.8226
3464.84,10.0302
3465.51,6.45845
3466.17,6.04944
3466.84,9.41491
3467.50,11.9013
3468.17,14.9105
3468.83,23.1235
3469.50,29.917
3470.16,32.4171
3470.83,30.2387
3471.49,26.3987
3472.16,27.4635
3472.82,23.6033
3473.49,14.3449
3474.15,8.58312
3474.82,8.81516
3475.48,10.2372
3476.15,14.4452
3476.81,14.7663
3477.48,13.3374
3478.14,20.1853
3478.81,28.3931
3479.47,31.8507
3480.14,29.8425
3480.80,29.8598
3481.47,35.1345
3482.13,37.0136
3482.80,31.9716
3483.46,29.1785
3484.13,28.56
3484.79,22.5873
3485.46,11.2454
3486.12,7.57798
3486.79,8.02904
3487.45,5.9819
3488.12,6.8166
3488.78,7.00254
3489.45,10.212
3490.11,16.6143
3490.78,25.153
3491.44,32.3242
3492.11,29.4183
3492.77,19.0297
3493.44,14.1276
3494.10,13.7502
3494.77,16.527
3495.43,26.1933
3496.10,28.0905
3496.76,20.4154
3497.43,16.4589
3498.09,12.7582
3498.76,8.66283
3499.42,7.95132
3500.09,7.75214
3500.75,11.8536
3501.42,17.9219
3502.08,19.2363
3502.75,13.4176
3503.41,7.08404
3504.08,10.539
3504.74,19.583
3505.41,23.8321
3506.07,26.236
3506.74,25.5758
3507.40,18.5975
3508.07,18.8319
3508.73,19.2721
3509.40,12.0153
3510.06,10.2669
3510.73,9.08668
3511.39,5.25201
3512.06,6.41014
3512.72,11.5642
3513.39,14.4437
3514.05,14.9574
3514.72,19.5178
3515.38,30.4529
3516.05,36.768
3516.71,37.2315
3517.38,38.9023
3518.04,40.9323
3518.71,37.9164
3519.37,31.5494
3520.04,23.242
3520.70,21.1038
3521.37,27.0118
3522.03,38.7454
3522.70,43.095
3523.36,41.3537
3524.03,38.4139
3524.69,38.1885
3525.36,31.3504
3526.02,20.7599
3526.69,14.4311
3527.35,16.7963
3528.02,22.7932
3528.68,21.5988
3529.35,22.4849
3530.01,19.1192
3530.68,11.1101
3531.34,8.40906
3532.01,11.0827
3532.67,11.3076
3533.34,11.6249
3534.00,13.1739
3534.67,10.911
3535.33,6.72636
3536.00,6.78127
3536.66,11.5264
3537.33,16.0172
3537.99,15.872
3538.66,10.4989
3539.32,7.05087
3539.99,9.66217
3540.65,11.6531
3541.32,12.6999
3541.98,16.5801
3542.65,18.1151
3543.31,20.8955
3543.98,26.1105
3544.64,23.6103
3545.31,12.4306
3545.97,6.77936
3546.64,8.90389
3547.30,9.95515
3547.97,7.96876
3548.63,10.8807
3549.30,15.6916
3549.96,16.8351
3550.63,17.7877
3551.29,18.0659
3551.96,25.7207
3552.62,28.7066
3553.29,20.613
3553.95,10.8935
3554.62,11.9784
3555.28,15.7628
3555.95,18.3302
3556.61,22.8626
3557.28,24.4
3557.94,22.1871
3558.61,22.2221
3559.27,20.7812
3559.94,17.2311
3560.60,25.4389
3561.27,32.4282
3561.93,34.1477
3562.60,36.1601
3563.26,28.7394
3563.93,14.7862
3564.59,7.01752
3565.26,8.39203
3565.92,11.0697
3566.59,10.7958
3567.25,12.6591
3567.92,24.0321
3568.58,35.4506
3569.25,39.8352
3569.91,40.1509
3570.58,35.6433
3571.24,28.8249
3571.91,23.8035
3572.57,23.8997
3573.24,30.4756
3573.90,35.1304
3574.57,29.4937
3575.23,23.2645
3575.90,27.796
3576.56,32.3286
3577.23,30.8624
3577.89,33.2982
3578.56,36.953
3579.22,31.2646
3579.89,24.4382
3580.55,16.956
3581.22,9.62716
3581.88,13.6522
3582.55,23.181
3583.21,30.4326
3583.88,32.7391
3584.54,31.5168
3585.21,22.591
3585.87,11.2356
3586.54,9.9873
3587.20,11.336
3587.87,16.5183
3588.53,26.3531
3589.20,36.9768
3589.86,42.2582
3590.53,38.087
3591.19,27.8778
3591.86,22.14
3592.52,27.3221
3593.19,36.0704
3593.85,44.339
3594.52,46.5316
3595.18,40.6653
3595.85,40.5088
3596.51,41.9779
3597.18,44.2098
3597.84,43.5047
3598.51,43.0517
3599.17,42.5682
3599.84,45.3123
3600.50,49.042
3601.17,51.6747
3601.83,51.0335
3602.50,49.2685
3603.16,47.8508
3603.83,41.2145
3604.49,27.684
3605.16,16.936
3605.82,17.0214
3606.49,13.83
3607.15,9.48627
3607.82,10.4477
3608.48,21.2445
3609.15,35.1309
3609.81,44.2366
3610.48,47.7101
3611.14,45.9876
3611.81,40.9775
3612.47,41.4169
3613.14,47.2314
3613.80,51.3983
3614.47,56.1929
3615.13,55.1683
3615.80,52.5942
3616.46,52.9434
3617.13,48.4838
3617.79,46.017
3618.46,44.8506
3619.12,46.3598
3619.79,49.0139
3620.45,54.1366
3621.12,50.9781
3621.78,51.7335
3622.45,56.0602
3623.11,52.8267
3623.78,51.3245
3624.44,48.0273
3625.11,34.1904
3625.77,21.3134
3626.44,19.7971
3627.10,17.586
3627.77,22.8924
3628.43,41.2452
3629.10,53.8016
3629.76,57.1976
3630.43,58.441
3631.09,55.3185
3631.76,52.6136
3632.42,55.3355
3633.09,58.5135
3633.75,60.7683
3634.42,59.7781
3635.08,53.2811
3635.75,47.0648
3636.41,45.3138
3637.08,49.1104
3637.74,55.2437
3638.41,55.4333
3639.07,56.2593
3639.74,57.0647
3640.40,53.3428
3641.07,52.3019
3641.73,55.4076
3642.40,59.5888
3643.06,61.7843
3643.73,58.9258
3644.39,53.7386
3645.06,47.296
3645.72,33.3446
3646.39,21.8438
3647.05,19.0251
3647.72,26.2709
3648.38,43.0364
3649.05,55.2189
3649.71,59.811
3650.38,60.5194
3651.04,58.6617
3651.71,59.4995
3652.37,61.8118
3653.04,62.5946
3653.70,64.028
3654.37,63.2817
3655.03,62.986
3655.70,62.5964
3656.36,61.3628
3657.03,59.3161
3657.69,55.5771
3658.36,50.683
3659.02,47.0191
3659.69,53.9862
3660.35,61.5216
3661.02,62.6326
3661.68,61.8928
3662.35,61.0046
3663.01,55.6522
3663.68,49.0198
3664.34,54.5921
3665.01,60.0244
3665.67,60.252
3666.34,54.1199
3667.00,38.4535
3667.67,38.6028
3668.33,51.1951
3669.00,56.2877
3669.66,60.449
3670.33,61.8478
3670.99,62.4209
3671.66,63.6871
3672.32,63.9699
3672.99,64.7327
3673.65,64.4777
3674.32,60.914
3674.98,59.3787
3675.65,60.5466
3676.31,62.245
3676.98,62.1145
3677.64,58.9028
3678.31,55.8154
3678.97,54.3061
3679.64,54.8216
3680.30,57.1324
3680.97,60.5793
3681.63,59.5938
3682.30,52.9104
3682.96,43.3135
3683.63,41.1879
3684.29,51.6153
3684.96,58.4504
3685.62,56.6768
3686.29,45.7318
3686.95,34.2728
3687.62,34.4013
3688.28,36.5582
3688.95,42.5991
3689.61,51.8604
3690.28,50.9011
3690.94,39.8325
3691.61,39.4903
3692.27,51.9524
3692.94,58.4956
3693.60,60.0719
3694.27,60.6395
3694.93,60.4023
3695.60,60.5645
3696.26,57.0123
3696.93,45.6546
3697.59,45.3582
3698.26,54.7542
3698.92,57.0075
3699.59,56.5317
3700.25,58.3312
3700.92,61.6269
3701.58,62.1944
3702.25,62.3245
3702.91,60.0095
3703.58,55.1773
3704.24,55.1078
3704.91,58.3909
3705.57,59.0732
3706.24,56.553
3706.90,53.2586
3707.57,52.6749
3708.23,48.8197
3708.90,42.6736
3709.56,48.3994
3710.23,51.8149
3710.89,42.1048
3711.56,31.1818
3712.22,35.64
3712.89,37.6267
3713.55,28.9938
3714.22,28.8027
3714.88,25.8541
3715.55,21.2659
3716.21,30.3892
3716.88,44.1671
3717.54,50.727
3718.21,52.8809
3718.87,53.4911
3719.54,55.3295
3720.20,58.5059
3720.87,58.7861
3721.53,57.6715
3722.20,58.5125
3722.86,59.0175
3723.53,56.2423
3724.19,52.6818
3724.86,52.7806
3725.52,52.9597
3726.19,46.252
3726.85,44.7668
3727.52,47.5725
3728.18,52.1313
3728.85,55.252
3729.51,52.4715
3730.18,45.7812
3730.84,47.0012
3731.51,49.3654
3732.17,45.0381
3732.84,32.1535
3733.50,22.5161
3734.17,32.926
3734.83,44.4352
3735.50,42.1742
3736.16,35.8516
3736.83,31.8943
3737.49,24.9932
3738.16,26.1798
3738.82,25.5612
3739.49,22.8684
3740.15,32.9659
3740.82,43.5325
3741.48,46.4213
3742.15,44.096
3742.81,43.2655
3743.48,45.2485
3744.14,46.356
3744.81,43.0223
3745.47,46.233
3746.14,51.1787
3746.80,53.8962
3747.47,54.4504
3748.13,51.7982
3748.80,44.6669
3749.46,38.0793
3750.13,36.7723
3750.79,41.1943
3751.46,34.9576
3752.12,21.8399
3752.79,22.1442
3753.45,31.9648
3754.12,34.0571
3754.78,37.1118
3755.45,46.0352
3756.11,45.9456
3756.78,47.2208
3757.44,52.2808
3758.11,51.4479
3758.77,47.0169
3759.44,43.9667
3760.10,44.6899
3760.77,42.4409
3761.43,35.9087
3762.10,29.2668
3762.76,33.2702
3763.43,38.6136
3764.09,30.3285
3764.76,18.6536
3765.42,15.4957
3766.09,21.5234
3766.75,27.3995
3767.42,33.3453
3768.08,40.2165
3768.75,45.4726
3769.41,42.1203
3770.08,28.7673
3770.74,18.8771
3771.41,18.191
3772.07,20.5448
3772.74,30.8619
3773.40,39.3538
3774.07,36.0358
3774.73,33.4523
3775.40,40.5612
3776.06,41.9276
3776.73,31.1283
3777.39,28.874
3778.06,37.3853
3778.72,34.3711
3779.39,24.9897
3780.05,27.6271
3780.72,31.6334
3781.38,35.8008
3782.05,45.0269
3782.71,46.734
3783.38,41.6427
3784.04,40.209
3784.71,41.8944
3785.37,41.8532
3786.04,44.2523
3786.70,44.2527
3787.37,40.6684
3788.03,33.4676
3788.70,20.2235
3789.36,16.1592
3790.03,22.7116
3790.69,24.083
3791.36,29.2877
3792.02,37.6067
3792.69,38.9796
3793.35,37.3343
3794.02,29.8214
3794.68,28.1968
3795.35,35.3874
3796.01,36.5076
3796.68,31.1658
3797.34,19.4946
3798.01,13.799
3798.67,23.1166
3799.34,32.0994
3800.00,33.1008
3800.67,34.7544
3801.33,37.259
3802.00,40.6799
3802.66,41.5885
3803.33,33.7411
3803.99,22.5761
3804.66,24.6559
3805.32,30.813
3805.99,38.2843
3806.65,44.6212
3807.32,42.7369
3807.98,34.7154
3808.65,36.0887
3809.31,43.0833
3809.98,45.9402
3810.64,41.3068
3811.31,36.7291
3811.97,27.3532
3812.64,22.6747
3813.30,30.6373
3813.97,42.7652
3814.63,48.0464
3815.30,47.0218
3815.96,44.0325
3816.63,35.5743
3817.29,25.5333
3817.96,24.5661
3818.62,18.5696
3819.29,15.5437
3819.95,23.2733
3820.62,35.0008
3821.28,42.2001
3821.95,43.9367
3822.61,42.9184
3823.28,36.2303
3823.94,22.2235
3824.61,14.8454
3825.27,15.9264
3825.94,25.6768
3826.60,36.7689
3827.27,43.3817
3827.93,46.9043
3828.60,47.5767
3829.26,47.9787
3829.93,43.3689
3830.59,33.3155
3831.26,24.0607
3831.92,20.9177
3832.59,22.8655
3833.25,33.9942
3833.92,35.1912
3834.58,27.9949
3835.25,28.2209
3835.91,37.1449
3836.58,43.2729
3837.24,38.8418
3837.91,32.1384
3838.57,32.0353
3839.24,24.2161
3839.90,14.4336
3840.57,15.5132
3841.23,22.0028
3841.90,22.8633
3842.56,22.2704
3843.23,18.5729
3843.89,24.7749
3844.56,32.8917
3845.22,30.189
3845.89,22.6924
3846.55,19.585
3847.22,23.6491
3847.88,30.3326
3848.55,35.6103
3849.21,42.653
3849.88,43.9742
3850.54,44.1037
3851.21,45.9153
3851.87,48.7895
3852.54,49.3739
3853.20,49.0404
3853.87,46.9858
3854.53,45.0295
3855.20,40.8807
3855.86,36.3539
3856.53,39.2729
3857.19,45.4636
3857.86,48.3005
3858.52,50.3434
3859.19,49.5432
3859.85,48.3909
3860.52,47.3705
3861.18,44.0161
3861.85,39.0897
3862.51,26.3995
3863.18,17.9578
3863.84,27.3377
3864.51,38.8074
3865.17,38.6589
3865.84,31.188
3866.50,30.4471
3867.17,31.5077
3867.83,28.8402
3868.50,24.0917
3869.16,25.2398
3869.83,29.1306
3870.49,26.02
3871.16,27.0277
3871.82,29.6586
3872.49,21.0966
3873.15,23.1874
3873.82,33.7607
3874.48,40.529
3875.15,46.2662
3875.81,47.6799
3876.48,43.3028
3877.14,35.0921
3877.81,30.4241
3878.47,29.5579
3879.14,33.9893
3879.80,41.0791
3880.47,46.6191
3881.13,45.7071
3881.80,39.3076
3882.46,36.1169
3883.13,40.9789
3883.79,47.765
3884.46,50.2063
3885.12,46.9846
3885.79,41.2153
3886.45,40.3925
3887.12,44.8785
3887.78,47.0009
3888.45,47.3811
3889.11,41.4688
3889.78,31.5474
3890.44,24.3402
3891.11,25.245
3891.77,34.6204
3892.44,37.5295
3893.10,36.2111
3893.77,29.5717
3894.43,32.2625
3895.10,43.587
3895.76,47.5445
3896.43,47.2481
3897.09,46.7683
3897.76,47.9191
3898.42,49.6347
3899.09,50.9773
3899.75,51.0949
3900.42,47.9484
3901.08,40.6942
3901.75,40.5931
3902.41,36.6617
3903.08,26.7109
3903.74,29.0927
3904.41,38.5079
3905.07,39.7857
3905.74,33.3881
3906.40,32.7669
3907.07,42.8978
3907.73,47.1736
3908.40,44.3963
3909.06,37.612
3909.73,23.9961
3910.39,16.2207
3911.06,24.9421
3911.72,37.3375
3912.39,43.3935
3913.05,46.3706
3913.72,50.0874
3914.38,52.042
3915.05,48.3233
3915.71,47.2002
3916.38,49.5674
3917.04,52.9458
3917.71,52.9984
3918.37,51.545
3919.04,50.5582
3919.70,50.4541
3920.37,49.4195
3921.03,46.4726
3921.70,46.353
3922.36,46.684
3923.03,50.1396
3923.69,51.0204
3924.36,45.9783
3925.02,36.5412
3925.69,34.7242
3926.35,33.5653
3927.02,30.2933
3927.68,33.3589
3928.35,33.9385
3929.01,39.4638
3929.68,46.8966
3930.34,43.9144
3931.01,42.7652
3931.67,47.4379
3932.34,49.7779
3933.00,51.545
3933.67,51.0662
3934.33,48.0431
3935.00,47.2113
3935.66,47.3918
3936.33,50.2554
3936.99,51.7885
3937.66,49.8756
3938.32,49.8373
3938.99,50.1568
3939.65,51.0635
3940.32,49.5091
3940.98,42.8069
3941.65,32.019
3942.31,27.864
3942.98,36.1886
3943.64,45.7299
3944.31,50.5346
3944.97,52.2023
3945.64,52.9794
3946.30,53.3126
3946.97,50.4805
3947.63,47.1989
3948.30,48.4044
3948.96,50.8472
3949.63,51.5876
3950.29,51.0824
3950.96,51.0937
3951.62,48.1636
3952.29,46.2484
3952.95,53.4663
3953.62,45.5452
3954.28,36.5378
3954.95,42.1459
3955.61,48.2971
3956.28,49.7037
3956.94,51.2947
3957.61,51.4851
3958.27,46.8738
3958.94,44.7991
3959.60,49.3795
3960.27,53.3508
3960.93,54.4457
3961.60,53.851
3962.26,52.7505
3962.93,52.7109
3963.59,53.5638
3964.26,54.2165
3964.92,53.282
3965.59,50.7542
3966.25,51.1961
3966.92,53.8314
3967.58,53.3255
3968.25,50.0813
3968.91,50.4806
3969.58,52.3288
3970.24,54.5981
3970.91,57.1248
3971.57,55.3697
3972.24,52.466
3972.90,51.6887
3973.57,48.2083
3974.23,41.9247
3974.90,32.2757
3975.56,32.2272
3976.23,42.2291
3976.89,47.3779
3977.56,49.6395
3978.22,48.4161
3978.89,44.7135
3979.55,39.0368
3980.22,36.7895
3980.88,38.5031
3981.55,37.7477
3982.21,45.6461
3982.88,50.8558
3983.54,50.7632
3984.21,51.5186
3984.87,54.1623
3985.54,57.6176
3986.20,56.4588
3986.87,55.5588
3987.53,55.282
3988.20,51.7463
3988.86,51.8173
3989.53,53.3303
3990.19,53.163
3990.86,52.9901
3991.52,51.9707
3992.19,50.9529
3992.85,50.5256
3993.52,53.1965
3994.18,53.9297
3994.85,52.0742
3995.51,50.2418
3996.18,50.4703
3996.84,52.5293
3997.51,53.5697
3998.17,53.4597
3998.84,51.4185
3999.50,49.4476
4000.17,49.2761
4000.83,49.0897
4001.50,48.5541
4002.16,49.8435
4002.83,53.1419
4003.49,52.9577
4004.16,52.9486
4004.82,52.745
4005.49,50.8087
4006.15,49.6505
4006.82,47.0505
4007.48,43.5248
4008.15,39.8088
4008.81,37.5007
4009.48,38.9928
4010.14,43.5896
4010.81,49.1303
4011.47,50.9459
4012.14,53.1515
4012.80,53.3812
4013.47,54.8009
4014.13,50.8874
4014.80,48.2299
4015.46,54.9664
4016.13,55.424
4016.79,56.3768
4017.46,56.7385
4018.12,58.4197
4018.79,70.1531
4019.45,70.3959
4020.12,69.8457
4020.78,72.3551
4021.45,76.497
4022.11,91.5147
4022.78,90.3275
4023.44,90.5797
4024.11,90.8135
4024.77,99.2382
4025.44,102.812
4026.10,101.765
4026.77,100.461
4027.43,102.249
4028.10,108.307
4028.76,112.102
4029.43,111.41
4030.09,111.008
4030.76,110.807
4031.42,110.303
4032.09,109.896
4032.75,109.332
4033.42,108.976
4034.08,107.471
4034.75,104.636
4035.41,101.208
4036.08,97.6374
4036.74,100.478
4037.41,106.892
4038.07,108.54
4038.74,110.672
4039.40,109.419
4040.07,108.732
4040.73,106.52
4041.40,100.82
4042.06,94.5565
4042.73,94.762
4043.39,100.656
4044.06,98.7659
4044.72,101.061
4045.39,108.065
4046.05,107.968
4046.72,108.025
4047.38,109.915
4048.05,110.044
4048.71,110.371
4049.38,110.769
4050.04,108.745
4050.71,106.131
4051.37,104.204
4052.04,99.4752
4052.70,101.884
4053.37,104.564
4054.03,105.462
4054.70,107.631
4055.36,107.926
4056.03,107.77
4056.69,107.369
4057.36,110.995
4058.02,110.758
4058.69,111.325
4059.35,110.055
4060.02,109.689
4060.68,111.291
4061.35,111.946
4062.01,112.263
4062.68,111.351
4063.34,110.437
4064.01,110.411
4064.67,108.083
4065.34,98.0779
4066.00,101.097
4066.67,103.028
4067.33,104.367
4068.00,92.6043
4068.66,93.6887
4069.33,95.7469
4069.99,93.8627
4070.66,93.2043
4071.32,90.1439
4071.99,97.9351
4072.65,97.3564
4073.32,99.4174
4073.98,93.9065
4074.65,100.135
4075.31,98.6398
4075.98,96.9523
4076.64,102.709
4077.31,111.983
4077.97,112.736
4078.64,113.779
4079.30,111.344
4079.97,108.869
4080.63,112.814
4081.30,112.289
4081.96,112.068
4082.63,106.285
4083.29,105.605
4083.96,105.777
4084.62,104.217
4085.29,90.5829
4085.95,137.361
4086.62,143.856
4087.28,148.461
4087.95,161.271
4088.61,360.473
4089.28,364.663
4089.94,359.43
4090.61,353.564
4097.92,4.53242
4098.59,3.75373
4099.25,3.07515
4099.92,2.60562
4100.58,2.5066
4101.25,27.5957
4101.91,25.5835
4102.58,24.4163
4103.24,22.2808
4103.91,18.473
4104.57,39.1455
4105.24,38.4576
4105.90,37.6442
4106.57,33.5296
4107.23,32.4802
4107.90,37.4847
4108.56,28.3205
4109.23,28.9554
4109.89,29.3626
4110.56,29.4184
4111.22,26.1951
4111.89,26.8219
4112.55,26.1506
4113.22,25.9058
4113.88,26.246
4114.55,26.5629
4115.21,27.1573
4115.88,25.8834
4116.54,25.4095
4117.21,25.3581
4117.87,24.3413
4118.54,25.5873
4119.20,26.4172
4119.87,24.8989
4120.53,26.3404
4121.20,27.6103
4121.86,28.2031
4122.53,28.849
4123.19,28.0623
4123.86,28.0223
4124.52,29.4243
4125.19,31.0849
4125.85,28.2892
4126.52,26.7141
4127.18,26.6341
4127.85,28.091
4128.51,29.8837
4129.18,30.79
4129.84,29.1366
4130.51,27.0325
4131.17,25.2128
4131.84,26.8426
4132.50,29.8743
4133.17,32.1465
4133.83,32.7692
4134.50,33.1077
4135.16,31.7264
4135.83,31.202
4136.49,28.8333
4137.16,30.2976
4137.82,32.1798
4138.49,31.9323
4139.15,31.7049
4139.82,31.3662
4140.48,29.0124
4141.15,27.0277
4141.81,23.3005
4142.48,20.6965
4143.14,22.0561
4143.81,23.642
4144.47,26.1391
4145.14,26.7604
4145.80,25.1184
4146.47,24.4901
4147.13,23.2528
4147.80,21.5886
4148.46,21.9848
4149.13,23.4901
4149.79,24.5359
4150.46,23.7478
4151.12,22.3198
4151.79,22.1081
4152.45,22.8516
4153.12,22.4739
4153.78,21.5293
4154.45,21.6776
4155.11,23.031
4155.78,25.7679
4156.44,27.6587
4157.11,28.1161
4157.77,26.9859
4158.44,22.3618
4159.10,23.6527
4159.77,29.7875
4160.43,34.2294
4161.10,35.9386
4161.76,35.8723
4162.43,33.9189
4163.09,31.618
4163.76,36.8396
4164.42,39.6026
4165.09,41.6441
4165.75,43.0514
4166.42,47.1788
4167.08,48.8179
4167.75,46.6698
4168.41,43.6854
4169.08,38.2609
4169.74,33.9932
4170.41,31.5452
4171.07,33.6163
4171.74,36.6728
4172.40,40.1123
4173.07,43.8686
4173.73,41.2479
4174.40,38.1231
4175.06,38.1553
4175.73,41.3302
4176.39,42.282
4177.06,42.1261
4177.72,41.1877
4178.39,42.6324
4179.05,43.9188
4179.72,46.4137
4180.38,45.8
4181.05,40.4009
4181.71,42.3274
4182.38,38.8797
4183.04,39.4989
4183.71,39.5112
4184.37,42.9945
4185.04,44.9731
4185.70,45.3565
4186.37,46.6305
4187.03,48.5163
4187.70,51.8945
4188.36,52.9952
4189.03,49.7824
4189.69,48.6824
4190.36,51.1925
4191.02,49.4652
4191.69,46.7324
4192.35,47.2234
4193.02,49.1469
4193.68,51.9876
4194.35,53.1199
4195.01,52.6518
4195.68,51.6513
4196.34,48.6906
4197.01,47.8139
4197.67,47.2164
4198.34,43.6131
4199.00,45.3963
4199.67,46.4105
4200.33,46.2578
4201.00,45.6823
4201.66,47.5323
4202.33,52.9454
4202.99,59.0106
4203.66,62.4519
4204.32,55.8237
4204.99,54.571
4205.65,55.7217
4206.32,57.8079
4206.98,58.1407
4207.65,50.9137
4208.31,47.5533
4208.98,48.1351
4209.64,46.753
4210.31,44.6906
4210.97,45.2821
4211.64,44.6142
4212.30,44.6603
4212.97,46.0135
4213.63,46.3479
4214.30,47.0169
4214.96,51.6195
4215.63,58.4493
4216.29,60.5585
4216.96,60.8901
4217.62,56.4673
4218.29,52.5345
4218.95,49.819
4219.62,46.8718
4220.28,45.8152
4220.95,45.0698
4221.61,43.932
4222.28,44.0605
4222.94,43.5064
4223.61,42.7969
4224.27,42.7018
4224.94,43.16
4225.60,43.7086
4226.27,44.1593
4226.93,46.3008
4227.60,48.0926
4228.26,46.8319
4228.93,46.3193
4229.59,46.951
4230.26,49.4884
4230.92,49.7256
4231.59,48.0001
4232.25,46.2889
4232.92,45.8992
4233.58,43.9909
4234.25,45.6227
4234.91,46.0169
4235.58,44.3004
4236.24,43.1582
4236.91,42.9437
4237.57,44.22
4238.24,42.7713
4238.90,44.5843
4239.57,47.0254
4240.23,46.7113
4240.90,48.008
4241.56,51.8135
4242.23,55.0529
4242.89,52.7421
4243.56,50.207
4244.22,52.192
4244.89,52.0322
4245.55,46.8252
4246.22,45.1267
4246.88,45.024
4247.55,45.1485
4248.21,43.0487
4248.88,41.4822
4249.54,41.8583
4250.21,43.2419
4250.87,41.9616
4251.54,41.3924
4252.20,43.3074
4252.87,44.9611
4253.53,45.7475
4254.20,46.612
4254.86,46.8366
4255.53,46.6883
4256.19,47.8928
4256.86,48.345
4257.52,48.8573
4258.19,49.2483
4258.85,45.9662
4259.52,43.654
4260.18,43.032
4260.85,42.336
4261.51,41.1766
4262.18,40.396
4262.84,40.1416
4263.51,42.0883
4264.17,42.2377
4264.84,43.7176
4265.50,47.1296
4266.17,47.4772
4266.83,48.8823
4267.50,50.0816
4268.16,52.8837
4268.83,52.9944
4269.49,53.1552
4270.16,52.9596
4270.82,52.874
4271.49,53.1741
4272.15,49.3406
4272.82,45.0501
4273.48,42.3748
4274.15,44.9102
4274.81,44.9689
4275.48,39.386
4276.14,38.6808
4276.81,41.7376
4277.47,46.3149
4278.14,46.0822
4278.80,42.2549
4279.47,42.0573
4280.13,43.1786
4280.80,45.4366
4281.46,44.949
4282.13,44.4619
4282.79,44.881
4283.46,47.7536
4284.12,50.1504
4284.79,47.9612
4285.45,46.9727
4286.12,47.7498
4286.78,48.1619
4287.45,47.6049
4288.11,44.582
4288.78,40.3304
4289.44,39.0029
4290.11,42.2163
4290.77,46.0711
4291.44,47.0274
4292.10,48.4137
4292.77,51.2655
4293.43,54.9204
4294.10,56.7755
4294.76,55.8043
4295.43,53.6333
4296.09,56.8178
4296.76,60.3179
4297.42,61.0245
4298.09,61.5208
4298.75,60.5237
4299.42,60.7319
4300.08,59.9056
4300.75,58.4942
4301.41,52.8638
4302.08,44.3817
4302.74,41.1039
4303.41,41.2574
4304.07,43.1653
4304.74,46.1373
4305.40,46.8335
4306.07,46.3073
4306.73,42.6066
4307.40,40.745
4308.06,41.3363
4308.73,41.2026
4309.39,43.2584
4310.06,43.8391
4310.72,43.8635
4311.39,45.0008
4312.05,45.0949
4312.72,44.5675
4313.38,44.0975
4314.05,42.4629
4314.71,42.0307
4315.38,40.1094
4316.04,38.7486
4316.71,35.6963
4317.37,33.7869
4318.04,34.5821
4318.70,37.2522
4319.37,39.4574
4320.03,39.0386
4320.70,40.4391
4321.36,39.2075
4322.03,39.4191
4322.69,41.5161
4323.36,42.2809
4324.02,42.1096
4324.69,42.9653
4325.35,44.3232
4326.02,47.5063
4326.68,50.1268
4327.35,50.2326
4328.01,48.8861
4328.68,49.1625
4329.34,49.6692
4330.01,48.6812
4330.67,43.8261
4331.34,40.3519
4332.00,40.041
4332.67,43.7595
4333.33,48.5899
4334.00,52.8336
4334.66,53.322
4335.33,48.3075
4335.99,42.4501
4336.66,41.6338
4337.32,42.4451
4337.99,43.3204
4338.65,44.376
4339.32,48.0232
4339.98,50.2733
4340.65,48.219
4341.31,50.5328
4341.98,53.5884
4342.64,52.031
4343.31,49.4084
4343.97,48.1851
4344.64,44.6031
4345.30,41.819
4345.97,38.5392
4346.63,37.5694
4347.30,38.5005
4347.96,40.8461
4348.63,46.4043
4349.29,62.7734
4349.96,70.913
4350.62,52.979
4351.29,45.6207
4351.95,47.721
4352.62,52.7796
4353.28,50.8541
4353.95,47.3364
4354.61,52.9298
4355.28,64.7862
4355.94,66.3828
4356.61,59.2986
4357.27,53.9696
4357.94,51.993
4358.60,48.6606
4359.27,44.2839
4359.93,41.4567
4360.60,38.3182
4361.26,36.7758
4361.93,35.8519
4362.59,37.8808
4363.26,39.1289
4363.92,38.8758
4364.59,39.0231
4365.25,39.4749
4365.92,40.1204
4366.58,40.6712
4367.25,40.9263
4367.91,41.4138
4368.58,42.1835
4369.24,45.5576
4369.91,44.2612
4370.57,42.2114
4371.24,43.5958
4371.90,45.3714
4372.57,45.2605
4373.23,44.5194
4373.90,40.1824
4374.56,38.0824
4375.23,37.6173
4375.89,36.9701
4376.56,37.3021
4377.22,36.8103
4377.89,36.2417
4378.55,37.5189
4379.22,39.1595
4379.88,39.2044
4380.55,40.2187
4381.21,43.7302
4381.88,44.6066
4382.54,44.6918
4383.21,45.777
4383.87,46.7923
4384.54,45.3117
4385.20,42.8152
4385.87,39.2383
4386.53,38.917
4387.20,41.1658
4387.86,44.1889
4388.53,46.4758
4389.19,43.9988
4389.86,38.7593
4390.52,38.0857
4391.19,37.3296
4391.85,37.6976
4392.52,36.4355
4393.18,35.274
4393.85,35.3193
4394.51,37.2607
4395.18,39.1905
4395.84,39.21
4396.51,38.4268
4397.17,38.9049
4397.84,38.6372
4398.50,37.4332
4399.17,36.8164
4399.83,37.8636
4400.50,40.7114
4401.16,43.977
4401.83,45.4895
4402.49,46.1
4403.16,46.315
4403.82,45.7613
4404.49,43.7265
4405.15,41.4481
4405.82,39.7488
4406.48,38.4851
4407.15,36.5397
4407.81,35.0821
4408.48,34.3378
4409.14,34.6906
4409.81,35.4263
4410.47,35.8098
4411.14,35.471
4411.80,35.7868
4412.47,36.2496
4413.13,36.1399
4413.80,37.0274
4414.46,38.3857
4415.13,40.4834
4415.79,43.8086
4416.46,44.2503
4417.12,44.7059
4417.79,44.6899
4418.45,44.4346
4419.12,44.1275
4419.78,45.0427
4420.45,43.0389
4421.11,40.1781
4421.78,39.1067
4422.44,38.9574
4423.11,38.4113
4423.77,37.2826
4424.44,37.034
4425.10,35.3156
4425.77,34.3177
4426.43,35.2755
4427.10,35.7077
4427.76,37.2874
4428.43,36.8363
4429.09,36.9254
4429.76,36.1569
4430.42,37.4826
4431.09,40.3936
4431.75,40.7607
4432.42,39.9721
4433.08,40.9771
4433.75,42.1281
4434.41,41.1296
4435.08,39.9711
4435.74,38.9398
4436.41,37.2277
4437.07,37.2908
4437.74,37.6991
4438.40,36.7345
4439.07,34.9492
4439.73,33.8116
4440.40,33.1371
4441.06,34.0294
4441.73,36.3373
4442.39,38.0732
4443.06,36.9371
4443.72,37.634
4444.39,37.3081
4445.05,37.9949
4445.72,37.289
4446.38,37.041
4447.05,38.2296
4447.71,38.7573
4448.38,39.8468
4449.04,39.0139
4449.71,36.7405
4450.37,36.491
4451.04,37.7938
4451.70,37.5593
4452.37,35.4649
4453.03,32.7303
4453.70,30.9104
4454.36,30.3711
4455.03,31.7001
4455.69,35.038
4456.36,36.7723
4457.02,35.8443
4457.69,34.3067
4458.35,36.3789
4459.02,37.2026
4459.68,38.1673
4460.35,36.7565
4461.01,37.0311
4461.68,37.1368
4462.34,38.5098
4463.01,38.49
4463.67,37.4243
4464.34,35.9757
4465.00,35.034
4465.67,33.7136
4466.33,33.4903
4467.00,33.427
4467.66,32.1035
4468.33,29.0661
4468.99,27.1029
4469.66,31.6351
4470.32,31.6207
4470.99,31.6432
4471.65,33.9445
4472.32,34.4537
4472.98,35.7003
4473.65,35.1029
4474.31,35.5985
4474.98,36.2737
4475.64,35.4384
4476.31,35.3032
4476.97,35.5181
4477.64,34.3058
4478.30,36.2455
4478.97,38.5074
4479.63,36.7862
4480.30,35.4054
4480.96,33.8209
4481.63,34.5736
4482.29,33.2632
4482.96,27.9763
4483.62,26.7064
4484.29,30.003
4484.95,32.5604
4485.62,32.6656
4486.28,34.1565
4486.95,35.2599
4487.61,36.8392
4488.28,34.9884
4488.94,32.883
4489.61,34.3969
4490.27,36.5598
4490.94,36.7293
4491.60,37.8312
4492.27,37.3476
4492.93,35.8809
4493.60,36.6217
4494.26,36.6694
4494.93,34.9935
4495.59,35.3519
4496.26,37.9229
4496.92,36.6506
4497.59,33.0979
4498.25,28.3768
4498.92,27.3622
4499.58,32.6046
4500.25,34.6379
4500.91,34.6985
4501.58,36.4051
4502.24,35.2619
4502.91,35.8914
4503.57,35.2707
4504.24,35.9563
4504.90,35.3254
4505.57,35.3626
4506.23,35.2805
4506.90,36.8567
4507.56,40.111
4508.23,47.1428
4508.89,45.6362
4509.56,48.8823
4510.22,42.3693
4510.89,35.6128
4511.55,34.6778
4512.22,34.6309
4512.88,33.6157
4513.55,28.8566
4514.21,27.4716
4514.88,32.1121
4515.54,34.4496
4516.21,34.1798
4516.87,34.3631
4517.54,35.2946
4518.20,36.5048
4518.87,36.4447
4519.53,36.0445
4520.20,37.247
4520.86,37.8426
4521.53,37.5697
4522.19,38.0618
4522.86,37.5976
4523.52,38.4403
4524.19,36.0263
4524.85,34.7471
4525.52,37.2711
4526.18,36.3686
4526.85,34.0391
4527.51,33.0042
4528.18,32.7649
4528.84,32.4415
4529.51,30.7531
4530.17,31.975
4530.84,33.5366
4531.50,34.9145
4532.17,38.0848
4532.83,37.5693
4533.50,36.5729
4534.16,36.0353
4534.83,34.9415
4535.49,35.0301
4536.16,35.2868
4536.82,35.9833
4537.49,35.5302
4538.15,36.6088
4538.82,40.5035
4539.48,37.5095
4540.15,34.0214
4540.81,33.4598
4541.48,32.8306
4542.14,32.0878
4542.81,32.9705
4543.47,33.9613
4544.14,31.7372
4544.80,31.9022
4545.47,29.8772
4546.13,24.2048
4546.80,23.7534
4547.46,27.3181
4548.13,29.1767
4548.79,31.7182
4549.46,32.4346
4550.12,32.5001
4550.79,33.1876
4551.45,36.1555
4552.12,43.9164
4552.78,42.5429
4553.45,35.7404
4554.11,34.1481
4554.78,35.0744
4555.44,36.1526
4556.11,35.6316
4556.77,33.6979
4557.44,34.5754
4558.10,38.4109
4558.77,47.6504
4559.43,48.9276
4560.10,39.0377
4560.76,34.3324
4561.43,32.8673
4562.09,32.2734
4562.76,32.7247
4563.42,34.1544
4564.09,35.8018
4564.75,37.2219
4565.42,44.0258
4566.08,53.0946
4566.75,43.0654
4567.41,33.8595
4568.08,34.1673
4568.74,36.6934
4569.41,35.9538
4570.07,36.9141
4570.74,36.3944
4571.40,36.8932
4572.07,39.4479
4572.73,51.6699
4573.40,58.5044
4574.06,43.1096
4574.73,35.8141
4575.39,34.1648
4576.06,32.891
4576.72,32.7531
4577.39,30.8882
4578.05,30.6983
4578.72,32.4707
4579.38,38.1146
4580.05,59.4845
4580.71,58.4023
4581.38,39.6566
4582.04,34.3994
4582.71,34.8241
4583.37,35.1642
4584.04,35.251
4584.70,34.7327
4585.37,34.4766
4586.03,33.3095
4586.70,41.4085
4587.36,67.6671
4588.03,61.7983
4588.69,37.4203
4589.36,31.343
4590.02,31.9692
4590.69,34.4959
4591.35,35.5996
4592.02,33.9307
4592.68,33.4774
4593.35,32.4982
4594.01,39.5032
4594.68,71.7784
4595.34,67.3115
4596.01,38.6961
4596.67,32.7751
4597.34,33.4764
4598.00,34.3362
4598.67,33.2282
4599.33,30.7757
4600.00,30.6344
4600.66,31.8856
4601.33,38.5569
4601.99,75.5772
4602.66,83.2088
4603.32,44.0679
4603.99,30.5554
4604.65,29.9267
4605.32,31.8577
4605.98,32.0377
4606.65,32.1809
4607.31,30.748
4607.98,29.1446
4608.64,33.913
4609.31,66.2998
4609.97,101.19
4610.64,62.3819
4611.30,31.8018
4611.97,29.5537
4612.63,30.3618
4613.30,31.3754
4613.96,31.6061
4614.63,30.9216
4615.29,31.1643
4615.96,34.6149
4616.62,49.178
4617.29,102.137
4617.95,101.513
4618.62,49.689
4619.28,33.3213
4619.95,31.3968
4620.61,30.7145
4621.28,31.2719
4621.94,32.9396
4622.61,34.7344
4623.27,35.3149
4623.94,38.2178
4624.60,71.5233
4625.27,126.017
4625.93,92.6858
4626.60,45.5142
4627.26,33.2949
4627.93,30.0832
4628.59,29.4868
4629.26,33.0077
4629.92,36.9119
4630.59,36.567
4631.25,34.7777
4631.92,43.0923
4632.58,93.0346
4633.25,138.9
4633.91,90.7247
4634.58,46.9169
4635.24,36.2684
4635.91,33.818
4636.57,36.7828
4637.24,42.4634
4637.90,41.6448
4638.57,36.6138
4639.23,36.4104
4639.90,49.5055
4640.56,99.3015
4641.23,146.235
4641.89,93.9255
4642.56,47.0331
4643.22,38.7451
4643.89,39.5199
4644.55,49.5983
4645.22,45.5077
4645.88,35.6845
4646.55,35.8701
4647.21,38.651
4647.88,46.8456
4648.54,91.2276
4649.21,148.097
4649.87,105.216
4650.54,52.3492
4651.20,42.8692
4651.87,53.4568
4652.53,52.2846
4653.20,38.5865
4653.86,35.7501
4654.53,36.3679
4655.19,37.9611
4655.86,42.7836
4656.52,69.314
4657.19,130.869
4657.85,117.431
4658.52,61.4695
4659.18,55.3148
4659.85,63.7174
4660.51,46.9976
4661.18,37.7346
4661.84,38.1393
4662.51,37.0662
4663.17,36.394
4663.84,37.0103
4664.50,37.0123
4665.17,35.445
4665.83,35.9424
4666.50,43.8987
4667.16,68.988
4667.83,67.8493
4668.49,43.6906
4669.16,41.4224
4669.82,42.1918
4670.49,42.2185
4671.15,43.6057
4671.82,42.3156
4672.48,44.6196
4673.15,70.8156
4673.81,140.698
4674.48,153.546
4675.14,118.114
4675.81,74.3735
4676.47,47.3085
4677.14,46.1861
4677.80,46.7613
4678.47,43.2965
4679.13,39.138
4679.80,39.3869
4680.46,42.2912
4681.13,53.5567
4681.79,107.74
4682.46,210.223
4683.12,203.592
4683.79,108.783
4684.45,67.9286
4685.12,62.1844
4685.78,50.5509
4686.45,42.4009
4687.11,42.1972
4687.78,42.1381
4688.44,43.1268
4689.11,47.3602
4689.77,63.9475
4690.44,147.414
4691.10,254.454
4691.77,185.682
4692.43,104.193
4693.10,71.4431
4693.76,51.275
4694.43,45.7393
4695.09,42.3421
4695.76,40.4778
4696.42,40.0573
4697.09,43.9717
4697.75,50.06
4698.42,84.2199
4699.08,183.866
4699.75,264.574
4700.41,196.69
4701.08,96.7537
4701.74,60.536
4702.41,47.9391
4703.07,42.4248
4703.74,41.209
4704.40,41.405
4705.07,40.8324
4705.73,44.0691
4706.40,61.3322
4707.06,119.774
4707.73,163.461
4708.39,222.415
4709.06,210.273
4709.72,103.89
4710.39,57.9893
4711.05,46.3891
4711.72,41.737
4712.38,39.7958
4713.05,39.228
4713.71,42.3608
4714.38,62.3243
4715.04,96.2848
4715.71,100.587
4716.37,100.836
4717.04,168.351
4717.70,225.529
4718.37,136.818
4719.03,63.7921
4719.70,45.9235
4720.36,41.9039
4721.03,42.161
4721.69,50.7279
4722.36,81.6529
4723.02,84.0678
4723.69,67.6293
4724.35,59.7676
4725.02,52.8067
4725.68,87.5049
4726.35,187.916
4727.01,190.424
4727.68,90.9636
4728.34,51.9351
4729.01,45.2752
4729.67,64.9119
4730.34,99.9524
4731.00,89.0462
4731.67,77.9754
4732.33,82.0438
4733.00,71.2019
4733.66,54.124
4734.33,51.3173
4734.99,98.7051
4735.66,190.616
4736.32,153.78
4736.99,74.179
4737.65,81.1532
4738.32,114.602
4738.98,97.6123
4739.65,74.4092
4740.31,63.5529
4740.98,95.3937
4741.64,95.0699
4742.31,61.8636
4742.97,45.3434
4743.64,46.9416
4744.30,94.6785
4744.97,178.753
4745.63,168.121
4746.30,137.451
4746.96,110.523
4747.63,78.6707
4748.29,50.1752
4748.96,58.2202
4749.62,107.416
4750.29,119.852
4750.95,69.9575
4751.62,44.3704
4752.28,39.6443
4752.95,45.856
4753.61,101.098
4754.28,206.863
4754.94,182.286
4755.61,93.839
4756.27,50.6898
4756.94,42.0205
4757.60,47.8161
4758.27,90.6826
4758.93,133.642
4759.60,89.3445
4760.26,50.0502
4760.93,44.2674
4761.59,56.9197
4762.26,95.901
4762.92,127.763
4763.59,157.616
4764.25,127.903
4764.92,61.485
4765.58,42.7889
4766.25,45.4754
4766.91,67.4729
4767.58,123.868
4768.24,114.526
4768.91,61.0713
4769.57,46.6303
4770.24,45.116
4770.90,55.8539
4771.57,67.008
4772.23,55.7203
4772.90,74.199
4773.56,106.718
4774.23,72.2948
4774.89,43.7023
4775.56,45.7713
4776.22,81.6582
4776.89,121.483
4777.55,83.1534
4778.22,61.984
4778.88,95.1748
4779.55,92.7405
4780.21,54.3874
4780.88,44.8588
4781.54,43.9821
4782.21,50.1393
4782.87,79.7483
4783.54,85.9566
4784.20,54.5652
4784.87,50.5568
4785.53,84.3204
4786.20,107.461
4786.86,100.559
4787.53,148.367
4788.19,131.211
4788.86,70.9992
4789.52,49.6801
4790.19,45.9881
4790.85,44.9153
4791.52,45.9602
4792.18,53.9285
4792.85,79.8396
4793.51,71.6325
4794.18,54.747
4794.84,82.3008
4795.51,138.567
4796.17,194.87
4796.84,154.194
4797.50,71.8937
4798.17,48.9816
4798.83,46.4093
4799.50,46.387
4800.16,44.512
4800.83,44.8539
4801.49,45.1039
4802.16,51.6431
4802.82,71.3119
4803.49,73.6848
4804.15,116.11
4804.82,224.251
4805.48,180.221
4806.15,77.392
4806.81,50.3903
4807.48,45.9396
4808.14,45.8684
4808.81,44.8631
4809.47,46.5329
4810.14,46.6356
4810.80,46.4639
4811.47,46.3132
4812.13,53.595
4812.80,97.8013
4813.46,202.339
4814.13,209.923
4814.79,99.1918
4815.46,52.9109
4816.12,47.3098
4816.79,44.9833
4817.45,46.7756
4818.12,45.7519
4818.78,45.3834
4819.45,45.4567
4820.11,45.3328
4820.78,46.8645
4821.44,59.2695
4822.11,129.015
4822.77,196.503
4823.44,129.643
4824.10,71.1835
4824.77,49.4747
4825.43,46.0192
4826.10,45.8154
4826.76,45.4524
4827.43,45.3414
4828.09,44.2078
4828.76,44.9005
4829.42,46.7179
4830.09,48.2597
4830.75,74.4442
4831.42,147.418
4832.08,132.854
4832.75,69.244
4833.41,62.8872
4834.08,56.1894
4834.74,45.8126
4835.41,45.9482
4836.07,43.7081
4836.74,43.834
4837.40,44.7523
4838.07,43.7397
4838.73,45.5722
4839.40,49.4599
4840.06,86.3712
4840.73,136.693
4841.39,93.2185
4842.06,51.4207
4842.72,46.8486
4843.39,50.405
4844.05,50.0909
4844.72,45.8163
4845.38,44.9291
4846.05,44.1174
4846.71,44.0667
4847.38,43.9194
4848.04,41.9036
4848.71,48.1488
4849.37,81.766
4850.04,111.31
4850.70,74.058
4851.37,48.7385
4852.03,43.9689
4852.70,44.4174
4853.36,45.4906
4854.03,46.1042
4854.69,45.9118
4855.36,42.3642
4856.02,41.7861
4856.69,40.7189
4857.35,42.0023
4858.02,46.793
4858.68,69.9413
4859.35,87.7764
4860.01,61.4861
4860.68,45.9627
4861.34,41.6249
4862.01,41.6371
4862.67,41.2065
4863.34,40.3689
4864.00,42.3427
4864.67,41.6121
4865.33,40.4704
4866.00,40.9045
4866.66,41.4777
4867.33,43.673
4867.99,56.314
4868.66,71.5596
4869.32,57.651
4869.99,43.9579
4870.65,40.198
4871.32,39.6284
4871.98,40.028
4872.65,41.2387
4873.31,42.4976
4873.98,48.3419
4874.64,49.6213
4875.31,41.2028
4875.97,40.1665
4876.64,42.1869
4877.30,47.2298
4877.97,55.9179
4878.63,53.2749
4879.30,44.0572
4879.96,40.3849
4880.63,39.5932
4881.29,40.1092
4881.96,40.6641
4882.62,40.0827
4883.29,40.1818
4883.95,40.826
4884.62,40.829
4885.28,39.4975
4885.95,40.1709
4886.61,41.8498
4887.28,46.9695
4887.94,52.0366
4888.61,47.8168
4889.27,41.771
4889.94,41.2721
4890.60,40.5751
4891.27,41.2839
4891.93,40.9967
4892.60,41.1643
4893.26,39.3257
4893.93,40.281
4894.59,39.4013
4895.26,36.6972
4895.92,38.1884
4896.59,41.6516
4897.25,44.0277
4897.92,43.8669
4898.58,42.0774
4899.25,38.7775
4899.91,39.2538
4900.58,40.4643
4901.24,40.6934
4901.91,41.4202
4902.57,41.0482
4903.24,38.9912
4903.90,38.5453
4904.57,39.1261
4905.23,37.9028
4905.90,38.2584
4906.56,41.0835
4907.23,41.3863
4907.89,41.9199
4908.56,39.4215
4909.22,39.1901
4909.89,40.5738
4910.55,39.1584
4911.22,39.3967
4911.88,37.9738
4912.55,39.3788
4913.21,37.9105
4913.88,36.3408
4914.54,37.1797
4915.21,36.9914
4915.87,37.8145
4916.54,39.9169
4917.20,40.3147
4917.87,39.7743
4918.53,40.3075
4919.20,36.9282
4919.86,36.2525
4920.53,37.4195
4921.19,37.0532
4921.86,38.0705
4922.52,38.1024
4923.19,37.8971
4923.85,37.3777
4924.52,37.0909
4925.18,36.9805
4925.85,36.7986
4926.51,38.0716
4927.18,38.2103
4927.84,38.7085
4928.51,37.8203
4929.17,38.6268
4929.84,38.1074
4930.50,38.2209
4931.17,37.7248
4931.83,37.2858
4932.50,38.109
4933.16,38.863
4933.83,38.441
4934.49,38.9788
4935.16,37.126
4935.82,35.941
4936.49,37.3324
4937.15,37.4007
4937.82,36.466
4938.48,37.1299
4939.15,38.6326
4939.81,37.9661
4940.48,37.1863
4941.14,36.0367
4941.81,37.5576
4942.47,37.0996
4943.14,37.9065
4943.80,36.437
4944.47,36.9219
4945.13,38.2474
4945.80,37.5007
4946.46,36.2639
4947.13,37.468
4947.79,38.3849
4948.46,37.3787
4949.12,37.4895
4949.79,37.6399
4950.45,35.9452
4951.12,36.3382
4951.78,36.2634
4952.45,35.7904
4953.11,36.2758
4953.78,35.8165
4954.44,34.1736
4955.11,33.7251
4955.77,35.4103
4956.44,36.0979
4957.10,35.6069
4957.77,36.3408
4958.43,37.1787
4959.10,35.1662
4959.76,34.7884
4960.43,34.3247
4961.09,35.1882
4961.76,35.9246
4962.42,37.1793
4963.09,36.3888
4963.75,37.1201
4964.42,38.4482
4965.08,38.1925
4965.75,36.1472
4966.41,34.2952
4967.08,34.0132
4967.74,35.0207
4968.41,36.0046
4969.07,36.8144
4969.74,35.5799
4970.40,35.7027
4971.07,35.7179
4971.73,36.7008
4972.40,35.0642
4973.06,35.6922
4973.73,37.0981
4974.39,36.5096
4975.06,36.2627
4975.72,37.7858
4976.39,36.8571
4977.05,36.4941
4977.72,34.8231
4978.38,34.1893
4979.05,34.4083
4979.71,35.015
4980.38,34.6514
4981.04,34.8885
4981.71,35.4358
4982.37,34.7831
4983.04,35.1418
4983.70,36.5223
4984.37,35.2398
4985.03,34.6352
4985.70,34.7467
4986.36,36.0654
4987.03,36.7882
4987.69,36.2323
4988.36,36.2573
4989.02,35.0128
4989.69,33.6214
4990.35,34.3898
4991.02,34.6891
4991.68,36.1988
4992.35,36.7646
4993.01,34.4258
4993.68,36.194
4994.34,35.073
4995.01,35.4484
4995.67,35.2371
4996.34,35.2154
4997.00,34.8965
4997.67,35.6711
4998.33,36.5627
4999.00,40.9995
4999.66,37.6714
5000.33,34.0896
5000.99,34.024
5001.66,33.3163
5002.32,33.444
5002.99,34.135
5003.65,36.5722
5004.32,35.6595
5004.98,34.7177
5005.65,35.4316
5006.31,35.8216
5006.98,35.8779
5007.64,35.4076
5008.31,35.2082
5008.97,34.1031
5009.64,35.2271
5010.30,35.5955
5010.97,35.3824
5011.63,34.214
5012.30,32.2668
5012.96,33.2174
5013.63,34.3785
5014.29,34.592
5014.96,33.2542
5015.62,31.7938
5016.29,33.8643
5016.95,35.0262
5017.62,34.2082
5018.28,33.6006
5018.95,32.5966
5019.61,33.4756
5020.28,33.8795
5020.94,33.4817
5021.61,33.1371
5022.27,34.1315
5022.94,33.0205
5023.60,33.0864
5024.27,33.503
5024.93,33.7382
5025.60,33.9281
5026.26,33.4422
5026.93,32.9542
5027.59,32.1854
5028.26,32.2272
5028.92,34.1054
5029.59,33.0262
5030.25,32.6203
5030.92,32.3002
5031.58,33.1462
5032.25,32.5171
5032.91,32.2083
5033.58,31.8441
5034.24,33.2079
5034.91,32.5413
5035.57,29.5117
5036.24,32.611
5036.90,32.5713
5037.57,31.9122
5038.23,33.0059
5038.90,33.8983
5039.56,32.8015
5040.23,32.114
5040.89,32.7213
5041.56,32.6109
5042.22,31.6623
5042.89,33.0948
5043.55,32.945
5044.22,33.4001
5044.88,33.2649
5045.55,32.4815
5046.21,32.3096
5046.88,31.3676
5047.54,30.4496
5048.21,31.1603
5048.87,32.5001
5049.54,33.8556
5050.20,32.6603
5050.87,32.2892
5051.53,31.54
5052.20,32.2991
5052.86,33.4058
5053.53,30.7244
5054.19,29.7436
5054.86,30.6427
5055.52,32.5073
5056.19,33.4285
5056.85,34.1401
5057.52,33.5685
5058.18,32.066
5058.85,31.4272
5059.51,32.2228
5060.18,33.3509
5060.84,33.2039
5061.51,33.6579
5062.17,33.3057
5062.84,33.1384
5063.50,32.1049
5064.17,33.0871
5064.83,31.9501
5065.50,31.2478
5066.16,30.141
5066.83,28.3788
5067.49,30.6623
5068.16,31.4693
5068.82,32.2134
5069.49,32.2728
5070.15,31.5286
5070.82,31.336
5071.48,30.7138
5072.15,31.0833
5072.81,31.6456
5073.48,32.2219
5074.14,33.7976
5074.81,31.9675
5075.47,30.5216
5076.14,30.7809
5076.80,32.4991
5077.47,30.4725
5078.13,31.1367
5078.80,31.0973
5079.46,30.0328
5080.13,31.6387
5080.79,32.652
5081.46,30.7531
5082.12,31.6909
5082.79,33.141
5083.45,30.4407
5084.12,31.4132
5084.78,29.8649
5085.45,31.0618
5086.11,30.7909
5086.78,29.042
5087.44,29.3253
5088.11,31.502
5088.77,32.1465
5089.44,31.6412
5090.10,30.9394
5090.77,29.9535
5091.43,30.4242
5092.10,29.0809
5092.76,28.9852
5093.43,31.5699
5094.09,31.6678
5094.76,31.5935
5095.42,30.9516
5096.09,32.4549
5096.75,31.7209
5097.42,30.6439
5098.08,30.7043
5098.75,32.7421
5099.41,31.95
5100.08,30.6241
5100.74,30.7818
5101.41,29.4641
5102.07,30.2137
5102.74,29.0399
5103.40,29.556
5104.07,30.6375
5104.73,29.3211
5105.40,29.5336
5106.06,28.9882
5106.73,29.4117
5107.39,29.6329
5108.06,29.0594
5108.72,29.5597
5109.39,28.6811
5110.05,30.4673
5110.72,31.2661
5111.38,30.1545
5112.05,29.6569
5112.71,28.052
5113.38,29.7263
5114.04,30.0811
5114.71,31.1434
5115.37,29.5202
5116.04,29.4426
5116.70,29.8419
5117.37,29.0798
5118.03,28.3135
5118.70,28.9907
5119.36,29.4761
5120.03,29.5101
5120.69,30.2549
5121.36,34.3276
5122.02,32.074
5122.69,30.3086
5123.35,29.3779
5124.02,28.7376
5124.68,29.4633
5125.35,29.4251
5126.01,29.2324
5126.68,29.7865
5127.34,30.0428
5128.01,30.5996
5128.67,29.4726
5129.34,28.2685
5130.00,29.1832
5130.67,28.5135
5131.33,28.6924
5132.00,28.24
5132.66,28.5891
5133.33,28.8497
5133.99,28.3806
5134.66,29.2513
5135.32,28.6018
5135.99,28.5807
5136.65,29.181
5137.32,29.0493
5137.98,32.1643
5138.65,30.8702
5139.31,30.82
5139.98,30.8673
5140.64,29.4128
5141.31,29.0477
5141.97,29.0407
5142.64,29.065
5143.30,28.9903
5143.97,29.9255
5144.63,27.5857
5145.30,27.1156
5145.96,26.2645
5146.63,28.053
5147.29,29.496
5147.96,27.6105
5148.62,27.7397
5149.29,27.5973
5149.95,27.4447
5150.62,27.2652
5151.28,29.0597
5151.95,28.1123
5152.61,28.8623
5153.28,27.6802
5153.94,29.1993
5154.61,27.8338
5155.27,29.3792
5155.94,27.7412
5156.60,25.723
5157.27,26.3631
5157.93,26.06
5158.60,26.1515
5159.26,25.9248
5159.93,25.9985
5160.59,27.5775
5161.26,26.5202
5161.92,26.1018
5162.59,27.5177
5163.25,27.669
5163.92,27.093
5164.58,25.9937
5165.25,26.308
5165.91,27.8407
5166.58,26.4983
5167.24,25.8494
5167.91,28.2088
5168.57,28.5392
5169.24,28.8637
5169.90,26.5724
5170.57,26.8049
5171.23,26.2269
5171.90,25.4333
5172.56,27.8581
5173.23,28.0538
5173.89,28.3482
5174.56,27.4538
5175.22,28.1873
5175.89,28.0593
5176.55,25.9195
5177.22,26.0488
5177.88,28.5368
5178.55,29.3932
5179.21,30.8037
5179.88,28.9681
5180.54,26.7274
5181.21,26.9619
5181.87,27.1062
5182.54,26.7819
5183.20,28.0144
5183.87,29.0993
5184.53,26.3672
5185.20,25.0862
5185.86,26.2639
5186.53,29.1353
5187.19,26.4007
5187.86,26.4872
5188.52,25.9727
5189.19,26.3321
5189.85,27.4502
5190.52,27.1091
5191.18,27.3015
5191.85,28.0937
5192.51,27.9457
5193.18,27.4989
5193.84,26.9916
5194.51,28.1467
5195.17,28.0283
5195.84,27.3707
5196.50,27.3736
5197.17,27.3636
5197.83,25.7054
5198.50,25.3141
5199.16,25.3517
5199.83,26.2336
5200.49,24.1061
5201.16,26.5111
5201.82,25.4691
5202.49,25.4626
5203.15,25.7114
5203.82,25.9652
5204.48,25.2358
5205.15,24.5746
5205.81,24.6401
5206.48,25.19
5207.14,26.652
5207.81,27.0027
5208.47,25.9312
5209.14,25.1593
5209.80,25.2447
5210.47,26.27
5211.13,26.426
5211.80,24.7627
5212.46,25.9722
5213.13,25.7772
5213.79,26.9518
5214.46,26.0128
5215.12,25.0679
5215.79,26.5808
5216.45,27.2053
5217.12,25.0425
5217.78,27.8125
5218.45,27.2903
5219.11,25.8512
5219.78,27.0648
5220.44,27.9159
5221.11,26.5963
5221.77,27.5174
5222.44,27.3117
5223.10,27.2705
5223.77,26.3625
5224.43,25.3887
5225.10,26.1996
5225.76,26.1391
5226.43,26.4541
5227.09,25.8674
5227.76,25.198
5228.42,23.333
5229.09,24.7391
5229.75,24.447
5230.42,25.3106
5231.08,24.8474
5231.75,23.8552
5232.41,23.6989
5233.08,24.3052
5233.74,23.8246
5234.41,23.2322
5235.07,23.6747
5235.74,24.5317
5236.40,25.5862
5237.07,24.3016
5237.73,25.1516
5238.40,25.4936
5239.06,24.0836
5239.73,24.3118
5240.39,24.9427
5241.06,25.7773
5241.72,25.5122
5242.39,25.0848
5243.05,27.1933
5243.72,25.4428
5244.38,25.659
5245.05,25.1653
5245.71,26.515
5246.38,25.9919
5247.04,26.4237
5247.71,25.0275
5248.37,23.8943
5249.04,25.1827
5249.70,26.5268
5250.37,26.0741
5251.03,25.2297
5251.70,25.2905
5252.36,25.2448
5253.03,26.7863
5253.69,24.5645
5254.36,23.7483
5255.02,23.8212
5255.69,24.1641
5256.35,23.0661
5257.02,23.8857
5257.68,23.6734
5258.35,24.1598
5259.01,25.5548
5259.68,25.4556
5260.34,25.2779
5261.01,26.3395
5261.67,24.4829
5262.34,23.8882
5263.00,23.7994
5263.67,24.4024
5264.33,24.8132
5265.00,25.4874
5265.66,23.6503
5266.33,23.0859
5266.99,25.3903
5267.66,24.3851
5268.32,23.3129
5268.99,23.4343
5269.65,24.9004
5270.32,30.8119
