# target: Neptune, the disc's darker half in methane's band at 2.30 to 2.35 microns
# source: JWST NIRSpec integral field unit, program 1249, gratings G235H (F170LP) and G395H (F290LP), 2023-06-22, the two faces averaged
# archive: MAST, calibration level 3 cubes:
#   jw01249-o005_t001_nirspec_g235h-f170lp_s3d.fits, pipeline 2.0.1
#   jw01249-o005_t001_nirspec_g395h-f290lp_s3d.fits, pipeline 2.0.1
#   jw01249-o006_t001_nirspec_g235h-f170lp_s3d.fits, pipeline 2.0.1
#   jw01249-o006_t001_nirspec_g395h-f290lp_s3d.fits, pipeline 2.0.1
# units: surface brightness in MJy/sr, mean over the region; G235H below 3000 nm, G395H from 3000 nm
nm,mjy_per_sr
1660.20,108.63
1660.59,110.93
1660.99,98.7546
1661.39,84.5546
1661.78,74.0255
1662.18,50.2539
1662.57,48.7673
1662.97,71.942
1663.37,87.5171
1663.76,93.7176
1664.16,91.6005
1664.55,80.4522
1664.95,50.1338
1665.35,19.7883
1665.74,20.4557
1666.14,42.0132
1666.53,65.3997
1666.93,83.2371
1667.33,93.3192
1667.72,95.5139
1668.12,82.3582
1668.51,92.2172
1668.91,117.477
1669.31,123.024
1669.70,116.392
1670.10,92.6265
1670.49,74.7054
1670.89,68.4386
1671.29,62.9034
1671.68,84.287
1672.08,107.888
1672.47,114.091
1672.87,116.97
1673.27,116.585
1673.66,106.688
1674.06,75.5611
1674.45,57.6222
1674.85,79.29
1675.25,102.668
1675.64,113.944
1676.04,116.264
1676.43,114.834
1676.83,107.417
1677.23,78.2617
1677.62,64.8515
1678.02,86.5473
1678.41,107.841
1678.81,115.948
1679.21,116.726
1679.60,126.26
1680.00,130.838
1680.39,106.955
1680.79,84.2022
1681.19,93.6966
1681.58,114.555
1681.98,129.276
1682.37,131.065
1682.77,137.373
1683.17,137.081
1683.56,117.646
1683.96,99.8754
1684.35,109.994
1684.75,115.992
1685.15,107.454
1685.54,112.31
1685.94,131.728
1686.33,139.34
1686.73,126.429
1687.13,109.815
1687.52,110.765
1687.92,119.686
1688.31,114.788
1688.71,101.989
1689.11,98.2406
1689.50,107.161
1689.90,112.234
1690.29,101.949
1690.69,92.9038
1691.09,96.5556
1691.48,98.7435
1691.88,96.9372
1692.27,85.6819
1692.67,85.1928
1693.07,89.4155
1693.46,87.6574
1693.86,80.6136
1694.25,70.4701
1694.65,63.4969
1695.05,66.7108
1695.44,75.1752
1695.84,83.5445
1696.23,88.8926
1696.63,80.7177
1697.03,71.5791
1697.42,68.6455
1697.82,62.3009
1698.21,58.6193
1698.61,73.7314
1699.01,78.1704
1699.40,62.9591
1699.80,60.2002
1700.19,79.4665
1700.59,84.1982
1700.99,66.5855
1701.38,58.3009
1701.78,65.1128
1702.17,59.7911
1702.57,42.7838
1702.97,49.3106
1703.36,58.2038
1703.76,54.179
1704.15,50.7788
1704.55,45.151
1704.95,36.3138
1705.34,29.8105
1705.74,34.8732
1706.13,37.8515
1706.53,36.5384
1706.93,35.1848
1707.32,30.4349
1707.72,21.9098
1708.11,19.9585
1708.51,21.4204
1708.91,23.0516
1709.30,28.836
1709.70,32.9618
1710.09,26.2489
1710.49,20.1484
1710.89,24.0877
1711.28,34.5437
1711.68,44.6627
1712.07,38.4767
1712.47,31.0553
1712.87,31.9663
1713.26,33.0511
1713.66,32.6612
1714.05,35.9679
1714.45,46.9253
1714.85,47.653
1715.24,41.7269
1715.64,54.4055
1716.03,64.3709
1716.43,55.7192
1716.83,46.7655
1717.22,42.3953
1717.62,47.0152
1718.01,51.3962
1718.41,47.873
1718.81,47.269
1719.20,51.4123
1719.60,46.4269
1719.99,35.641
1720.39,27.0304
1720.79,26.8019
1721.18,31.8986
1721.58,36.725
1721.97,34.1143
1722.37,29.0702
1722.77,26.8638
1723.16,25.2724
1723.56,25.5219
1723.95,33.0164
1724.35,36.8769
1724.75,37.224
1725.14,42.3526
1725.54,42.2378
1725.93,37.8679
1726.33,42.7499
1726.73,51.8308
1727.12,46.515
1727.52,40.2575
1727.91,43.4231
1728.31,48.197
1728.71,59.8771
1729.10,71.4694
1729.50,70.006
1729.89,69.0697
1730.29,63.4713
1730.69,51.1643
1731.08,56.6225
1731.48,59.4442
1731.87,55.5101
1732.27,70.697
1732.67,86.311
1733.06,87.2642
1733.46,88.1367
1733.85,84.6014
1734.25,74.0231
1734.65,66.6401
1735.04,72.9723
1735.44,82.7435
1735.83,82.8445
1736.23,82.9791
1736.63,95.8816
1737.02,108.674
1737.42,104.565
1737.81,92.3317
1738.21,87.6719
1738.61,92.2016
1739.00,99.5705
1739.40,98.7189
1739.79,95.7073
1740.19,96.7641
1740.59,97.9471
1740.98,105.569
1741.38,112.718
1741.77,105.686
1742.17,104.265
1742.57,114.198
1742.96,111.741
1743.36,100.758
1743.75,98.3573
1744.15,96.1737
1744.55,92.9621
1744.94,103.997
1745.34,115.255
1745.73,113.467
1746.13,111.942
1746.53,110.22
1746.92,106.567
1747.32,91.8544
1747.71,81.613
1748.11,86.3674
1748.51,82.1597
1748.90,68.6613
1749.30,73.1103
1749.69,84.7322
1750.09,89.1205
1750.49,101.231
1750.88,107.21
1751.28,102.593
1751.67,97.753
1752.07,96.8844
1752.47,93.4859
1752.86,86.448
1753.26,85.7038
1753.65,81.385
1754.05,65.0422
1754.45,55.0821
1754.84,60.1513
1755.24,63.3403
1755.63,70.2401
1756.03,85.5265
1756.43,90.9585
1756.82,91.4353
1757.22,93.0013
1757.61,97.9718
1758.01,89.6698
1758.41,71.6412
1758.80,74.4379
1759.20,81.4566
1759.59,71.2852
1759.99,55.5573
1760.39,54.2309
1760.78,71.7366
1761.18,88.3051
1761.57,89.1436
1761.97,77.5195
1762.37,66.9298
1762.76,65.714
1763.16,70.9136
1763.55,76.4084
1763.95,77.1957
1764.35,75.5575
1764.74,65.1561
1765.14,56.4047
1765.53,52.9833
1765.93,50.322
1766.33,58.339
1766.72,65.4974
1767.12,61.6401
1767.51,60.5524
1767.91,55.2137
1768.31,52.748
1768.70,57.4985
1769.10,52.4098
1769.49,52.0901
1769.89,57.7561
1770.29,52.9358
1770.68,46.6082
1771.08,46.028
1771.47,46.2854
1771.87,40.6289
1772.27,38.9173
1772.66,41.5292
1773.06,46.5175
1773.45,52.6854
1773.85,52.4531
1774.25,46.1777
1774.64,32.0755
1775.04,23.132
1775.43,26.1854
1775.83,33.9443
1776.23,42.9337
1776.62,42.8452
1777.02,37.0558
1777.41,29.5181
1777.81,25.2251
1778.21,28.6148
1778.60,39.3217
1779.00,51.8879
1779.39,55.6198
1779.79,56.5215
1780.19,49.0429
1780.58,37.782
1780.98,41.2321
1781.37,50.1397
1781.77,51.884
1782.17,49.187
1782.56,46.8574
1782.96,44.0337
1783.35,35.5064
1783.75,29.6326
1784.15,29.429
1784.54,31.742
1784.94,38.1914
1785.33,46.4766
1785.73,54.9653
1786.13,51.5753
1786.52,43.0607
1786.92,50.8645
1787.31,65.1174
1787.71,67.7771
1788.11,59.1981
1788.50,55.0628
1788.90,57.9679
1789.29,48.8377
1789.69,27.2545
1790.09,12.2251
1790.48,12.4564
1790.88,21.8926
1791.27,39.6434
1791.67,49.6323
1792.07,48.3593
1792.46,48.0486
1792.86,49.1103
1793.25,60.7033
1793.65,74.3653
1794.05,74.2331
1794.44,65.5689
1794.84,62.5501
1795.23,65.3927
1795.63,68.6158
1796.03,57.1961
1796.42,56.2197
1796.82,63.7182
1797.21,62.316
1797.61,62.5878
1798.01,63.7646
1798.40,65.8991
1798.80,70.4772
1799.19,60.1878
1799.59,44.8568
1799.99,54.8269
1800.38,75.042
1800.78,82.8393
1801.17,87.3089
1801.57,91.7177
1801.97,89.6896
1802.36,79.2133
1802.76,58.4066
1803.15,44.5777
1803.55,55.4452
1803.95,71.7013
1804.34,83.8664
1804.74,88.2213
1805.13,79.5793
1805.53,75.7551
1805.93,78.642
1806.32,65.0197
1806.72,57.8525
1807.11,71.0825
1807.51,74.0008
1807.91,67.6682
1808.30,78.4155
1808.70,96.7005
1809.09,103.721
1809.49,96.1222
1809.89,78.3977
1810.28,69.0674
1810.68,77.5813
1811.07,85.515
1811.47,85.8182
1811.87,87.5894
1812.26,92.7892
1812.66,90.9798
1813.05,80.3536
1813.45,72.7678
1813.85,73.2978
1814.24,80.3666
1814.64,86.3592
1815.03,90.3199
1815.43,97.2679
1815.83,102.048
1816.22,104.925
1816.62,106.063
1817.01,104.603
1817.41,103.564
1817.81,98.2083
1818.20,88.6049
1818.60,88.19
1818.99,97.9156
1819.39,100.097
1819.79,91.9968
1820.18,88.0697
1820.58,91.5655
1820.97,97.6182
1821.37,105.045
1821.77,105.87
1822.16,104.95
1822.56,102.977
1822.95,105.68
1823.35,109.306
1823.75,109.133
1824.14,108.585
1824.54,107.332
1824.93,104.532
1825.33,102.876
1825.73,104.495
1826.12,105.458
1826.52,102.725
1826.91,98.5476
1827.31,97.6498
1827.71,98.3666
1828.10,95.8715
1828.50,94.735
1828.89,96.6357
1829.29,99.4098
1829.69,99.2093
1830.08,93.3016
1830.48,89.7827
1830.87,92.6967
1831.27,98.4391
1831.67,98.3827
1832.06,94.4463
1832.46,92.6022
1832.85,94.3729
1833.25,94.5294
1833.65,85.7178
1834.04,80.6213
1834.44,82.5782
1834.83,82.2963
1835.23,83.28
1835.63,88.9388
1836.02,85.7061
1836.42,81.371
1836.81,76.4748
1837.21,71.7779
1837.61,67.6092
1838.00,63.6813
1838.40,70.8206
1838.79,76.6555
1839.19,72.8495
1839.59,73.6985
1839.98,75.0101
1840.38,66.5107
1840.77,62.9376
1841.17,64.694
1841.57,62.1803
1841.96,59.8851
1842.36,54.804
1842.75,55.1679
1843.15,63.0233
1843.55,73.3304
1843.94,77.8764
1844.34,73.7808
1844.73,71.0436
1845.13,64.7104
1845.53,61.5416
1845.92,67.7062
1846.32,70.5365
1846.71,60.8099
1847.11,59.2489
1847.51,62.7345
1847.90,60.9374
1848.30,65.4588
1848.69,73.3204
1849.09,76.4893
1849.49,74.7959
1849.88,72.6628
1850.28,71.0809
1850.67,64.4622
1851.07,62.1944
1851.47,62.1245
1851.86,60.4682
1852.26,66.3268
1852.65,74.4571
1853.05,72.282
1853.45,72.541
1853.84,78.8134
1854.24,83.7116
1854.63,81.9075
1855.03,78.6734
1855.43,80.3633
1855.82,78.375
1856.22,75.5374
1856.61,73.8111
1857.01,69.7624
1857.41,67.1336
1857.80,69.423
1858.20,74.6124
1858.59,72.8074
1858.99,71.3404
1859.39,76.1665
1859.78,76.162
1860.18,76.4754
1860.57,80.569
1860.97,78.6721
1861.37,77.7093
1861.76,78.9492
1862.16,83.1694
1862.55,87.045
1862.95,87.1009
1863.35,88.1582
1863.74,85.7971
1864.14,82.3632
1864.53,83.2552
1864.93,84.5188
1865.33,84.0881
1865.72,84.8845
1866.12,83.1476
1866.51,82.3996
1866.91,85.1895
1867.31,86.1021
1867.70,85.4555
1868.10,84.9685
1868.49,86.6937
1868.89,84.9638
1869.29,81.8356
1869.68,83.3812
1870.08,84.8024
1870.47,83.6491
1870.87,84.6624
1871.27,84.6038
1871.66,82.6806
1872.06,81.8753
1872.45,80.5602
1872.85,80.3306
1873.25,81.4369
1873.64,81.6724
1874.04,80.8509
1874.43,78.4891
1874.83,74.6152
1875.23,67.824
1875.62,63.4776
1876.02,69.9366
1876.41,76.1848
1876.81,79.3954
1877.21,80.09
1877.60,79.2586
1878.00,79.8443
1878.39,80.575
1878.79,80.7645
1879.19,81.9321
1879.58,83.7569
1879.98,83.7768
1880.37,82.4677
1880.77,83.0355
1881.17,83.1634
1881.56,82.4343
1881.96,81.7528
1882.35,78.6774
1882.75,78.7076
1883.15,81.0492
1883.54,82.2108
1883.94,82.6328
1884.33,82.3574
1884.73,81.1237
1885.13,80.2659
1885.52,79.4409
1885.92,78.2526
1886.31,79.02
1886.71,81.7564
1887.11,82.1172
1887.50,81.413
1887.90,80.7647
1888.29,79.8055
1888.69,79.8944
1889.09,80.2737
1889.48,80.3803
1889.88,82.2237
1890.27,81.8556
1890.67,79.94
1891.07,79.6694
1891.46,78.5204
1891.86,77.6942
1892.25,78.6674
1892.65,79.4856
1893.05,79.614
1893.44,79.5672
1893.84,79.8856
1894.23,80.0027
1894.63,80.3242
1895.03,80.8609
1895.42,80.9971
1895.82,77.2934
1896.21,74.4439
1896.61,75.3613
1897.01,75.7088
1897.40,76.7048
1897.80,78.0415
1898.19,78.7101
1898.59,79.0372
1898.99,78.6894
1899.38,78.728
1899.78,78.8471
1900.17,80.7109
1900.57,80.5723
1900.97,76.2791
1901.36,72.4191
1901.76,74.351
1902.15,76.2068
1902.55,76.7792
1902.95,75.9027
1903.34,72.8551
1903.74,71.907
1904.13,74.4521
1904.53,76.9557
1904.93,76.6778
1905.32,76.7271
1905.72,77.2327
1906.11,77.8504
1906.51,76.3167
1906.91,72.1429
1907.30,67.7496
1907.70,67.9572
1908.09,69.8099
1908.49,73.3163
1908.89,72.2654
1909.28,70.8051
1909.68,72.1748
1910.07,73.3007
1910.47,71.7711
1910.87,71.4221
1911.26,69.4431
1911.66,66.309
1912.05,65.5698
1912.45,63.1907
1912.85,61.1822
1913.24,63.6137
1913.64,65.1069
1914.03,67.8818
1914.43,67.3996
1914.83,65.2889
1915.22,65.5343
1915.62,66.9101
1916.01,68.5214
1916.41,67.8289
1916.81,62.6373
1917.20,60.6033
1917.60,61.925
1917.99,67.4573
1918.39,70.6594
1918.79,71.1725
1919.18,67.937
1919.58,57.2711
1919.97,51.8774
1920.37,60.2693
1920.77,65.3969
1921.16,65.4255
1921.56,64.254
1921.95,64.1989
1922.35,61.4768
1922.75,54.722
1923.14,50.693
1923.54,54.5286
1923.93,61.1556
1924.33,60.2852
1924.73,56.1516
1925.12,55.5342
1925.52,55.6795
1925.91,55.0328
1926.31,54.8301
1926.71,58.5871
1927.10,59.3911
1927.50,54.5994
1927.89,54.6763
1928.29,55.5366
1928.69,56.0404
1929.08,61.2024
1929.48,64.1501
1929.87,62.0847
1930.27,60.3489
1930.67,60.4482
1931.06,56.5314
1931.46,52.8167
1931.85,54.5092
1932.25,59.0338
1932.65,60.1096
1933.04,59.2342
1933.44,59.5701
1933.83,57.2869
1934.23,54.2092
1934.63,55.3473
1935.02,56.8467
1935.42,57.8105
1935.81,59.2718
1936.21,60.4221
1936.61,60.0378
1937.00,57.8728
1937.40,53.6474
1937.79,54.2644
1938.19,57.9666
1938.59,56.8048
1938.98,54.5383
1939.38,54.9061
1939.77,55.3592
1940.17,55.3702
1940.57,56.1661
1940.96,56.5118
1941.36,55.5395
1941.75,55.322
1942.15,54.8617
1942.55,51.336
1942.94,46.4806
1943.34,43.3779
1943.73,41.7566
1944.13,45.6176
1944.53,48.6398
1944.92,47.722
1945.32,46.0683
1945.71,45.2478
1946.11,45.7978
1946.51,46.4255
1946.90,46.6845
1947.30,47.067
1947.69,47.0181
1948.09,45.6559
1948.49,47.0565
1948.88,47.9657
1949.28,47.2729
1949.67,47.3564
1950.07,48.5818
1950.47,48.9474
1950.86,46.4444
1951.26,45.3356
1951.65,47.9957
1952.05,49.6944
1952.45,49.5794
1952.84,48.505
1953.24,47.4126
1953.63,44.8709
1954.03,44.8736
1954.43,47.0228
1954.82,47.0257
1955.22,45.2049
1955.61,44.5806
1956.01,45.0385
1956.41,45.9698
1956.80,46.7397
1957.20,47.0082
1957.59,46.3165
1957.99,45.8768
1958.39,45.1709
1958.78,45.3581
1959.18,45.1138
1959.57,44.8649
1959.97,43.8247
1960.37,42.7445
1960.76,43.2863
1961.16,44.7292
1961.55,43.5893
1961.95,43.1433
1962.35,43.3221
1962.74,42.6826
1963.14,41.6368
1963.53,41.9511
1963.93,42.1652
1964.33,41.3753
1964.72,41.1468
1965.12,41.9434
1965.51,41.7821
1965.91,41.0355
1966.31,42.6096
1966.70,43.3116
1967.10,43.2898
1967.49,43.0488
1967.89,42.5068
1968.29,42.3368
1968.68,41.961
1969.08,41.1945
1969.47,40.564
1969.87,41.3361
1970.27,42.1438
1970.66,42.2524
1971.06,42.3433
1971.45,42.6314
1971.85,42.2591
1972.25,40.3512
1972.64,37.8451
1973.04,38.8289
1973.43,41.3427
1973.83,41.5061
1974.23,41.4027
1974.62,41.9209
1975.02,42.3293
1975.41,42.2462
1975.81,41.6468
1976.21,41.1786
1976.60,42.1145
1977.00,42.796
1977.39,43.2004
1977.79,41.0796
1978.19,39.4892
1978.58,41.224
1978.98,43.1543
1979.37,43.4406
1979.77,42.5566
1980.17,42.6708
1980.56,42.5444
1980.96,41.7269
1981.35,41.6252
1981.75,42.0311
1982.15,42.0927
1982.54,42.3117
1982.94,41.7974
1983.33,41.9613
1983.73,42.9829
1984.13,43.4799
1984.52,42.6906
1984.92,42.084
1985.31,41.5984
1985.71,41.4858
1986.11,41.8055
1986.50,41.0114
1986.90,40.9984
1987.29,42.2281
1987.69,42.6737
1988.09,42.8414
1988.48,42.8338
1988.88,42.1818
1989.27,41.8866
1989.67,41.5696
1990.07,41.6292
1990.46,41.6046
1990.86,41.3324
1991.25,41.5566
1991.65,41.046
1992.05,40.4881
1992.44,40.3157
1992.84,39.9275
1993.23,39.2969
1993.63,38.5128
1994.03,39.059
1994.42,39.8857
1994.82,40.2802
1995.21,39.7538
1995.61,39.8541
1996.01,40.709
1996.40,40.0246
1996.80,39.7395
1997.19,39.3404
1997.59,39.5619
1997.99,39.7185
1998.38,39.5886
1998.78,39.2659
1999.17,39.2496
1999.57,39.531
1999.97,39.4665
2000.36,39.3474
2000.76,38.699
2001.15,38.5822
2001.55,38.3969
2001.95,38.3006
2002.34,37.7587
2002.74,37.3228
2003.13,37.4267
2003.53,37.9421
2003.93,38.2686
2004.32,37.8468
2004.72,37.4634
2005.11,37.7438
2005.51,36.9008
2005.91,37.0496
2006.30,36.8792
2006.70,37.1951
2007.09,36.9733
2007.49,36.4593
2007.89,36.27
2008.28,36.2527
2008.68,36.4238
2009.07,36.0773
2009.47,35.5065
2009.87,35.11
2010.26,35.8385
2010.66,35.5512
2011.05,35.4388
2011.45,35.1001
2011.85,35.0243
2012.24,35.073
2012.64,34.9592
2013.03,34.3781
2013.43,33.979
2013.83,33.8615
2014.22,34.1776
2014.62,34.0016
2015.01,33.5313
2015.41,32.9467
2015.81,32.7878
2016.20,33.0587
2016.60,32.5369
2016.99,32.3461
2017.39,31.9146
2017.79,32.536
2018.18,32.7604
2018.58,32.3851
2018.97,32.2173
2019.37,32.0434
2019.77,32.5226
2020.16,32.0917
2020.56,31.3319
2020.95,30.9099
2021.35,30.9845
2021.75,31.0368
2022.14,31.117
2022.54,30.9126
2022.93,30.7046
2023.33,30.3511
2023.73,30.0423
2024.12,29.9034
2024.52,29.8676
2024.91,29.6903
2025.31,29.3698
2025.71,29.321
2026.10,28.4339
2026.50,28.7752
2026.89,28.8897
2027.29,28.6897
2027.69,28.6024
2028.08,28.3312
2028.48,27.8761
2028.87,27.8863
2029.27,28.2148
2029.67,27.9818
2030.06,26.7121
2030.46,26.7356
2030.85,27.0503
2031.25,27.3265
2031.65,27.2643
2032.04,26.9547
2032.44,27.031
2032.83,27.177
2033.23,26.9216
2033.63,26.1409
2034.02,25.62
2034.42,25.8726
2034.81,25.6408
2035.21,25.754
2035.61,25.3485
2036.00,25.5097
2036.40,25.5572
2036.79,25.3284
2037.19,24.6199
2037.59,24.2593
2037.98,23.8571
2038.38,23.8029
2038.77,24.0098
2039.17,24.125
2039.57,24.0945
2039.96,23.8062
2040.36,23.9399
2040.75,23.4859
2041.15,23.3961
2041.55,22.9649
2041.94,23.2204
2042.34,23.4327
2042.73,22.5942
2043.13,22.3852
2043.53,22.5105
2043.92,22.2517
2044.32,22.5788
2044.71,22.4533
2045.11,22.1609
2045.51,21.9962
2045.90,21.3081
2046.30,21.2441
2046.69,21.3207
2047.09,21.6024
2047.49,21.3751
2047.88,20.5976
2048.28,20.4387
2048.67,20.4806
2049.07,20.7055
2049.47,20.4534
2049.86,20.2016
2050.26,20.6391
2050.65,20.2158
2051.05,20.3692
2051.45,20.2331
2051.84,20.167
2052.24,20.1406
2052.63,19.9754
2053.03,20.2604
2053.43,20.4864
2053.82,20.2486
2054.22,19.5759
2054.61,19.3646
2055.01,19.5137
2055.41,19.8318
2055.80,19.6353
2056.20,19.3322
2056.59,19.1092
2056.99,18.6486
2057.39,18.5336
2057.78,18.7447
2058.18,18.4291
2058.57,18.6574
2058.97,18.4991
2059.37,18.184
2059.76,18.3696
2060.16,18.1453
2060.55,18.0437
2060.95,17.9151
2061.35,18.2693
2061.74,17.8478
2062.14,17.6398
2062.53,17.8732
2062.93,17.243
2063.33,16.7991
2063.72,17.3052
2064.12,17.9881
2064.51,17.8596
2064.91,17.6798
2065.31,17.4121
2065.70,17.4979
2066.10,17.1807
2066.49,17.2799
2066.89,17.063
2067.29,17.1698
2067.68,17.0007
2068.08,17.1165
2068.47,17.2486
2068.87,17.0081
2069.27,16.8441
2069.66,16.9798
2070.06,16.5646
2070.45,16.4002
2070.85,16.1971
2071.25,16.0407
2071.64,16.1038
2072.04,16.4093
2072.43,16.295
2072.83,16.3822
2073.23,16.1552
2073.62,16.5267
2074.02,16.0841
2074.41,15.4358
2074.81,15.737
2075.21,15.9355
2075.60,15.8904
2076.00,15.424
2076.39,15.2723
2076.79,15.473
2077.19,14.8669
2077.58,14.952
2077.98,14.8053
2078.37,14.8588
2078.77,15.0654
2079.17,14.8961
2079.56,14.8268
2079.96,14.0693
2080.35,14.1093
2080.75,13.865
2081.15,12.9919
2081.54,14.1082
2081.94,14.2786
2082.33,13.7787
2082.73,14.2445
2083.13,13.9504
2083.52,13.901
2083.92,13.5954
2084.31,13.7281
2084.71,13.5911
2085.11,13.8457
2085.50,13.4772
2085.90,13.5126
2086.29,13.0963
2086.69,12.4941
2087.09,12.5716
2087.48,12.8208
2087.88,12.6049
2088.27,12.3655
2088.67,12.0524
2089.07,11.936
2089.46,12.6527
2089.86,12.8664
2090.25,12.4203
2090.65,12.0094
2091.05,12.068
2091.44,12.5321
2091.84,11.945
2092.23,11.153
2092.63,11.1516
2093.03,11.0721
2093.42,11.1882
2093.82,11.3464
2094.21,10.8032
2094.61,10.4716
2095.01,10.1855
2095.40,10.3257
2095.80,10.4395
2096.19,10.8937
2096.59,10.7454
2096.99,10.7342
2097.38,10.7925
2097.78,10.9457
2098.17,10.6029
2098.57,10.2336
2098.97,9.77183
2099.36,9.93498
2099.76,10.1157
2100.15,10.0462
2100.55,9.88004
2100.95,10.0572
2101.34,10.4753
2101.74,10.8261
2102.13,10.2377
2102.53,10.038
2102.93,9.80722
2103.32,10.1492
2103.72,9.74522
2104.11,9.79039
2104.51,9.36338
2104.91,9.2186
2105.30,9.19654
2105.70,8.9642
2106.09,9.17111
2106.49,8.23229
2106.89,8.6799
2107.28,8.80772
2107.68,9.15427
2108.07,9.12798
2108.47,9.27503
2108.87,9.15598
2109.26,9.02766
2109.66,8.83
2110.05,8.67914
2110.45,9.16497
2110.85,9.35161
2111.24,9.20994
2111.64,9.08986
2112.03,8.96695
2112.43,9.28959
2112.83,9.11547
2113.22,9.09295
2113.62,8.8404
2114.01,9.13768
2114.41,9.08959
2114.81,8.87809
2115.20,8.82666
2115.60,8.8319
2115.99,8.75981
2116.39,9.03553
2116.79,8.61656
2117.18,8.80091
2117.58,9.06584
2117.97,9.12312
2118.37,8.91193
2118.77,9.06896
2119.16,9.00664
2119.56,9.60734
2119.95,8.98835
2120.35,8.97684
2120.75,9.01904
2121.14,8.87076
2121.54,9.12321
2121.93,8.69584
2122.33,9.45084
2122.73,9.70825
2123.12,9.40478
2123.52,8.94872
2123.91,9.16002
2124.31,9.65795
2124.71,9.66063
2125.10,9.54087
2125.50,9.33894
2125.89,9.30768
2126.29,9.51435
2126.69,9.73666
2127.08,9.70922
2127.48,9.44775
2127.87,9.39062
2128.27,9.94281
2128.67,9.91389
2129.06,9.85823
2129.46,9.98919
2129.85,9.97882
2130.25,9.92468
2130.65,10.1733
2131.04,9.95917
2131.44,10.4883
2131.83,10.2155
2132.23,10.1459
2132.63,10.5596
2133.02,10.5384
2133.42,10.637
2133.81,10.7332
2134.21,10.6505
2134.61,10.8739
2135.00,10.9132
2135.40,10.5619
2135.79,10.304
2136.19,10.6472
2136.59,10.9717
2136.98,11.1322
2137.38,11.0105
2137.77,11.3663
2138.17,10.8849
2138.57,11.8198
2138.96,11.3613
2139.36,11.2507
2139.75,11.357
2140.15,11.1483
2140.55,11.1549
2140.94,11.439
2141.34,11.4155
2141.73,11.5018
2142.13,10.8238
2142.53,10.5697
2142.92,10.6362
2143.32,10.5913
2143.71,10.775
2144.11,10.8541
2144.51,11.0585
2144.90,10.6628
2145.30,10.804
2145.69,11.0238
2146.09,10.9998
2146.49,10.9022
2146.88,10.8766
2147.28,10.7193
2147.67,10.6674
2148.07,10.5406
2148.47,10.1796
2148.86,10.102
2149.26,9.64108
2149.65,9.74615
2150.05,9.71148
2150.45,9.65489
2150.84,9.55947
2151.24,9.15226
2151.63,9.08473
2152.03,9.09813
2152.43,8.82638
2152.82,8.71144
2153.22,9.26063
2153.61,8.88637
2154.01,9.05313
2154.41,8.88321
2154.80,8.66622
2155.20,7.87376
2155.59,7.92089
2155.99,8.164
2156.39,8.44217
2156.78,8.37431
2157.18,8.68644
2157.57,8.64024
2157.97,8.7468
2158.37,8.73194
2158.76,8.76252
2159.16,9.08756
2159.55,8.38848
2159.95,8.27743
2160.35,7.48078
2160.74,6.03353
2161.14,5.24768
2161.53,6.20171
2161.93,6.48057
2162.33,6.76654
2162.72,7.1135
2163.12,7.60121
2163.51,7.74718
2163.91,7.60901
2164.31,7.28871
2164.70,6.76849
2165.10,6.51604
2165.49,6.04966
2165.89,5.39662
2166.29,4.32703
2166.68,3.45223
2167.08,4.15494
2167.47,4.97964
2167.87,5.49554
2168.27,5.89513
2168.66,6.2832
2169.06,6.1122
2169.45,5.81783
2169.85,5.46632
2170.25,5.5195
2170.64,5.75811
2171.04,5.60527
2171.43,4.65957
2171.83,4.6486
2172.23,3.75409
2172.62,2.36507
2173.02,3.44677
2173.41,4.83647
2173.81,5.31117
2174.21,4.75364
2174.60,3.81106
2175.00,3.42714
2175.39,3.71224
2175.79,4.39582
2176.19,4.28162
2176.58,4.28826
2176.98,4.41532
2177.37,4.02151
2177.77,3.07228
2178.17,1.59428
2178.56,2.03422
2178.96,3.03246
2179.35,3.38638
2179.75,3.66753
2180.15,4.50523
2180.54,5.03485
2180.94,4.31175
2181.33,4.12605
2181.73,4.86438
2182.13,4.73749
2182.52,3.78404
2182.92,3.08122
2183.31,2.69182
2183.71,2.00784
2184.11,1.94244
2184.50,2.6395
2184.90,3.7715
2185.29,4.48815
2185.69,4.51956
2186.09,4.07015
2186.48,3.48079
2186.88,3.98424
2187.27,3.64294
2187.67,3.49508
2188.07,3.49098
2188.46,3.13389
2188.86,2.61702
2189.25,2.17765
2189.65,2.13623
2190.05,3.10485
2190.44,3.8629
2190.84,3.63404
2191.23,3.96907
2191.63,4.10942
2192.03,3.98681
2192.42,3.73196
2192.82,3.33313
2193.21,3.57426
2193.61,3.21773
2194.01,3.14853
2194.40,2.7197
2194.80,2.00588
2195.19,1.61912
2195.59,2.56483
2195.99,2.76247
2196.38,2.8925
2196.78,2.96669
2197.17,3.45531
2197.57,3.11172
2197.97,2.55134
2198.36,2.23456
2198.76,1.81154
2199.15,1.68187
2199.55,0.469699
2199.95,-0.68734
2200.34,-0.775355
2200.74,-0.0362046
2201.13,0.17898
2201.53,1.02472
2201.93,1.39405
2202.32,0.858174
2202.72,0.945165
2203.11,1.17292
2203.51,1.18062
2203.91,1.16156
2204.30,0.625147
2204.70,0.320215
2205.09,0.636696
2205.49,0.937203
2205.89,0.937892
2206.28,1.20598
2206.68,1.63351
2207.07,1.93716
2207.47,1.98521
2207.87,1.98966
2208.26,1.83454
2208.66,1.69562
2209.05,2.20944
2209.45,1.96439
2209.85,1.83864
2210.24,1.6711
2210.64,1.2155
2211.03,0.454225
2211.43,1.16041
2211.83,1.69604
2212.22,1.75109
2212.62,2.32009
2213.01,2.25568
2213.41,2.03553
2213.81,1.92744
2214.20,2.37324
2214.60,2.58638
2214.99,2.47148
2215.39,2.4783
2215.79,1.39362
2216.18,-0.116262
2216.58,0.123548
2216.97,1.00392
2217.37,2.04681
2217.77,1.95682
2218.16,1.83888
2218.56,1.51183
2218.95,1.7417
2219.35,1.9021
2219.75,1.7995
2220.14,1.97576
2220.54,1.88314
2220.93,0.959245
2221.33,0.695392
2221.73,0.723432
2222.12,1.8353
2222.52,2.25455
2222.91,2.26813
2223.31,2.10526
2223.71,1.6003
2224.10,1.92318
2224.50,1.91585
2224.89,1.50427
2225.29,2.14549
2225.69,2.39912
2226.08,1.60782
2226.48,1.68156
2226.87,2.03581
2227.27,2.25399
2227.67,2.35426
2228.06,2.0773
2228.46,2.53338
2228.85,2.44215
2229.25,2.41168
2229.65,2.8527
2230.04,2.62985
2230.44,1.96838
2230.83,2.21487
2231.23,2.00119
2231.63,1.84795
2232.02,1.90056
2232.42,1.89974
2232.81,2.59745
2233.21,2.99699
2233.61,3.00545
2234.00,3.01009
2234.40,3.38953
2234.79,3.43284
2235.19,3.05527
2235.59,3.11748
2235.98,3.01233
2236.38,2.44039
2236.77,1.91787
2237.17,2.66926
2237.57,2.95627
2237.96,2.93779
2238.36,3.1147
2238.75,3.09582
2239.15,3.52907
2239.55,4.27436
2239.94,4.30269
2240.34,3.81489
2240.73,3.86976
2241.13,3.69225
2241.53,4.07087
2241.92,4.50045
2242.32,4.87729
2242.71,4.7212
2243.11,4.51151
2243.51,4.31209
2243.90,4.22868
2244.30,5.48749
2244.69,5.91019
2245.09,5.59186
2245.49,4.92576
2245.88,4.32954
2246.28,4.01487
2246.67,4.39809
2247.07,3.95626
2247.47,4.93917
2247.86,5.60886
2248.26,5.95449
2248.65,5.61803
2249.05,5.55108
2249.45,5.97288
2249.84,5.72618
2250.24,5.54156
2250.63,4.99667
2251.03,5.42358
2251.43,6.05352
2251.82,6.50897
2252.22,6.27031
2252.61,5.67647
2253.01,4.94708
2253.41,4.87871
2253.80,4.64756
2254.20,4.09578
2254.59,4.99906
2254.99,6.25287
2255.39,6.61132
2255.78,6.27706
2256.18,6.41412
2256.57,5.50651
2256.97,4.41249
2257.37,4.57245
2257.76,5.56969
2258.16,6.18989
2258.55,6.92883
2258.95,7.88149
2259.35,7.97397
2259.74,7.45654
2260.14,6.29826
2260.53,5.7561
2260.93,4.62626
2261.33,4.08484
2261.72,3.65636
2262.12,3.73517
2262.51,5.77083
2262.91,7.22985
2263.31,6.16804
2263.70,5.0782
2264.10,4.51206
2264.49,4.05458
2264.89,4.71815
2265.29,5.96137
2265.68,6.54063
2266.08,7.56648
2266.47,8.64516
2266.87,8.26877
2267.27,6.36359
2267.66,4.62372
2268.06,3.41547
2268.45,3.00595
2268.85,3.39603
2269.25,4.8862
2269.64,5.8104
2270.04,4.99487
2270.43,4.52934
2270.83,6.13066
2271.23,6.76312
2271.62,5.93696
2272.02,5.93569
2272.41,6.02811
2272.81,6.55004
2273.21,7.09714
2273.60,7.25891
2274.00,7.04974
2274.39,5.76232
2274.79,3.80195
2275.19,1.83242
2275.58,1.0921
2275.98,2.1252
2276.37,3.34135
2276.77,3.11812
2277.17,2.63993
2277.56,3.57485
2277.96,4.01028
2278.35,4.3207
2278.75,4.9607
2279.15,5.85873
2279.54,7.27774
2279.94,6.00146
2280.33,3.87235
2280.73,3.44286
2281.13,4.34135
2281.52,4.0611
2281.92,2.96087
2282.31,1.62971
2282.71,-0.238402
2283.11,-0.0027115
2283.50,0.432905
2283.90,0.116176
2284.29,0.916107
2284.69,2.496
2285.09,2.54886
2285.48,2.00587
2285.88,3.29485
2286.27,3.82271
2286.67,3.37095
2287.07,3.68963
2287.46,3.35381
2287.86,1.95582
2288.25,1.629
2288.65,2.51907
2289.05,1.9581
2289.44,0.461455
2289.84,-0.168166
2290.23,0.424711
2290.63,1.33621
2291.03,1.7715
2291.42,2.06111
2291.82,2.31719
2292.21,0.931254
2292.61,0.752779
2293.01,1.6045
2293.40,1.51638
2293.80,1.2882
2294.19,1.50148
2294.59,0.9924
2294.99,0.831179
2295.38,0.76252
2295.78,0.694411
2296.17,1.8147
2296.57,2.90574
2296.97,3.5082
2297.36,4.43678
2297.76,3.77992
2298.15,2.1949
2298.55,1.20949
2298.95,1.06776
2299.34,0.260946
2299.74,0.120427
2300.13,0.150601
2300.53,0.346541
2300.93,0.837376
2301.32,1.08651
2301.72,1.21549
2302.11,1.50747
2302.51,1.73925
2302.91,1.82961
2303.30,0.606922
2303.70,0.0999098
2304.09,0.103678
2304.49,0.375904
2304.89,0.469114
2305.28,0.518388
2305.68,0.24763
2306.07,0.517902
2306.47,0.413405
2306.87,0.529865
2307.26,0.168776
2307.66,-0.10155
2308.05,0.678036
2308.45,0.731753
2308.85,0.631847
2309.24,0.646695
2309.64,1.17976
2310.03,1.67212
2310.43,3.01825
2310.83,4.25936
2311.22,4.6504
2311.62,3.45973
2312.01,2.19066
2312.41,2.5756
2312.81,4.34683
2313.20,4.25278
2313.60,4.43006
2313.99,5.06775
2314.39,5.30312
2314.79,4.97267
2315.18,3.76625
2315.58,2.8309
2315.97,1.37312
2316.37,0.693177
2316.77,0.409937
2317.16,0.604571
2317.56,0.0392535
2317.95,-0.189924
2318.35,0.820496
2318.75,1.25912
2319.14,1.69948
2319.54,2.2292
2319.93,2.15099
2320.33,2.4856
2320.73,1.82534
2321.12,1.51278
2321.52,1.63998
2321.91,1.9779
2322.31,2.38106
2322.71,1.3851
2323.10,2.20999
2323.50,2.7516
2323.89,2.92113
2324.29,3.59164
2324.69,3.9853
2325.08,2.5248
2325.48,0.894866
2325.87,1.50941
2326.27,1.83044
2326.67,1.3116
2327.06,1.87089
2327.46,1.96039
2327.85,2.3338
2328.25,2.54056
2328.65,1.63061
2329.04,1.12905
2329.44,2.16694
2329.83,3.65329
2330.23,3.85446
2330.63,2.26845
2331.02,1.82446
2331.42,2.32012
2331.81,1.80486
2332.21,2.17615
2332.61,2.47148
2333.00,3.18311
2333.40,2.93163
2333.79,1.98327
2334.19,1.64485
2334.59,1.73824
2334.98,2.30169
2335.38,3.70034
2335.77,3.41395
2336.17,2.68474
2336.57,3.46281
2336.96,4.0842
2337.36,4.45953
2337.75,4.03538
2338.15,2.61523
2338.55,1.52395
2338.94,2.64883
2339.34,2.5714
2339.73,1.40111
2340.13,-0.0684576
2340.53,-0.573457
2340.92,1.52065
2341.32,2.49759
2341.71,3.72729
2342.11,4.40708
2342.51,4.53372
2342.90,4.3991
2343.30,4.25677
2343.69,4.16356
2344.09,3.97597
2344.49,3.23224
2344.88,3.06267
2345.28,2.60528
2345.67,2.35556
2346.07,2.17247
2346.47,1.99837
2346.86,1.83593
2347.26,1.96652
2347.65,2.12109
2348.05,1.99834
2348.45,2.16374
2348.84,2.44963
2349.24,2.1248
2349.63,2.45908
2350.03,3.15166
2350.43,2.48505
2350.82,3.03591
2351.22,4.39517
2351.61,4.76803
2352.01,3.08657
2352.41,2.63272
2352.80,2.95953
2353.20,1.7379
2353.59,1.91063
2353.99,2.7698
2354.39,2.21201
2354.78,1.88712
2355.18,1.7018
2355.57,1.52859
2355.97,1.17816
2356.37,1.46055
2356.76,1.79733
2357.16,2.25671
2357.55,2.31142
2357.95,2.42449
2358.35,1.63127
2358.74,1.15402
2359.14,1.75908
2359.53,2.65659
2359.93,3.35116
2360.33,3.49925
2360.72,3.73177
2361.12,2.77409
2361.51,1.73002
2361.91,1.73306
2362.31,2.8961
2362.70,3.51099
2363.10,3.96293
2363.49,3.443
2363.89,2.626
2364.29,1.64244
2364.68,1.37459
2365.08,2.35191
2365.47,3.45948
2365.87,3.40785
2366.27,2.58781
2366.66,2.51911
2367.06,1.35056
2367.45,0.781506
2367.85,1.71843
2368.25,2.53664
2368.64,2.58138
2369.04,2.63698
2369.43,2.38716
2369.83,2.04466
2370.23,1.14919
2370.62,0.932676
2371.02,0.300786
2371.41,0.328666
2371.81,0.327464
2372.21,0.991107
2372.60,1.02534
2373.00,1.42532
2373.39,1.83587
2373.79,2.13232
2374.19,2.19687
2374.58,2.53178
2374.98,2.93103
2375.37,3.18674
2375.77,2.2046
2376.17,1.31819
2376.56,0.815291
2376.96,1.19231
2377.35,2.35348
2377.75,2.93859
2378.15,3.56793
2378.54,3.36833
2378.94,3.54368
2379.33,3.52854
2379.73,1.90811
2380.13,1.16071
2380.52,1.81091
2380.92,2.6058
2381.31,3.22384
2381.71,3.69375
2382.11,2.85762
2382.50,3.43379
2382.90,2.48878
2383.29,1.66455
2383.69,1.23833
2384.09,1.80622
2384.48,3.60319
2384.88,4.17187
2385.27,3.15036
2385.67,3.60344
2386.07,3.20598
2386.46,2.66646
2386.86,2.61837
2387.25,2.54996
2387.65,2.93821
2388.05,3.41257
2388.44,3.02877
2388.84,3.05935
2389.23,2.45522
2389.63,2.4289
2390.03,2.22027
2390.42,2.62338
2390.82,2.28357
2391.21,2.33373
2391.61,2.42924
2392.01,2.86825
2392.40,2.67188
2392.80,2.63672
2393.19,3.11452
2393.59,3.65578
2393.99,3.67706
2394.38,3.31578
2394.78,2.8839
2395.17,3.81758
2395.57,4.34335
2395.97,3.9489
2396.36,3.0248
2396.76,3.22959
2397.15,3.96988
2397.55,3.93071
2397.95,3.81852
2398.34,3.99879
2398.74,4.03215
2399.13,3.38485
2399.53,2.54221
2399.93,2.80598
2400.32,2.69106
2400.72,3.11993
2401.11,3.90427
2401.51,2.9096
2401.91,2.45697
2402.30,2.36473
2402.70,3.0934
2403.09,3.44039
2403.49,3.24849
2403.89,3.73911
2404.28,3.89906
2404.68,3.70257
2405.07,3.45389
2405.47,1.91016
2405.87,1.844
2406.26,3.09424
2406.66,3.6701
2407.05,3.21729
2407.45,2.86488
2407.85,3.06175
2408.24,1.76786
2408.64,2.67915
2409.03,3.04264
2409.43,3.12338
2409.83,3.19131
2410.22,2.83869
2410.62,2.16933
2411.01,2.62617
2411.41,3.31613
2411.81,5.50821
2412.20,4.35632
2412.60,2.1057
2412.99,1.75347
2413.39,1.64758
2413.79,1.67001
2414.18,2.12337
2414.58,1.55437
2414.97,1.58222
2415.37,2.43383
2415.77,4.03168
2416.16,1.73668
2416.56,0.927711
2416.95,3.97481
2417.35,4.28632
2417.75,3.62886
2418.14,5.94256
2418.54,5.15322
2418.93,4.14438
2419.33,2.11804
2419.73,0.611757
2420.12,2.83936
2420.52,8.71033
2420.91,2.6587
2421.31,-1.33399
2421.71,2.60586
2428.04,4.90394
2428.44,5.26593
2428.83,7.12071
2429.23,8.777
2429.63,8.27114
2430.02,10.6984
2430.42,10.2649
2430.81,7.98169
2431.21,10.9081
2431.61,5.01001
2432.00,3.69242
2432.40,8.18022
2432.79,4.41519
2433.19,0.77594
2433.59,2.44518
2433.98,-7.54297
2434.38,-1.74081
2434.77,2.22748
2435.17,2.9611
2435.57,7.50056
2435.96,2.58005
2436.36,1.62025
2436.75,2.36815
2437.15,5.58796
2437.55,3.38591
2437.94,1.72265
2438.34,3.19771
2438.73,2.20408
2439.13,-0.328329
2439.53,1.07168
2439.92,3.67541
2440.32,2.00481
2440.71,1.42503
2441.11,4.15158
2441.51,4.82237
2441.90,4.78004
2442.30,2.99765
2442.69,3.80211
2443.09,6.33367
2443.49,6.5917
2443.88,4.97435
2444.28,3.69957
2444.67,3.82535
2445.07,5.03627
2445.47,7.74224
2445.86,7.3478
2446.26,6.14004
2446.65,6.22639
2447.05,8.02395
2447.45,8.16018
2447.84,8.183
2448.24,8.33553
2448.63,7.83349
2449.03,7.83014
2449.43,8.88448
2449.82,8.36685
2450.22,6.9973
2450.61,6.57507
2451.01,7.76853
2451.41,8.63267
2451.80,8.05998
2452.20,6.58656
2452.59,8.10908
2452.99,9.48653
2453.39,9.8787
2453.78,10.0986
2454.18,8.90095
2454.57,7.9467
2454.97,9.05142
2455.37,9.11123
2455.76,9.0803
2456.16,8.15537
2456.55,7.64466
2456.95,7.51487
2457.35,7.96411
2457.74,7.94606
2458.14,9.46345
2458.53,9.8241
2458.93,10.1666
2459.33,11.1297
2459.72,10.7877
2460.12,11.6464
2460.51,10.6146
2460.91,9.83101
2461.31,8.99233
2461.70,10.3777
2462.10,11.1504
2462.49,12.229
2462.89,11.7257
2463.29,11.3549
2463.68,11.3278
2464.08,11.3482
2464.47,12.2614
2464.87,12.3263
2465.27,12.3005
2465.66,12.2961
2466.06,12.9028
2466.45,13.9035
2466.85,15.0285
2467.25,15.6299
2467.64,15.6963
2468.04,14.484
2468.43,11.8497
2468.83,8.08071
2469.23,8.55209
2469.62,11.617
2470.02,14.4897
2470.41,15.9364
2470.81,16.1978
2471.21,15.6345
2471.60,16.4986
2472.00,17.3534
2472.39,17.2137
2472.79,17.3242
2473.19,17.6382
2473.58,17.9746
2473.98,17.1294
2474.37,15.5813
2474.77,14.8858
2475.17,17.2198
2475.56,18.2454
2475.96,19.0784
2476.35,18.9544
2476.75,19.251
2477.15,19.7811
2477.54,19.2488
2477.94,17.8925
2478.33,17.6906
2478.73,17.7769
2479.13,17.6352
2479.52,18.082
2479.92,17.9238
2480.31,17.1742
2480.71,18.2331
2481.11,19.8069
2481.50,20.1259
2481.90,19.3296
2482.29,18.5008
2482.69,17.6711
2483.09,17.551
2483.48,13.8983
2483.88,11.9701
2484.27,11.8663
2484.67,13.9469
2485.07,17.6699
2485.46,20.064
2485.86,20.8995
2486.25,19.7278
2486.65,18.7866
2487.05,18.9249
2487.44,18.5607
2487.84,14.5485
2488.23,12.0205
2488.63,14.9878
2489.03,17.9334
2489.42,18.9307
2489.82,20.7792
2490.21,21.0474
2490.61,19.037
2491.01,18.3199
2491.40,21.1218
2491.80,22.6746
2492.19,23.2883
2492.59,22.9385
2492.99,21.9033
2493.38,21.7992
2493.78,22.6075
2494.17,21.8728
2494.57,22.4998
2494.97,23.6509
2495.36,24.647
2495.76,24.1172
2496.15,23.6872
2496.55,24.2323
2496.95,23.8307
2497.34,21.7542
2497.74,18.4753
2498.13,13.8692
2498.53,10.4951
2498.93,9.52562
2499.32,13.6222
2499.72,18.0312
2500.11,19.2078
2500.51,19.4351
2500.91,20.5142
2501.30,20.8703
2501.70,19.9321
2502.09,21.1895
2502.49,22.7366
2502.89,23.4042
2503.28,22.7438
2503.68,20.9674
2504.07,20.2253
2504.47,18.5053
2504.87,17.9735
2505.26,21.8316
2505.66,25.0093
2506.05,24.8566
2506.45,24.216
2506.85,23.9289
2507.24,24.3549
2507.64,23.7223
2508.03,22.0312
2508.43,19.6544
2508.83,16.3837
2509.22,17.1611
2509.62,19.5494
2510.01,19.6537
2510.41,17.3983
2510.81,15.9077
2511.20,15.248
2511.60,14.4551
2511.99,17.052
2512.39,19.2052
2512.79,17.2703
2513.18,12.7149
2513.58,10.6139
2513.97,14.175
2514.37,18.807
2514.77,22.2583
2515.16,23.8919
2515.56,24.1796
2515.95,21.0891
2516.35,17.5668
2516.75,17.1129
2517.14,17.194
2517.54,19.7387
2517.93,20.0635
2518.33,17.8768
2518.73,16.7625
2519.12,18.765
2519.52,18.743
2519.91,16.075
2520.31,12.1706
2520.71,12.0684
2521.10,15.6259
2521.50,19.0119
2521.89,21.7989
2522.29,21.4304
2522.69,17.8966
2523.08,17.8858
2523.48,21.0094
2523.87,21.7611
2524.27,18.2302
2524.67,13.5161
2525.06,14.5636
2525.46,18.3467
2525.85,18.5534
2526.25,16.3649
2526.65,15.3945
2527.04,16.1661
2527.44,12.2015
2527.83,7.92439
2528.23,10.7875
2528.63,13.9026
2529.02,12.922
2529.42,16.0788
2529.81,20.8065
2530.21,22.9232
2530.61,21.9818
2531.00,18.5222
2531.40,18.1836
2531.79,20.7141
2532.19,21.0353
2532.59,18.2821
2532.98,14.3675
2533.38,14.6916
2533.77,15.7305
2534.17,17.2719
2534.57,20.5026
2534.96,19.2474
2535.36,14.2711
2535.75,13.4032
2536.15,13.9206
2536.55,11.0572
2536.94,12.0589
2537.34,16.104
2537.73,19.1416
2538.13,22.6226
2538.53,23.8614
2538.92,23.6658
2539.32,21.7869
2539.71,17.7301
2540.11,15.108
2540.51,16.4478
2540.90,20.1413
2541.30,20.708
2541.69,18.656
2542.09,17.3279
2542.49,16.3052
2542.88,16.2547
2543.28,18.1766
2543.67,19.337
2544.07,21.9017
2544.47,23.9194
2544.86,21.9347
2545.26,16.4637
2545.65,13.842
2546.05,15.6303
2546.45,18.1756
2546.84,19.3046
2547.24,18.3269
2547.63,15.7282
2548.03,16.8043
2548.43,20.6036
2548.82,21.2863
2549.22,19.8151
2549.61,17.4995
2550.01,15.7351
2550.41,13.7746
2550.80,12.015
2551.20,13.3912
2551.59,10.9783
2551.99,8.49985
2552.39,8.79727
2552.78,11.9983
2553.18,12.2703
2553.57,13.8187
2553.97,17.3945
2554.37,16.5754
2554.76,13.0919
2555.16,10.5681
2555.55,13.7645
2555.95,18.0948
2556.35,16.1316
2556.74,13.2416
2557.14,14.5244
2557.53,15.3877
2557.93,14.7123
2558.33,12.589
2558.72,12.3863
2559.12,17.2284
2559.51,20.7225
2559.91,19.2558
2560.31,16.5386
2560.70,15.8626
2561.10,16.9714
2561.49,18.5765
2561.89,19.3186
2562.29,18.4216
2562.68,16.6806
2563.08,14.2372
2563.47,15.755
2563.87,19.4514
2564.27,18.2833
2564.66,12.0929
2565.06,7.75898
2565.45,5.59658
2565.85,5.47241
2566.25,7.96768
2566.64,9.66218
2567.04,8.55886
2567.43,6.51954
2567.83,8.67101
2568.23,13.1277
2568.62,15.7189
2569.02,13.8045
2569.41,8.38942
2569.81,3.83384
2570.21,2.7161
2570.60,4.61296
2571.00,5.88569
2571.39,7.63741
2571.79,9.40831
2572.19,10.884
2572.58,8.1654
2572.98,3.99011
2573.37,2.05401
2573.77,4.84398
2574.17,7.28682
2574.56,7.31406
2574.96,7.79038
2575.35,9.50463
2575.75,7.72184
2576.15,4.94362
2576.54,6.32479
2576.94,10.9165
2577.33,13.4049
2577.73,14.8769
2578.13,15.7099
2578.52,13.2891
2578.92,9.76628
2579.31,5.62345
2579.71,5.98294
2580.11,9.65993
2580.50,9.38949
2580.90,8.29931
2581.29,11.7544
2581.69,14.5807
2582.09,13.3858
2582.48,9.20901
2582.88,5.29225
2583.27,7.65026
2583.67,12.4825
2584.07,13.9685
2584.46,11.9433
2584.86,9.5916
2585.25,7.46969
2585.65,5.47235
2586.05,3.54485
2586.44,2.7581
2586.84,1.04813
2587.23,-0.45416
2587.63,0.0481209
2588.03,0.362332
2588.42,1.79676
2588.82,3.56686
2589.21,4.67937
2589.61,5.91135
2590.01,7.14724
2590.40,6.75878
2590.80,6.75099
2591.19,7.11634
2591.59,9.10181
2591.99,12.1588
2592.38,13.3222
2592.78,14.1379
2593.17,15.6887
2593.57,15.8535
2593.97,11.9275
2594.36,5.90608
2594.76,2.07032
2595.15,3.58506
2595.55,8.00652
2595.95,10.3069
2596.34,12.5507
2596.74,15.4645
2597.13,16.4834
2597.53,16.4191
2597.93,15.6791
2598.32,15.5696
2598.72,14.0896
2599.11,11.2296
2599.51,10.9279
2599.91,9.01886
2600.30,5.51294
2600.70,5.33277
2601.09,6.34896
2601.49,6.50156
2601.89,5.59749
2602.28,6.75223
2602.68,10.7541
2603.07,12.8942
2603.47,11.5378
2603.87,12.1097
2604.26,14.9412
2604.66,16.8292
2605.05,15.4466
2605.45,11.8314
2605.85,10.6065
2606.24,11.5505
2606.64,15.8884
2607.03,19.5772
2607.43,18.1167
2607.83,18.0931
2608.22,18.8778
2608.62,17.3843
2609.01,16.8043
2609.41,14.972
2609.81,12.6924
2610.20,12.7436
2610.60,16.4413
2610.99,18.4862
2611.39,14.6009
2611.79,14.9552
2612.18,18.2762
2612.58,17.1563
2612.97,16.5497
2613.37,20.0394
2613.77,21.083
2614.16,19.0072
2614.56,19.5916
2614.95,19.9386
2615.35,19.3609
2615.75,18.0253
2616.14,17.5172
2616.54,18.6696
2616.93,18.1878
2617.33,19.0342
2617.73,18.8959
2618.12,18.3238
2618.52,19.3163
2618.91,22.3066
2619.31,22.9809
2619.71,23.4254
2620.10,24.6439
2620.50,24.0338
2620.89,22.7029
2621.29,21.3419
2621.69,21.795
2622.08,22.7945
2622.48,22.2598
2622.87,22.4121
2623.27,23.2046
2623.67,23.1182
2624.06,22.2272
2624.46,21.8174
2624.85,21.2975
2625.25,20.1201
2625.65,20.1528
2626.04,20.3717
2626.44,22.1572
2626.83,24.3134
2627.23,24.6317
2627.63,23.8646
2628.02,23.6479
2628.42,23.2272
2628.81,24.7257
2629.21,25.9021
2629.61,25.9109
2630.00,24.9478
2630.40,24.9228
2630.79,24.8829
2631.19,23.9903
2631.59,24.1443
2631.98,25.5157
2632.38,25.0621
2632.77,24.4503
2633.17,24.4298
2633.57,25.7676
2633.96,28.0547
2634.36,29.1382
2634.75,27.7954
2635.15,25.3337
2635.55,24.4511
2635.94,27.2235
2636.34,27.7879
2636.73,26.8664
2637.13,27.2921
2637.53,29.0532
2637.92,30.1402
2638.32,30.4366
2638.71,31.1654
2639.11,30.6949
2639.51,28.277
2639.90,24.7598
2640.30,22.6882
2640.69,23.8579
2641.09,26.0984
2641.49,26.293
2641.88,25.9688
2642.28,25.6373
2642.67,25.1376
2643.07,27.4439
2643.47,31.175
2643.86,33.6091
2644.26,32.6341
2644.65,29.5274
2645.05,29.4396
2645.45,31.1453
2645.84,32.824
2646.24,33.1257
2646.63,33.9118
2647.03,34.3903
2647.43,34.2121
2647.82,33.8695
2648.22,31.2499
2648.61,28.6016
2649.01,29.9684
2649.41,32.4228
2649.80,33.6953
2650.20,35.4122
2650.59,36.9762
2650.99,36.3879
2651.39,33.4438
2651.78,31.9622
2652.18,30.8632
2652.57,29.6308
2652.97,27.8927
2653.37,24.5665
2653.76,23.8208
2654.16,26.0157
2654.55,27.5091
2654.95,28.2035
2655.35,27.5266
2655.74,27.5838
2656.14,30.5519
2656.53,33.295
2656.93,33.1908
2657.33,31.1833
2657.72,31.9393
2658.12,33.176
2658.51,34.1473
2658.91,37.1442
2659.31,39.5841
2659.70,40.1171
2660.10,37.6033
2660.49,34.9263
2660.89,34.8966
2661.29,34.9431
2661.68,35.2165
2662.08,33.3847
2662.47,30.3506
2662.87,30.3983
2663.27,33.7321
2663.66,35.5945
2664.06,36.2642
2664.45,35.8751
2664.85,35.0885
2665.25,34.2165
2665.64,33.113
2666.04,32.0156
2666.43,33.4283
2666.83,36.8738
2667.23,38.7631
2667.62,37.5889
2668.02,37.5203
2668.41,37.4733
2668.81,37.0193
2669.21,36.0878
2669.60,34.563
2670.00,32.505
2670.39,29.0101
2670.79,27.5524
2671.19,28.7021
2671.58,28.4079
2671.98,26.7081
2672.37,24.375
2672.77,24.0471
2673.17,25.2956
2673.56,28.6561
2673.96,32.0645
2674.35,34.8419
2674.75,36.57
2675.15,37.3732
2675.54,36.2387
2675.94,36.5169
2676.33,35.2274
2676.73,35.8262
2677.13,36.01
2677.52,34.6499
2677.92,31.8731
2678.31,32.2383
2678.71,34.525
2679.11,35.5844
2679.50,36.6909
2679.90,37.7341
2680.29,37.9395
2680.69,38.3214
2681.09,37.9369
2681.48,36.8888
2681.88,36.1334
2682.27,36.2489
2682.67,37.1087
2683.07,36.0871
2683.46,36.1096
2683.86,36.3551
2684.25,35.437
2684.65,35.3905
2685.05,34.3298
2685.44,32.5325
2685.84,31.101
2686.23,32.5513
2686.63,34.2778
2687.03,33.1767
2687.42,30.4334
2687.82,30.2321
2688.21,33.6167
2688.61,36.1008
2689.01,35.6885
2689.40,34.426
2689.80,31.9493
2690.19,29.2122
2690.59,27.3528
2690.99,26.7612
2691.38,27.3423
2691.78,28.7832
2692.17,29.1248
2692.57,30.1778
2692.97,32.7433
2693.36,34.2139
2693.76,33.6512
2694.15,31.7198
2694.55,30.9179
2694.95,32.7585
2695.34,33.6716
2695.74,33.6288
2696.13,34.1172
2696.53,34.0557
2696.93,33.9338
2697.32,33.7685
2697.72,32.3758
2698.11,32.2275
2698.51,32.8465
2698.91,32.798
2699.30,33.0826
2699.70,33.2116
2700.09,33.5684
2700.49,33.1356
2700.89,33.5383
2701.28,32.505
2701.68,31.4061
2702.07,31.2811
2702.47,32.227
2702.87,32.1266
2703.26,31.8154
2703.66,31.0933
2704.05,30.5169
2704.45,31.6246
2704.85,31.8306
2705.24,31.3787
2705.64,31.8566
2706.03,31.874
2706.43,29.8936
2706.83,29.6722
2707.22,30.331
2707.62,29.3136
2708.01,33.8425
2708.41,35.2807
2708.81,31.3932
2709.20,31.8544
2709.60,29.5735
2709.99,27.7814
2710.39,27.5534
2710.79,28.4456
2711.18,28.795
2711.58,27.4463
2711.97,27.7171
2712.37,28.7873
2712.77,29.5397
2713.16,30.4827
2713.56,29.9656
2713.95,29.1537
2714.35,28.6326
2714.75,28.6125
2715.14,29.1626
2715.54,29.7743
2715.93,30.2221
2716.33,30.5241
2716.73,30.5089
2717.12,29.0215
2717.52,27.7851
2717.91,28.4451
2718.31,28.3641
2718.71,27.3934
2719.10,27.8045
2719.50,28.5906
2719.89,28.6241
2720.29,28.7445
2720.69,28.599
2721.08,28.6643
2721.48,29.2787
2721.87,29.0653
2722.27,28.5169
2722.67,27.4175
2723.06,25.3229
2723.46,24.7133
2723.85,26.9942
2724.25,27.7607
2724.65,27.1736
2725.04,27.5779
2725.44,27.8272
2725.83,26.838
2726.23,27.1196
2726.63,26.2029
2727.02,25.9998
2727.42,26.2761
2727.81,27.3215
2728.21,27.2235
2728.61,26.6652
2729.00,26.923
2729.40,26.317
2729.79,26.6422
2730.19,26.3035
2730.59,26.4127
2730.98,25.9995
2731.38,25.7803
2731.77,26.4969
2732.17,27.0822
2732.57,25.8543
2732.96,25.176
2733.36,25.9242
2733.75,26.0963
2734.15,25.8041
2734.55,25.1017
2734.94,25.2892
2735.34,25.713
2735.73,25.8354
2736.13,25.7077
2736.53,25.9232
2736.92,26.3441
2737.32,25.6506
2737.71,24.912
2738.11,25.3566
2738.51,24.9278
2738.90,24.0712
2739.30,24.4113
2739.69,24.964
2740.09,27.3436
2740.49,28.8952
2740.88,26.2196
2741.28,26.2329
2741.67,26.2349
2742.07,25.951
2742.47,25.124
2742.86,24.5888
2743.26,24.7622
2743.65,24.3277
2744.05,24.8412
2744.45,24.6634
2744.84,24.8326
2745.24,25.058
2745.63,25.3525
2746.03,25.7646
2746.43,25.9649
2746.82,25.9998
2747.22,25.4638
2747.61,24.6617
2748.01,24.1028
2748.41,23.2948
2748.80,23.9205
2749.20,24.7439
2749.59,24.6915
2749.99,25.3556
2750.39,25.4836
2750.78,24.7784
2751.18,24.7141
2751.57,25.9131
2751.97,25.4772
2752.37,25.6117
2752.76,25.292
2753.16,24.3327
2753.55,25.2906
2753.95,24.8139
2754.35,24.5049
2754.74,24.1526
2755.14,24.9802
2755.53,25.1762
2755.93,25.2792
2756.33,25.8125
2756.72,24.1789
2757.12,24.4464
2757.51,25.6955
2757.91,25.1095
2758.31,24.2129
2758.70,24.0068
2759.10,24.4862
2759.49,24.4433
2759.89,24.2656
2760.29,24.2776
2760.68,23.8536
2761.08,24.1009
2761.47,24.2091
2761.87,24.0488
2762.27,23.8358
2762.66,24.4205
2763.06,24.0676
2763.45,24.1369
2763.85,23.8369
2764.25,23.1211
2764.64,22.7102
2765.04,21.9334
2765.43,22.0605
2765.83,22.7834
2766.23,22.9125
2766.62,24.3242
2767.02,24.944
2767.41,24.2043
2767.81,24.3279
2768.21,23.9184
2768.60,25.0208
2769.00,24.3371
2769.39,23.8322
2769.79,23.9401
2770.19,24.1015
2770.58,24.0994
2770.98,24.2568
2771.37,23.9489
2771.77,23.9135
2772.17,24.0849
2772.56,23.4138
2772.96,22.9836
2773.35,23.0068
2773.75,23.6394
2774.15,24.2039
2774.54,23.6647
2774.94,24.2014
2775.33,25.0746
2775.73,23.4351
2776.13,24.1755
2776.52,24.9606
2776.92,23.9034
2777.31,23.8409
2777.71,24.4912
2778.11,24.8551
2778.50,25.1198
2778.90,25.1692
2779.29,24.7858
2779.69,25.0712
2780.09,24.9254
2780.48,25.491
2780.88,25.3424
2781.27,25.3607
2781.67,25.0651
2782.07,25.0722
2782.46,25.0448
2782.86,25.2816
2783.25,25.0453
2783.65,23.9509
2784.05,24.7813
2784.44,25.8325
2784.84,25.8856
2785.23,25.4813
2785.63,25.3019
2786.03,25.4657
2786.42,26.1521
2786.82,26.1688
2787.21,25.5774
2787.61,25.4527
2788.01,24.9482
2788.40,24.8186
2788.80,24.977
2789.19,25.3509
2789.59,25.3674
2789.99,25.404
2790.38,25.4241
2790.78,25.3008
2791.17,26.3035
2791.57,26.5349
2791.97,26.6054
2792.36,26.6663
2792.76,26.2217
2793.15,26.9943
2793.55,26.2151
2793.95,26.4636
2794.34,26.2461
2794.74,25.3168
2795.13,25.5864
2795.53,26.2783
2795.93,26.2724
2796.32,26.7159
2796.72,25.6266
2797.11,25.1764
2797.51,25.472
2797.91,26.3684
2798.30,25.8837
2798.70,25.4907
2799.09,25.4692
2799.49,26.1604
2799.89,25.6121
2800.28,25.6478
2800.68,25.1677
2801.07,25.3278
2801.47,25.2996
2801.87,24.6463
2802.26,25.5865
2802.66,26.4015
2803.05,26.1568
2803.45,24.7369
2803.85,24.4444
2804.24,24.791
2804.64,23.9957
2805.03,24.255
2805.43,24.3969
2805.83,24.3379
2806.22,24.6781
2806.62,25.5302
2807.01,23.8479
2807.41,24.8036
2807.81,25.6645
2808.20,25.3883
2808.60,25.1174
2808.99,24.7851
2809.39,24.8841
2809.79,23.4543
2810.18,23.246
2810.58,23.8545
2810.97,23.2833
2811.37,24.0751
2811.77,24.7507
2812.16,24.8385
2812.56,24.7575
2812.95,25.1684
2813.35,24.415
2813.75,24.7793
2814.14,23.9421
2814.54,23.0929
2814.93,22.5262
2815.33,22.7997
2815.73,23.627
2816.12,23.7355
2816.52,24.1417
2816.91,24.4731
2817.31,23.7851
2817.71,23.2166
2818.10,23.0446
2818.50,22.8018
2818.89,20.9361
2819.29,20.6014
2819.69,20.5754
2820.08,21.5079
2820.48,23.5443
2820.87,24.1918
2821.27,23.4972
2821.67,23.1853
2822.06,23.0437
2822.46,22.6506
2822.85,22.6966
2823.25,21.4107
2823.65,20.2671
2824.04,18.7098
2824.44,20.0191
2824.83,21.7033
2825.23,22.3984
2825.63,21.9416
2826.02,22.7407
2826.42,22.7545
2826.81,22.6854
2827.21,21.6233
2827.61,20.8194
2828.00,20.0496
2828.40,19.4269
2828.79,18.6492
2829.19,18.3552
2829.59,19.2174
2829.98,20.5818
2830.38,21.9738
2830.77,22.068
2831.17,22.9669
2831.57,22.3569
2831.96,22.0088
2832.36,21.6719
2832.75,20.5527
2833.15,19.3955
2833.55,18.1666
2833.94,16.8871
2834.34,16.3172
2834.73,17.7662
2835.13,20.0997
2835.53,21.2458
2835.92,20.7849
2836.32,21.7691
2836.71,22.1637
2837.11,21.3889
2837.51,21.2721
2837.90,20.651
2838.30,19.7379
2838.69,19.5175
2839.09,18.3865
2839.49,16.9576
2839.88,17.2476
2840.28,18.3451
2840.67,20.3575
2841.07,20.571
2841.47,20.874
2841.86,20.8768
2842.26,20.9276
2842.65,20.6918
2843.05,20.2265
2843.45,20.1693
2843.84,19.9217
2844.24,20.4674
2844.63,19.7334
2845.03,17.7856
2845.43,16.0718
2845.82,17.9095
2846.22,18.8013
2846.61,20.2113
2847.01,19.4178
2847.41,18.9125
2847.80,19.4459
2848.20,19.1571
2848.59,19.4075
2848.99,19.3614
2849.39,19.1709
2849.78,18.6727
2850.18,18.3905
2850.57,18.8807
2850.97,17.7426
2851.37,17.2227
2851.76,17.8694
2852.16,19.0854
2852.55,18.933
2852.95,19.2108
2853.35,18.653
2853.74,18.6888
2854.14,18.6892
2854.53,18.3826
2854.93,18.5762
2855.33,18.4104
2855.72,18.7467
2856.12,18.2222
2856.51,17.0956
2856.91,15.7654
2857.31,14.5073
2857.70,13.4069
2858.10,13.1727
2858.49,13.4877
2858.89,14.6032
2859.29,15.2928
2859.68,15.4117
2860.08,15.3404
2860.47,16.7172
2860.87,16.6206
2861.27,17.2296
2861.66,17.3185
2862.06,17.368
2862.45,17.2181
2862.85,17.714
2863.25,17.8372
2863.64,16.5014
2864.04,17.5965
2864.43,17.9186
2864.83,18.1707
2865.23,18.5784
2865.62,17.8921
2866.02,17.798
2866.41,18.2593
2866.81,18.0149
2867.21,18.671
2867.60,18.5116
2868.00,17.6137
2868.39,18.0231
2868.79,17.8983
2869.19,17.9487
2869.58,17.1499
2869.98,17.1466
2870.37,14.8925
2870.77,15.0569
2871.17,16.3044
2871.56,16.7115
2871.96,17.0251
2872.35,16.4835
2872.75,16.6559
2873.15,16.9541
2873.54,17.7196
2873.94,18.1481
2874.33,18.0776
2874.73,17.9853
2875.13,17.0243
2875.52,17.3047
2875.92,17.3111
2876.31,16.8041
2876.71,15.4493
2877.11,13.9521
2877.50,15.3319
2877.90,16.2967
2878.29,17.9709
2878.69,18.0357
2879.09,17.5644
2879.48,17.2925
2879.88,17.2335
2880.27,17.133
2880.67,16.9888
2881.07,16.669
2881.46,17.0978
2881.86,17.6453
2882.25,17.4067
2882.65,16.9386
2883.05,15.1562
2883.44,15.2367
2883.84,14.7938
2884.23,14.6879
2884.63,15.1259
2885.03,16.3575
2885.42,17.2918
2885.82,18.3202
2886.21,18.7253
2886.61,19.0159
2887.01,19.1464
2887.40,18.3858
2887.80,19.2164
2888.19,18.4591
2888.59,17.8978
2888.99,17.6983
2889.38,17.869
2889.78,17.6605
2890.17,16.2682
2890.57,16.5262
2890.97,15.8291
2891.36,15.93
2891.76,16.592
2892.15,17.2277
2892.55,18.9337
2892.95,18.844
2893.34,17.3705
2893.74,18.5342
2894.13,18.5606
2894.53,18.8614
2894.93,19.0357
2895.32,18.6186
2895.72,18.7624
2896.11,18.8456
2896.51,19.0813
2896.91,18.9932
2897.30,19.4045
2897.70,19.0769
2898.09,17.7922
2898.49,17.8783
2898.89,17.4231
2899.28,18.1206
2899.68,18.6097
2900.07,19.193
2900.47,18.47
2900.87,19.0646
2901.26,19.3885
2901.66,19.1701
2902.05,19.1901
2902.45,18.4661
2902.85,18.3216
2903.24,18.1361
2903.64,18.0036
2904.03,17.6992
2904.43,16.8457
2904.83,17.5857
2905.22,17.4492
2905.62,17.7165
2906.01,16.9727
2906.41,16.6617
2906.81,16.4358
2907.20,16.851
2907.60,17.5327
2907.99,18.7509
2908.39,18.6837
2908.79,18.0052
2909.18,17.8486
2909.58,17.7004
2909.97,18.5895
2910.37,18.3935
2910.77,17.8354
2911.16,18.289
2911.56,17.4596
2911.95,17.3676
2912.35,17.3217
2912.75,17.5927
2913.14,17.2943
2913.54,17.6922
2913.93,18.489
2914.33,18.3264
2914.73,17.5324
2915.12,18.0255
2915.52,18.0505
2915.91,18.2332
2916.31,18.8683
2916.71,19.3566
2917.10,18.7867
2917.50,18.5717
2917.89,19.0859
2918.29,19.192
2918.69,18.4473
2919.08,19.3406
2919.48,18.4692
2919.87,18.0356
2920.27,18.7531
2920.67,19.0439
2921.06,17.9537
2921.46,18.664
2921.85,18.2048
2922.25,18.31
2922.65,18.8271
2923.04,17.5595
2923.44,18.0916
2923.83,18.0125
2924.23,18.445
2924.63,18.1078
2925.02,17.8321
2925.42,17.684
2925.81,17.788
2926.21,17.4515
2926.61,16.879
2927.00,17.1528
2927.40,17.0847
2927.79,17.6088
2928.19,17.33
2928.59,16.8958
2928.98,17.1027
2929.38,17.0335
2929.77,17.2027
2930.17,16.4946
2930.57,16.1731
2930.96,16.4108
2931.36,16.6377
2931.75,16.2613
2932.15,16.4813
2932.55,17.0213
2932.94,16.4579
2933.34,16.9233
2933.73,18.513
2934.13,17.4535
2934.53,17.4099
2934.92,16.9724
2935.32,17.5117
2935.71,16.2965
2936.11,16.7132
2936.51,17.3035
2936.90,17.4504
2937.30,16.4155
2937.69,16.323
2938.09,16.9523
2938.49,16.0382
2938.88,16.6318
2939.28,17.0319
2939.67,17.5156
2940.07,17.5432
2940.47,16.8246
2940.86,16.6293
2941.26,16.3873
2941.65,17.0249
2942.05,16.8714
2942.45,17.6972
2942.84,17.5369
2943.24,17.4236
2943.63,16.7408
2944.03,16.5079
2944.43,16.1355
2944.82,16.776
2945.22,17.1848
2945.61,16.2466
2946.01,16.236
2946.41,16.5617
2946.80,16.8231
2947.20,16.8768
2947.59,17.0157
2947.99,16.6233
2948.39,16.5542
2948.78,16.8994
2949.18,16.3131
2949.57,17.1306
2949.97,16.4485
2950.37,16.6611
2950.76,16.0826
2951.16,16.6497
2951.55,16.4663
2951.95,17.2337
2952.35,16.8289
2952.74,16.9132
2953.14,16.5438
2953.53,16.474
2953.93,16.0068
2954.33,16.2884
2954.72,16.7071
2955.12,16.456
2955.51,16.9584
2955.91,16.793
2956.31,16.2163
2956.70,14.9626
2957.10,15.7925
2957.49,16.6935
2957.89,16.6027
2958.29,15.8551
2958.68,16.1674
2959.08,15.696
2959.47,15.9457
2959.87,16.0485
2960.27,16.3663
2960.66,16.3828
2961.06,16.6023
2961.45,17.9674
2961.85,18.0931
2962.25,16.9269
2962.64,16.5831
2963.04,17.0275
2963.43,16.8319
2963.83,16.3319
2964.23,16.2663
2964.62,16.0708
2965.02,15.1423
2965.41,16.1804
2965.81,17.103
2966.21,16.6486
2966.60,16.1706
2967.00,17.2332
2967.39,17.7115
2967.79,17.4907
2968.19,17.5918
2968.58,17.479
2968.98,17.3636
2969.37,17.1958
2969.77,16.3821
2970.17,16.4499
2970.56,16.126
2970.96,17.4776
2971.35,17.1564
2971.75,17.0041
2972.15,17.2701
2972.54,17.3133
2972.94,17.3385
2973.33,16.9547
2973.73,17.538
2974.13,17.9091
2974.52,18.8708
2974.92,17.6239
2975.31,16.9003
2975.71,17.7247
2976.11,17.0835
2976.50,17.0212
2976.90,16.738
2977.29,16.757
2977.69,17.4839
2978.09,17.0173
2978.48,17.8418
2978.88,17.5762
2979.27,17.6032
2979.67,17.9327
2980.07,17.5261
2980.46,18.2094
2980.86,18.2016
2981.25,17.7614
2981.65,17.0824
2982.05,17.9279
2982.44,18.0172
2982.84,16.5577
2983.23,17.7483
2983.63,17.0937
2984.03,16.5575
2984.42,17.4603
2984.82,17.2767
2985.21,17.0926
2985.61,16.7788
2986.01,16.1634
2986.40,16.4077
2986.80,17.0667
2987.19,18.1722
2987.59,18.1962
2987.99,16.8359
2988.38,16.7231
2988.78,16.5814
2989.17,15.882
2989.57,16.9835
2989.97,16.0585
2990.36,16.1588
2990.76,16.6004
2991.15,16.689
2991.55,16.7151
2991.95,17.96
2992.34,16.9879
2992.74,16.9935
2993.13,16.4727
2993.53,15.8031
2993.93,16.411
2994.32,16.789
2994.72,17.2028
2995.11,16.9108
2995.51,16.7114
2995.91,16.0865
2996.30,15.8788
2996.70,15.8423
2997.09,16.0718
2997.49,16.8325
2997.89,16.8855
2998.28,17.0312
2998.68,17.1833
2999.07,17.5106
2999.47,16.9165
2999.87,16.4152
3000.01,19.941
3000.67,20.4059
3001.34,20.5278
3002.00,20.7806
3002.67,20.7103
3003.33,20.8872
3004.00,20.7899
3004.66,20.6689
3005.33,20.7467
3005.99,20.8066
3006.66,20.6866
3007.32,20.2539
3007.99,20.3355
3008.65,20.7323
3009.32,21.2209
3009.98,21.051
3010.65,20.4723
3011.31,20.4883
3011.98,20.5642
3012.64,20.6065
3013.31,20.5186
3013.97,20.336
3014.64,20.3556
3015.30,20.1684
3015.97,20.3884
3016.63,20.3028
3017.30,20.0424
3017.96,19.9792
3018.63,20.1768
3019.29,19.7814
3019.96,19.8754
3020.62,20.3623
3021.29,20.5226
3021.95,20.0821
3022.62,19.8224
3023.28,19.8156
3023.95,19.7354
3024.61,19.7476
3025.28,19.7074
3025.94,19.4901
3026.61,20.0911
3027.27,20.2829
3027.94,20.2955
3028.60,19.8616
3029.27,19.4249
3029.93,19.7018
3030.60,19.4435
3031.26,19.0866
3031.93,19.0767
3032.59,19.0113
3033.26,19.3136
3033.92,19.0615
3034.59,19.0892
3035.25,19.1081
3035.92,19.1794
3036.58,19.067
3037.25,18.9318
3037.91,18.8103
3038.58,18.2402
3039.24,18.8404
3039.91,18.6857
3040.57,18.6909
3041.24,18.8443
3041.90,18.6761
3042.57,19.0529
3043.23,19.09
3043.90,19.21
3044.56,18.7805
3045.23,18.5271
3045.89,18.749
3046.56,18.9051
3047.22,19.0639
3047.89,18.9139
3048.55,18.8522
3049.22,18.2592
3049.88,18.109
3050.55,18.4766
3051.21,18.4113
3051.88,18.1154
3052.54,18.5926
3053.21,18.8592
3053.87,18.7999
3054.54,18.525
3055.20,18.6449
3055.87,19.0922
3056.53,18.7765
3057.20,18.3299
3057.86,18.5085
3058.53,19.1652
3059.19,18.4165
3059.86,18.0427
3060.52,18.2015
3061.19,18.2138
3061.85,18.364
3062.52,17.8415
3063.18,17.8743
3063.85,18.5539
3064.51,18.4299
3065.18,18.3422
3065.84,18.4425
3066.51,18.3155
3067.17,18.4194
3067.84,17.9802
3068.50,17.8088
3069.17,18.3931
3069.83,18.2838
3070.50,18.158
3071.16,18.2267
3071.83,17.9316
3072.49,18.1418
3073.16,17.9532
3073.82,17.8731
3074.49,17.9779
3075.15,17.9417
3075.82,17.8146
3076.48,17.8704
3077.15,17.8854
3077.81,18.3679
3078.48,18.1429
3079.14,18.4412
3079.81,18.2662
3080.47,18.0511
3081.14,17.9514
3081.80,18.1591
3082.47,18.0299
3083.13,18.2866
3083.80,18.1574
3084.46,17.6551
3085.13,17.3358
3085.79,17.631
3086.46,17.6621
3087.12,17.4817
3087.79,17.6602
3088.45,17.5516
3089.12,17.8113
3089.78,17.8077
3090.45,18.0388
3091.11,18.0455
3091.78,17.9157
3092.44,17.859
3093.11,17.9782
3093.77,17.9266
3094.44,17.8912
3095.10,17.6722
3095.77,17.7808
3096.43,18.183
3097.10,17.7981
3097.76,17.7016
3098.43,17.6348
3099.09,17.9848
3099.76,17.7548
3100.42,17.7773
3101.09,17.78
3101.75,17.6974
3102.42,17.8011
3103.08,17.61
3103.75,17.7734
3104.41,17.4106
3105.08,17.2802
3105.74,17.6489
3106.41,17.689
3107.07,17.5196
3107.74,17.4006
3108.40,17.5728
3109.07,17.8405
3109.73,17.5488
3110.40,17.2733
3111.06,17.2313
3111.73,17.7099
3112.39,17.7754
3113.06,17.6991
3113.72,17.4502
3114.39,16.9599
3115.05,16.6889
3115.72,16.4839
3116.38,16.8333
3117.05,17.4517
3117.71,17.2504
3118.38,17.0229
3119.04,17.1089
3119.71,17.3653
3120.37,17.598
3121.04,17.428
3121.70,17.3559
3122.37,17.1798
3123.03,17.4545
3123.70,17.2079
3124.36,17.4065
3125.03,16.9565
3125.69,15.8873
3126.36,15.6243
3127.02,16.1535
3127.69,16.4725
3128.35,16.2096
3129.02,16.2888
3129.68,16.2901
3130.35,16.5049
3131.01,16.4092
3131.68,15.8197
3132.34,15.7115
3133.01,16.1393
3133.67,16.5617
3134.34,16.5356
3135.00,16.2505
3135.67,16.1506
3136.33,16.256
3137.00,16.5549
3137.66,16.6887
3138.33,16.0773
3138.99,16.1027
3139.66,15.5134
3140.32,14.9681
3140.99,14.229
3141.65,14.5043
3142.32,14.8348
3142.98,15.1118
3143.65,15.4485
3144.31,15.2824
3144.98,15.2039
3145.64,14.8264
3146.31,14.0582
3146.97,14.3617
3147.64,15.2524
3148.30,15.4748
3148.97,15.2997
3149.63,15.2762
3150.30,14.9626
3150.96,14.9128
3151.63,14.8393
3152.29,14.3619
3152.96,13.8948
3153.62,13.7847
3154.29,14.074
3154.95,14.5164
3155.62,13.3673
3156.28,11.8856
3156.95,12.7665
3157.61,13.9451
3158.28,13.6589
3158.94,13.5458
3159.61,12.4581
3160.27,11.9404
3160.94,13.4414
3161.60,13.8399
3162.27,13.904
3162.93,14.2977
3163.60,14.4652
3164.26,14.0771
3164.93,12.2027
3165.59,11.5719
3166.26,12.0685
3166.92,11.9194
3167.59,12.5453
3168.25,12.7477
3168.92,13.002
3169.58,13.4452
3170.25,12.279
3170.91,9.78091
3171.58,9.96901
3172.24,11.8595
3172.91,11.4187
3173.57,9.31865
3174.24,9.62009
3174.90,10.6679
3175.57,10.9245
3176.23,11.6231
3176.90,11.8754
3177.56,10.7115
3178.23,11.0379
3178.89,11.6929
3179.56,11.2285
3180.22,9.96426
3180.89,10.4113
3181.55,11.9404
3182.22,11.943
3182.88,10.8396
3183.55,11.0708
3184.21,10.1491
3184.88,8.4604
3185.54,7.97434
3186.21,9.36958
3186.87,8.55094
3187.54,7.88834
3188.20,8.43826
3188.87,9.21236
3189.53,8.6764
3190.20,7.84206
3190.86,9.47896
3191.53,10.1069
3192.19,8.82042
3192.86,8.70342
3193.52,9.41737
3194.19,9.17498
3194.85,9.55258
3195.52,10.9339
3196.18,11.3342
3196.85,10.9419
3197.51,10.8499
3198.18,9.97753
3198.84,7.95594
3199.51,5.91807
3200.17,4.79295
3200.84,4.97109
3201.50,6.04987
3202.17,8.09626
3202.83,8.99001
3203.50,8.70598
3204.16,7.8492
3204.83,8.02908
3205.49,7.60315
3206.16,6.70587
3206.82,7.99742
3207.49,10.3411
3208.15,10.0061
3208.82,9.58306
3209.48,8.37816
3210.15,7.62394
3210.81,8.0032
3211.48,10.6156
3212.14,10.1405
3212.81,5.35139
3213.47,3.909
3214.14,4.45144
3214.80,4.84846
3215.47,5.85463
3216.13,6.13241
3216.80,6.38602
3217.46,5.62307
3218.13,6.25262
3218.79,8.07748
3219.46,7.51415
3220.12,7.55055
3220.79,12.8573
3221.45,13.8504
3222.12,9.41224
3222.78,8.12452
3223.45,8.16545
3224.11,8.16857
3224.78,7.94316
3225.44,6.482
3226.11,4.60194
3226.77,4.07325
3227.44,5.02241
3228.10,5.95697
3228.77,5.39477
3229.43,5.23721
3230.10,11.8797
3230.76,18.9318
3231.43,11.2928
3232.09,5.55809
3232.76,5.45519
3233.42,5.96853
3234.09,5.97384
3234.75,5.29274
3235.42,4.7855
3236.08,3.17006
3236.75,2.77784
3237.41,3.61255
3238.08,4.38521
3238.74,4.04623
3239.41,6.76171
3240.07,24.0132
3240.74,25.8006
3241.40,8.30034
3242.07,2.05996
3242.73,1.73887
3243.40,3.34009
3244.06,6.03681
3244.73,5.90653
3245.39,3.19865
3246.06,2.07574
3246.72,2.20677
3247.39,3.57546
3248.05,3.25313
3248.72,1.70768
3249.38,8.77794
3250.05,25.91
3250.71,20.6365
3251.38,5.25095
3252.04,1.93084
3252.71,1.80381
3253.37,1.87358
3254.04,3.83745
3254.70,5.12813
3255.37,2.86216
3256.03,3.14162
3256.70,5.24094
3257.36,3.32923
3258.03,1.24054
3258.69,1.94229
3259.36,12.6568
3260.02,34.7012
3260.69,24.8807
3261.35,5.10661
3262.02,1.34756
3262.68,1.49447
3263.35,2.19696
3264.01,5.66906
3264.68,9.32127
3265.34,6.74909
3266.01,5.29483
3266.67,3.25616
3267.34,1.77791
3268.00,1.57089
3268.67,2.0952
3269.33,10.0028
3270.00,32.9857
3270.66,30.0378
3271.33,7.84537
3271.99,2.1408
3272.66,2.63235
3273.32,3.33052
3273.99,5.15999
3274.65,12.8978
3275.32,12.2109
3275.98,4.74229
3276.65,2.44159
3277.31,2.35891
3277.98,1.99443
3278.64,2.20298
3279.31,6.48358
3279.97,19.9085
3280.64,25.1874
3281.30,11.3445
3281.97,3.03199
3282.63,2.23152
3283.30,3.03883
3283.96,3.63094
3284.63,8.28894
3285.29,13.3468
3285.96,7.9333
3286.62,3.03979
3287.29,2.45963
3287.95,2.55473
3288.62,2.79994
3289.28,4.05547
3289.95,7.93664
3290.61,13.0176
3291.28,12.1176
3291.94,5.64425
3292.61,3.32704
3293.27,2.81462
3293.94,2.82745
3294.60,4.27566
3295.27,7.03973
3295.93,8.04882
3296.60,4.53427
3297.26,2.41613
3297.93,2.43437
3298.59,2.70213
3299.26,3.27368
3299.92,4.56744
3300.59,5.20162
3301.25,10.7796
3301.92,10.8355
3302.58,4.95199
3303.25,4.38096
3303.91,4.61584
3304.58,4.91227
3305.24,4.56513
3305.91,5.34384
3306.57,6.94599
3307.24,5.45928
3307.90,3.76193
3308.57,3.29102
3309.23,4.30066
3309.90,5.41973
3310.56,4.78908
3311.23,5.27067
3311.89,19.5748
3312.56,61.6129
3313.22,91.9074
3313.89,89.1181
3314.55,72.2087
3315.22,56.5556
3315.88,39.8976
3316.55,28.9016
3317.21,20.8778
3317.88,13.1291
3318.54,9.77713
3319.21,11.8604
3319.87,17.304
3320.54,17.7306
3321.20,16.8721
3321.87,22.3753
3322.53,34.6066
3323.20,48.8344
3323.86,49.0981
3324.53,38.2505
3325.19,25.0604
3325.86,16.4471
3326.52,12.5202
3327.19,10.3925
3327.85,8.99947
3328.52,7.54612
3329.18,7.50484
3329.85,8.09741
3330.51,8.50285
3331.18,9.27187
3331.84,8.9594
3332.51,11.027
3333.17,14.257
3333.84,20.519
3334.50,22.494
3335.17,11.3062
3335.83,5.7753
3336.50,5.83033
3337.16,5.54657
3337.83,5.08696
3338.49,5.62153
3339.16,6.32788
3339.82,7.50479
3340.49,6.79501
3341.15,5.31163
3341.82,5.21922
3342.48,5.33326
3343.15,5.53435
3343.81,6.89741
3344.48,11.2333
3345.14,27.3419
3345.81,34.5523
3346.47,15.5839
3347.14,6.4626
3347.80,5.22144
3348.47,5.95685
3349.13,8.11724
3349.80,8.74075
3350.46,7.34241
3351.13,8.15277
3351.79,8.15941
3352.46,7.23614
3353.12,5.54981
3353.79,4.89114
3354.45,4.71799
3355.12,7.08234
3355.78,15.1743
3356.45,36.93
3357.11,44.6394
3357.78,17.5841
3358.44,4.3552
3359.11,4.02002
3359.77,8.26232
3360.44,12.03
3361.10,11.1655
3361.77,8.38731
3362.43,6.45997
3363.10,7.16191
3363.76,6.66422
3364.43,5.41187
3365.09,5.21024
3365.76,6.08861
3366.42,9.11134
3367.09,13.0896
3367.75,23.9166
3368.42,42.0497
3369.08,26.774
3369.75,8.88757
3370.41,6.14805
3371.08,10.2011
3371.74,12.1773
3372.41,8.49015
3373.07,8.70911
3373.74,8.17285
3374.40,7.20251
3375.07,6.82102
3375.73,6.53088
3376.40,7.50604
3377.06,8.09503
3377.73,8.5981
3378.39,10.4945
3379.06,16.6845
3379.72,41.3343
3380.39,49.4118
3381.05,22.9084
3381.72,9.1129
3382.38,11.9298
3383.05,13.4477
3383.71,10.4778
3384.38,9.11255
3385.04,8.30367
3385.71,7.57749
3386.37,7.70067
3387.04,7.58316
3387.70,7.75057
3388.37,8.04972
3389.03,8.92821
3389.70,11.5271
3390.36,12.8289
3391.03,19.7247
3391.69,36.2201
3392.36,34.3243
3393.02,15.7066
3393.69,10.8055
3394.35,15.4223
3395.02,13.8211
3395.68,10.7506
3396.35,9.53935
3397.01,8.82472
3397.68,8.57399
3398.34,8.97426
3399.01,8.36592
3399.67,8.2091
3400.34,8.45961
3401.00,10.2637
3401.67,11.3677
3402.33,12.2084
3403.00,19.4562
3403.66,26.8816
3404.33,23.7173
3404.99,12.7422
3405.66,7.79469
3406.32,9.06372
3406.99,8.68389
3407.65,9.37554
3408.32,9.54382
3408.98,7.5189
3409.65,6.16549
3410.31,5.36442
3410.98,5.84706
3411.64,7.70381
3412.31,10.3394
3412.97,11.3283
3413.64,9.46846
3414.30,9.3977
3414.97,12.815
3415.63,17.1817
3416.30,21.0195
3416.96,17.2973
3417.63,12.516
3418.29,11.8011
3418.96,9.81317
3419.62,9.26542
3420.29,10.3107
3420.95,9.80166
3421.62,8.88707
3422.28,7.71805
3422.95,7.11551
3423.61,7.29907
3424.28,5.55509
3424.94,3.67032
3425.61,3.14088
3426.27,4.45326
3426.94,9.11175
3427.60,11.9161
3428.27,11.5095
3428.93,9.69438
3429.60,7.34635
3430.26,6.24659
3430.93,4.90394
3431.59,4.90633
3432.26,7.0676
3432.92,8.15391
3433.59,7.3089
3434.25,6.49886
3434.92,4.96274
3435.58,4.57699
3436.25,5.29518
3436.91,5.3139
3437.58,5.14023
3438.24,5.26756
3438.91,7.42086
3439.57,9.49636
3440.24,10.3817
3440.90,9.40178
3441.57,7.6312
3442.23,5.67184
3442.90,4.79913
3443.56,4.96118
3444.23,5.06418
3444.89,3.88213
3445.56,2.17449
3446.22,1.22879
3446.89,1.28965
3447.55,1.76624
3448.22,1.97121
3448.88,2.83602
3449.55,3.48727
3450.21,3.71381
3450.88,3.87007
3451.54,4.79322
3452.21,6.19402
3452.87,6.55453
3453.54,6.63318
3454.20,7.37684
3454.87,6.1862
3455.53,4.39466
3456.20,4.87329
3456.86,5.68468
3457.53,6.78745
3458.19,6.84169
3458.86,6.44084
3459.52,5.9085
3460.19,5.83619
3460.85,5.01642
3461.52,3.21202
3462.18,2.63769
3462.85,2.52763
3463.51,2.30811
3464.18,2.66257
3464.84,2.188
3465.51,2.04133
3466.17,2.0306
3466.84,2.24054
3467.50,2.35817
3468.17,2.66291
3468.83,3.46162
3469.50,4.80691
3470.16,4.96132
3470.83,4.62861
3471.49,4.09456
3472.16,3.9137
3472.82,3.52204
3473.49,2.57972
3474.15,1.65464
3474.82,1.45532
3475.48,2.00012
3476.15,2.40261
3476.81,2.599
3477.48,2.46319
3478.14,3.4742
3478.81,5.04708
3479.47,5.49224
3480.14,5.0832
3480.80,4.51192
3481.47,5.53006
3482.13,6.13231
3482.80,4.99624
3483.46,4.3721
3484.13,4.08887
3484.79,3.17324
3485.46,1.94524
3486.12,1.73593
3486.79,1.22796
3487.45,1.155
3488.12,1.34278
3488.78,1.27703
3489.45,1.53738
3490.11,2.41931
3490.78,3.77162
3491.44,4.86659
3492.11,4.45524
3492.77,3.24415
3493.44,2.46718
3494.10,2.26961
3494.77,2.54817
3495.43,3.8123
3496.10,3.91325
3496.76,2.65365
3497.43,2.17
3498.09,1.87642
3498.76,1.58253
3499.42,1.34013
3500.09,1.18274
3500.75,1.64626
3501.42,2.02126
3502.08,2.67346
3502.75,2.08276
3503.41,1.75315
3504.08,2.01236
3504.74,2.74841
3505.41,3.56221
3506.07,3.65149
3506.74,3.66392
3507.40,2.88452
3508.07,2.72722
3508.73,2.65624
3509.40,1.41645
3510.06,1.3918
3510.73,1.28378
3511.39,1.34777
3512.06,1.31381
3512.72,1.63171
3513.39,1.7958
3514.05,1.90004
3514.72,2.53195
3515.38,4.38837
3516.05,5.93376
3516.71,6.04382
3517.38,6.71194
3518.04,6.78393
3518.71,6.34276
3519.37,5.11226
3520.04,3.73322
3520.70,3.51693
3521.37,4.70254
3522.03,6.50899
3522.70,6.92192
3523.36,6.5875
3524.03,6.09093
3524.69,5.92805
3525.36,5.21811
3526.02,3.41257
3526.69,2.27545
3527.35,2.66278
3528.02,3.31059
3528.68,3.44041
3529.35,3.299
3530.01,2.89358
3530.68,2.31919
3531.34,1.9683
3532.01,1.7379
3532.67,2.21566
3533.34,4.49349
3534.00,3.7764
3534.67,1.7758
3535.33,1.93275
3536.00,2.11887
3536.66,1.9359
3537.33,2.06017
3537.99,2.9083
3538.66,3.14694
3539.32,2.18508
3539.99,1.76329
3540.65,2.15338
3541.32,3.13875
3541.98,4.17779
3542.65,4.31385
3543.31,3.65086
3543.98,4.26333
3544.64,3.48532
3545.31,1.95831
3545.97,1.71228
3546.64,1.58725
3547.30,1.52264
3547.97,1.35278
3548.63,1.69877
3549.30,2.6565
3549.96,2.74181
3550.63,2.16262
3551.29,2.06312
3551.96,3.4066
3552.62,4.10283
3553.29,2.98472
3553.95,1.85725
3554.62,1.53296
3555.28,1.6918
3555.95,2.35045
3556.61,2.9514
3557.28,2.80607
3557.94,2.00555
3558.61,2.38605
3559.27,2.99641
3559.94,2.65264
3560.60,3.7236
3561.27,4.7378
3561.93,5.13237
3562.60,5.9113
3563.26,4.90791
3563.93,2.79851
3564.59,1.58559
3565.26,1.51148
3565.92,1.75912
3566.59,1.64918
3567.25,1.97877
3567.92,3.24068
3568.58,4.96407
3569.25,5.643
3569.91,5.92498
3570.58,5.26658
3571.24,4.88714
3571.91,4.20788
3572.57,4.37818
3573.24,5.0759
3573.90,5.4063
3574.57,4.59931
3575.23,3.60266
3575.90,4.27637
3576.56,4.61546
3577.23,4.52231
3577.89,5.11825
3578.56,5.87953
3579.22,4.78423
3579.89,3.53121
3580.55,2.71969
3581.22,2.36303
3581.88,2.28204
3582.55,3.44938
3583.21,4.47641
3583.88,4.8342
3584.54,4.48895
3585.21,3.33153
3585.87,2.21203
3586.54,1.72817
3587.20,1.98627
3587.87,2.175
3588.53,3.69351
3589.20,5.90164
3589.86,6.86916
3590.53,5.7691
3591.19,4.3083
3591.86,3.24531
3592.52,3.5745
3593.19,4.94226
3593.85,6.09983
3594.52,6.59336
3595.18,6.05128
3595.85,6.05413
3596.51,6.19593
3597.18,6.63532
3597.84,6.75584
3598.51,6.58371
3599.17,6.29656
3599.84,6.77076
3600.50,7.33929
3601.17,7.73857
3601.83,7.56374
3602.50,7.49639
3603.16,7.10197
3603.83,5.65406
3604.49,3.63004
3605.16,2.64193
3605.82,2.73875
3606.49,2.4658
3607.15,2.21103
3607.82,1.72448
3608.48,2.87225
3609.15,5.0715
3609.81,6.23045
3610.48,6.58102
3611.14,6.61381
3611.81,6.15318
3612.47,6.1436
3613.14,6.83509
3613.80,7.86595
3614.47,8.64059
3615.13,8.27779
3615.80,7.96134
3616.46,8.18068
3617.13,7.62469
3617.79,6.54935
3618.46,6.36346
3619.12,6.70705
3619.79,8.47792
3620.45,10.3312
3621.12,8.93604
3621.78,8.16833
3622.45,8.1938
3623.11,7.56878
3623.78,7.64723
3624.44,6.79358
3625.11,5.02983
3625.77,3.07346
3626.44,2.62498
3627.10,2.92324
3627.77,3.71657
3628.43,5.49928
3629.10,7.30757
3629.76,8.23669
3630.43,8.27655
3631.09,7.93919
3631.76,7.69151
3632.42,8.3857
3633.09,9.24836
3633.75,9.28839
3634.42,9.33965
3635.08,7.86703
3635.75,6.49616
3636.41,6.49542
3637.08,7.34092
3637.74,8.38087
3638.41,8.56846
3639.07,8.6888
3639.74,8.89081
3640.40,7.9092
3641.07,7.42608
3641.73,7.79073
3642.40,8.95407
3643.06,9.49486
3643.73,8.69385
3644.39,7.40293
3645.06,6.74598
3645.72,5.0988
3646.39,3.40417
3647.05,3.62785
3647.72,4.38103
3648.38,5.88278
3649.05,7.86545
3649.71,8.89384
3650.38,8.95181
3651.04,8.82076
3651.71,8.76791
3652.37,9.36179
3653.04,9.64559
3653.70,9.8229
3654.37,9.92422
3655.03,10.2688
3655.70,10.0726
3656.36,9.39932
3657.03,8.9957
3657.69,8.06427
3658.36,7.27301
3659.02,6.83065
3659.69,7.84373
3660.35,9.85515
3661.02,10.2805
3661.68,9.76589
3662.35,9.31977
3663.01,8.48124
3663.68,7.21115
3664.34,8.01162
3665.01,8.76767
3665.67,8.7747
3666.34,8.14749
3667.00,7.53405
3667.67,10.8472
3668.33,15.3033
3669.00,12.1868
3669.66,9.54488
3670.33,9.62472
3670.99,9.95553
3671.66,10.4256
3672.32,10.2335
3672.99,10.5079
3673.65,10.454
3674.32,9.76016
3674.98,9.21374
3675.65,9.51009
3676.31,9.90802
3676.98,9.84858
3677.64,9.17499
3678.31,8.60685
3678.97,8.43105
3679.64,8.65408
3680.30,9.1731
3680.97,9.67829
3681.63,9.21225
3682.30,7.61486
3682.96,5.9024
3683.63,5.33414
3684.29,7.03557
3684.96,8.07679
3685.62,8.02631
3686.29,6.43584
3686.95,5.28492
3687.62,5.36565
3688.28,5.67498
3688.95,6.28598
3689.61,7.57435
3690.28,7.3802
3690.94,5.57984
3691.61,5.31293
3692.27,7.29997
3692.94,8.51023
3693.60,8.99324
3694.27,9.50367
3694.93,9.56853
3695.60,9.24495
3696.26,8.59167
3696.93,6.57681
3697.59,6.83395
3698.26,8.61622
3698.92,9.21138
3699.59,8.9086
3700.25,9.12754
3700.92,9.75094
3701.58,9.94288
3702.25,9.9888
3702.91,9.12756
3703.58,7.90164
3704.24,8.15913
3704.91,9.08989
3705.57,9.19986
3706.24,8.68372
3706.90,7.86079
3707.57,8.10458
3708.23,7.38541
3708.90,6.87917
3709.56,7.34427
3710.23,7.61183
3710.89,5.98754
3711.56,4.09144
3712.22,4.79189
3712.89,5.27573
3713.55,3.68624
3714.22,3.58133
3714.88,4.75842
3715.55,4.90681
3716.21,4.46174
3716.88,5.97152
3717.54,7.30154
3718.21,7.87028
3718.87,7.9821
3719.54,8.24433
3720.20,8.61935
3720.87,8.70523
3721.53,9.03929
3722.20,9.2735
3722.86,9.21713
3723.53,8.86573
3724.19,8.20596
3724.86,8.07845
3725.52,7.67662
3726.19,6.89433
3726.85,6.66291
3727.52,7.3206
3728.18,7.68057
3728.85,8.23897
3729.51,8.10824
3730.18,7.17378
3730.84,7.20596
3731.51,7.26676
3732.17,6.13548
3732.84,4.09243
3733.50,3.12385
3734.17,4.57352
3734.83,6.13419
3735.50,5.55536
3736.16,4.65965
3736.83,4.2249
3737.49,3.36172
3738.16,2.91659
3738.82,2.8655
3739.49,2.55576
3740.15,3.75167
3740.82,5.59222
3741.48,6.50455
3742.15,6.36315
3742.81,5.86065
3743.48,6.13173
3744.14,6.38869
3744.81,6.05233
3745.47,6.68966
3746.14,7.57627
3746.80,8.2157
3747.47,8.19958
3748.13,7.83932
3748.80,6.68677
3749.46,5.20048
3750.13,5.03699
3750.79,5.47875
3751.46,5.17098
3752.12,3.42928
3752.79,2.85214
3753.45,4.16284
3754.12,4.94432
3754.78,5.34509
3755.45,6.60036
3756.11,6.53122
3756.78,6.75236
3757.44,7.53987
3758.11,7.49227
3758.77,6.61249
3759.44,6.06847
3760.10,6.26605
3760.77,5.6413
3761.43,4.86653
3762.10,3.94231
3762.76,4.46062
3763.43,5.25152
3764.09,4.06247
3764.76,2.50217
3765.42,1.81054
3766.09,2.58469
3766.75,3.52791
3767.42,4.53744
3768.08,5.38187
3768.75,6.50693
3769.41,5.89657
3770.08,4.01823
3770.74,2.68597
3771.41,2.42706
3772.07,2.40345
3772.74,4.05957
3773.40,5.48704
3774.07,4.89958
3774.73,4.40215
3775.40,5.22682
3776.06,5.74698
3776.73,4.11356
3777.39,3.50786
3778.06,4.99482
3778.72,4.57572
3779.39,3.12541
3780.05,3.28466
3780.72,4.3468
3781.38,4.91447
3782.05,6.32457
3782.71,6.60664
3783.38,5.6671
3784.04,5.43661
3784.71,6.23549
3785.37,6.43327
3786.04,6.48492
3786.70,6.59892
3787.37,5.97811
3788.03,4.64319
3788.70,2.99322
3789.36,2.19684
3790.03,2.91701
3790.69,2.92133
3791.36,3.53472
3792.02,4.82165
3792.69,5.35763
3793.35,5.35657
3794.02,4.62436
3794.68,3.96846
3795.35,4.71813
3796.01,4.84491
3796.68,4.10715
3797.34,3.21646
3798.01,2.62433
3798.67,3.02016
3799.34,3.97001
3800.00,4.76089
3800.67,5.08592
3801.33,5.06837
3802.00,5.61487
3802.66,5.65976
3803.33,4.66831
3803.99,2.97014
3804.66,2.82029
3805.32,3.93603
3805.99,5.35623
3806.65,6.09602
3807.32,5.85076
3807.98,5.3859
3808.65,4.85959
3809.31,5.82188
3809.98,6.15624
3810.64,5.68963
3811.31,4.93395
3811.97,3.76409
3812.64,3.33163
3813.30,4.08309
3813.97,5.63471
3814.63,6.80392
3815.30,6.94383
3815.96,6.11241
3816.63,4.60449
3817.29,3.42888
3817.96,3.31906
3818.62,2.67288
3819.29,2.98287
3819.95,3.44971
3820.62,4.5303
3821.28,5.95189
3821.95,5.90263
3822.61,5.96117
3823.28,4.99106
3823.94,3.55162
3824.61,2.04434
3825.27,2.07236
3825.94,3.50704
3826.60,4.85493
3827.27,6.01497
3827.93,6.72872
3828.60,6.4063
3829.26,6.33439
3829.93,5.63626
3830.59,4.54737
3831.26,3.29334
3831.92,2.74841
3832.59,3.0021
3833.25,4.29498
3833.92,4.48886
3834.58,3.36788
3835.25,4.11943
3835.91,5.39966
3836.58,6.21421
3837.24,5.7342
3837.91,4.42815
3838.57,4.20404
3839.24,3.89394
3839.90,3.02278
3840.57,2.6519
3841.23,3.20187
3841.90,3.3267
3842.56,3.47117
3843.23,3.08347
3843.89,3.50446
3844.56,4.4771
3845.22,4.50971
3845.89,4.12279
3846.55,3.96672
3847.22,4.23126
3847.88,5.24926
3848.55,5.56989
3849.21,6.7309
3849.88,7.02972
3850.54,6.9866
3851.21,7.54295
3851.87,7.55886
3852.54,7.27348
3853.20,6.63774
3853.87,6.72685
3854.53,6.65532
3855.20,5.8065
3855.86,4.53242
3856.53,5.22511
3857.19,6.64808
3857.86,7.25064
3858.52,7.26259
3859.19,7.26772
3859.85,6.8143
3860.52,6.55611
3861.18,6.08143
3861.85,4.98469
3862.51,3.37341
3863.18,2.82379
3863.84,3.32892
3864.51,4.67713
3865.17,5.07897
3865.84,4.46112
3866.50,4.23564
3867.17,3.90769
3867.83,3.59874
3868.50,3.24656
3869.16,3.58631
3869.83,3.90555
3870.49,3.9495
3871.16,4.04816
3871.82,4.38644
3872.49,3.7471
3873.15,3.91219
3873.82,4.62411
3874.48,5.65943
3875.15,5.96038
3875.81,6.56134
3876.48,6.11013
3877.14,5.19059
3877.81,4.73207
3878.47,4.23574
3879.14,5.30327
3879.80,6.8162
3880.47,7.60491
3881.13,6.63294
3881.80,5.67287
3882.46,5.63917
3883.13,5.97168
3883.79,7.03192
3884.46,7.57267
3885.12,7.20335
3885.79,6.16466
3886.45,5.57054
3887.12,5.93184
3887.78,6.53463
3888.45,6.39908
3889.11,5.79463
3889.78,4.68701
3890.44,4.13573
3891.11,4.35672
3891.77,5.31342
3892.44,5.78712
3893.10,5.52603
3893.77,4.53117
3894.43,4.99257
3895.10,6.89112
3895.76,7.24595
3896.43,7.01885
3897.09,6.73593
3897.76,6.84764
3898.42,7.47693
3899.09,8.17874
3899.75,8.51951
3900.42,7.52342
3901.08,6.46905
3901.75,6.3825
3902.41,5.60161
3903.08,5.57123
3903.74,7.80977
3904.41,7.50578
3905.07,6.22728
3905.74,5.14489
3906.40,5.32073
3907.07,6.25204
3907.73,6.60952
3908.40,6.33167
3909.06,5.63062
3909.73,5.0395
3910.39,4.85494
3911.06,4.5256
3911.72,5.31855
3912.39,6.19561
3913.05,7.09152
3913.72,8.40236
3914.38,9.86832
3915.05,8.01297
3915.71,7.23604
3916.38,7.80781
3917.04,8.56165
3917.71,7.94911
3918.37,7.72935
3919.04,7.618
3919.70,7.22913
3920.37,7.46837
3921.03,7.28215
3921.70,7.53381
3922.36,7.42678
3923.03,7.26567
3923.69,7.60584
3924.36,7.22558
3925.02,5.90381
3925.69,5.50686
3926.35,5.53026
3927.02,5.06292
3927.68,5.70159
3928.35,8.33597
3929.01,8.51299
3929.68,7.70238
3930.34,6.86399
3931.01,6.37266
3931.67,7.38308
3932.34,8.05559
3933.00,8.44238
3933.67,7.88288
3934.33,7.29407
3935.00,7.28737
3935.66,7.65428
3936.33,8.3103
3936.99,8.64918
3937.66,8.24786
3938.32,8.08865
3938.99,7.75379
3939.65,7.6115
3940.32,7.56579
3940.98,7.09362
3941.65,6.10974
3942.31,5.58468
3942.98,6.03642
3943.64,6.93045
3944.31,7.83517
3944.97,9.3517
3945.64,9.60363
3946.30,8.88508
3946.97,8.21478
3947.63,7.40189
3948.30,7.68454
3948.96,8.3674
3949.63,8.30133
3950.29,8.48196
3950.96,8.27364
3951.62,8.15521
3952.29,12.3134
3952.95,18.9174
3953.62,12.6589
3954.28,6.57415
3954.95,6.27549
3955.61,7.07726
3956.28,7.35932
3956.94,7.69134
3957.61,8.07042
3958.27,7.76407
3958.94,8.07838
3959.60,7.956
3960.27,8.90877
3960.93,9.10617
3961.60,8.82705
3962.26,8.76153
3962.93,9.01451
3963.59,9.10464
3964.26,9.73094
3964.92,8.98092
3965.59,8.38003
3966.25,8.19446
3966.92,9.03358
3967.58,9.31308
3968.25,8.91722
3968.91,9.28759
3969.58,8.94385
3970.24,9.77542
3970.91,12.3363
3971.57,11.0871
3972.24,8.89289
3972.90,8.05301
3973.57,7.0488
3974.23,6.67416
3974.90,6.10577
3975.56,6.11589
3976.23,7.73015
3976.89,8.7923
3977.56,8.30035
3978.22,8.07646
3978.89,7.48418
3979.55,6.47679
3980.22,6.70704
3980.88,7.12696
3981.55,6.96284
3982.21,7.22509
3982.88,7.99325
3983.54,8.51662
3984.21,9.36828
3984.87,12.1529
3985.54,14.7655
3986.20,12.5807
3986.87,12.0675
3987.53,10.6413
3988.20,8.80193
3988.86,8.33256
3989.53,8.98713
3990.19,9.44806
3990.86,9.12568
3991.52,8.82565
3992.19,8.35208
3992.85,8.27412
3993.52,9.18417
3994.18,10.3547
3994.85,9.98372
3995.51,8.25079
3996.18,8.14008
3996.84,8.61489
3997.51,9.11541
3998.17,8.85872
3998.84,8.50836
3999.50,7.81236
4000.17,7.59898
4000.83,7.99587
4001.50,7.98342
4002.16,8.33524
4002.83,8.57731
4003.49,8.51837
4004.16,8.54691
4004.82,8.62263
4005.49,8.26914
4006.15,7.53035
4006.82,7.3677
4007.48,7.11248
4008.15,7.71508
4008.81,7.73454
4009.48,7.57734
4010.14,7.27832
4010.81,7.4758
4011.47,8.69443
4012.14,9.79338
4012.80,9.64564
4013.47,9.88466
4014.13,8.71217
4014.80,8.48991
4015.46,8.45614
4016.13,8.13897
4016.79,8.56602
4017.46,8.67485
4018.12,9.20859
4018.79,9.07369
4019.45,8.66806
4020.12,9.02103
4020.78,9.26505
4021.45,10.3641
4022.11,9.89451
4022.78,9.72571
4023.44,9.36361
4024.11,8.89309
4024.77,9.19774
4025.44,8.82225
4026.10,8.5191
4026.77,9.18599
4027.43,8.48834
4028.10,9.0526
4028.76,9.71041
4029.43,9.73368
4030.09,9.82222
4030.76,9.93489
4031.42,9.54299
4032.09,9.05668
4032.75,9.07517
4033.42,8.69233
4034.08,8.61242
4034.75,8.34848
4035.41,8.10731
4036.08,8.428
4036.74,8.55062
4037.41,7.92484
4038.07,8.70348
4038.74,9.09614
4039.40,8.87355
4040.07,8.64607
4040.73,8.33355
4041.40,8.40829
4042.06,8.51266
4042.73,9.08268
4043.39,9.04253
4044.06,9.82238
4044.72,9.67141
4045.39,9.1038
4046.05,9.18503
4046.72,9.07359
4047.38,10.1165
4048.05,9.62922
4048.71,10.0724
4049.38,9.70029
4050.04,9.26681
4050.71,8.8665
4051.37,8.60389
4052.04,8.88843
4052.70,9.12085
4053.37,9.30083
4054.03,9.35773
4054.70,9.20245
4055.36,8.55131
4056.03,8.95455
4056.69,8.9495
4057.36,10.8711
4058.02,11.4089
4058.69,10.7794
4059.35,9.85148
4060.02,10.6733
4060.68,10.9159
4061.35,10.7344
4062.01,9.96279
4062.68,10.708
4063.34,11.7452
4064.01,11.7777
4064.67,11.3364
4065.34,12.4189
4066.00,14.7247
4066.67,14.0442
4067.33,13.2706
4068.00,15.4857
4068.66,16.8855
4069.33,18.471
4069.99,18.4078
4070.66,18.4377
4071.32,23.4007
4071.99,22.5957
4072.65,20.7432
4073.32,21.7117
4073.98,16.534
4074.65,17.9758
4075.31,18.5862
4075.98,18.1007
4076.64,18.7629
4077.31,17.2235
4077.97,18.3399
4078.64,19.5608
4079.30,18.3548
4079.97,14.3726
4080.63,17.0569
4081.30,15.4507
4081.96,14.769
4082.63,15.1351
4083.29,19.9617
4083.96,22.0646
4084.62,18.0274
4085.29,29.7396
4085.95,34.0912
4086.62,35.0827
4087.28,38.848
4087.95,40.2795
4097.92,6.18614
4098.59,5.14069
4099.25,3.97154
4099.92,3.47808
4100.58,3.96858
4101.25,2.33464
4101.91,5.64514
4102.58,5.35393
4103.24,4.67017
4103.91,0.221871
4104.57,1.70261
4105.24,0.433859
4105.90,-1.01463
4106.57,-0.429542
4107.23,5.69488
4107.90,9.23558
4108.56,2.94121
4109.23,1.11506
4109.89,-1.16247
4110.56,0.241489
4111.22,1.82574
4111.89,-0.548649
4112.55,3.38917
4113.22,3.21994
4113.88,2.57479
4114.55,1.61533
4115.21,1.19433
4115.88,4.01144
4116.54,4.02492
4117.21,5.1845
4117.87,4.51481
4118.54,1.03871
4119.20,2.29449
4119.87,3.19075
4120.53,4.14296
4121.20,3.06368
4121.86,3.33384
4122.53,3.07357
4123.19,5.38876
4123.86,6.51316
4124.52,7.73796
4125.19,7.75015
4125.85,5.5739
4126.52,3.78397
4127.18,5.27059
4127.85,7.94698
4128.51,9.09528
4129.18,9.47424
4129.84,7.70188
4130.51,6.05474
4131.17,3.65848
4131.84,5.56083
4132.50,9.03684
4133.17,11.7216
4133.83,12.3898
4134.50,12.8137
4135.16,11.8089
4135.83,12.1107
4136.49,11.365
4137.16,12.3606
4137.82,13.4079
4138.49,11.4083
4139.15,11.6749
4139.82,11.8336
4140.48,10.1938
4141.15,7.2845
4141.81,4.48724
4142.48,3.6932
4143.14,3.87984
4143.81,5.31364
4144.47,6.2472
4145.14,5.44684
4145.80,5.03757
4146.47,4.84873
4147.13,4.64419
4147.80,3.8134
4148.46,3.48187
4149.13,4.3613
4149.79,4.21148
4150.46,4.44882
4151.12,3.64609
4151.79,3.65971
4152.45,3.28312
4153.12,3.40881
4153.78,4.33413
4154.45,3.75082
4155.11,4.99217
4155.78,5.76206
4156.44,6.70274
4157.11,8.2577
4157.77,6.62869
4158.44,5.33597
4159.10,5.80503
4159.77,9.4359
4160.43,13.9635
4161.10,17.4744
4161.76,17.9775
4162.43,16.2937
4163.09,14.1281
4163.76,16.8219
4164.42,20.2258
4165.09,21.675
4165.75,22.9037
4166.42,23.9028
4167.08,25.6776
4167.75,23.7856
4168.41,20.6022
4169.08,15.3307
4169.74,11.4023
4170.41,8.36869
4171.07,9.25426
4171.74,13.1288
4172.40,16.7587
4173.07,17.954
4173.73,16.5718
4174.40,12.8449
4175.06,13.711
4175.73,16.7486
4176.39,18.7884
4177.06,19.2773
4177.72,17.5747
4178.39,17.6693
4179.05,19.4617
4179.72,21.2469
4180.38,20.7714
4181.05,16.0017
4181.71,10.6924
4182.38,7.28296
4183.04,7.75907
4183.71,8.4546
4184.37,7.81091
4185.04,7.34973
4185.70,7.94874
4186.37,8.22158
4187.03,9.39888
4187.70,10.5048
4188.36,11.4497
4189.03,10.5514
4189.69,8.94297
4190.36,9.16203
4191.02,8.82305
4191.69,8.3909
4192.35,8.14864
4193.02,8.70072
4193.68,10.6342
4194.35,11.0535
4195.01,10.8036
4195.68,10.0228
4196.34,8.79282
4197.01,7.87881
4197.67,6.91807
4198.34,6.22188
4199.00,6.68764
4199.67,6.62679
4200.33,7.29592
4201.00,7.61227
4201.66,8.59944
4202.33,11.0143
4202.99,15.7544
4203.66,18.8625
4204.32,13.6971
4204.99,12.1831
4205.65,12.8561
4206.32,13.9754
4206.98,14.7407
4207.65,10.9516
4208.31,8.16742
4208.98,8.04621
4209.64,7.3004
4210.31,6.54106
4210.97,6.82695
4211.64,6.5397
4212.30,6.32145
4212.97,7.0313
4213.63,7.12362
4214.30,7.21479
4214.96,10.7709
4215.63,14.5768
4216.29,15.767
4216.96,16.0371
4217.62,13.6125
4218.29,11.6015
4218.95,9.65584
4219.62,7.6808
4220.28,7.65229
4220.95,7.62517
4221.61,6.55384
4222.28,6.7801
4222.94,6.72498
4223.61,6.18836
4224.27,6.19728
4224.94,6.61046
4225.60,6.41107
4226.27,6.31365
4226.93,7.69558
4227.60,8.71737
4228.26,8.237
4228.93,7.52732
4229.59,8.60613
4230.26,9.70591
4230.92,9.2084
4231.59,9.4995
4232.25,9.56665
4232.92,8.00661
4233.58,7.34619
4234.25,8.4711
4234.91,8.59594
4235.58,7.39765
4236.24,6.92543
4236.91,7.42648
4237.57,6.75653
4238.24,5.96381
4238.90,7.47786
4239.57,8.53618
4240.23,7.3693
4240.90,8.47072
4241.56,11.8627
4242.23,13.7552
4242.89,11.3925
4243.56,11.3565
4244.22,13.831
4244.89,13.3755
4245.55,8.59206
4246.22,7.1185
4246.88,7.78085
4247.55,7.92037
4248.21,6.02885
4248.88,4.92285
4249.54,5.96114
4250.21,7.18364
4250.87,6.21866
4251.54,5.5588
4252.20,6.42682
4252.87,7.10511
4253.53,6.71428
4254.20,6.90678
4254.86,7.49532
4255.53,7.94676
4256.19,8.71513
4256.86,8.43281
4257.52,7.93114
4258.19,7.89518
4258.85,7.47316
4259.52,6.88837
4260.18,5.7867
4260.85,4.9559
4261.51,5.1654
4262.18,6.3556
4262.84,6.21261
4263.51,4.92228
4264.17,4.95679
4264.84,6.93336
4265.50,8.93598
4266.17,7.94426
4266.83,8.33813
4267.50,9.8052
4268.16,12.0539
4268.83,12.1172
4269.49,11.4073
4270.16,11.0492
4270.82,12.0244
4271.49,12.5226
4272.15,9.59181
4272.82,6.54813
4273.48,6.04759
4274.15,7.73901
4274.81,8.20532
4275.48,5.44713
4276.14,5.04533
4276.81,6.02567
4277.47,8.97808
4278.14,8.51274
4278.80,5.9407
4279.47,5.3008
4280.13,6.39963
4280.80,8.76695
4281.46,8.1286
4282.13,6.86603
4282.79,6.91049
4283.46,8.09538
4284.12,10.482
4284.79,9.56189
4285.45,8.34068
4286.12,7.8306
4286.78,9.41237
4287.45,9.31101
4288.11,7.11075
4288.78,5.39839
4289.44,5.29405
4290.11,6.71407
4290.77,8.47798
4291.44,8.27756
4292.10,9.32763
4292.77,11.105
4293.43,13.0585
4294.10,15.4341
4294.76,15.3618
4295.43,14.4005
4296.09,16.388
4296.76,19.1296
4297.42,19.9114
4298.09,19.3224
4298.75,18.0979
4299.42,17.7264
4300.08,17.7766
4300.75,16.76
4301.41,13.0953
4302.08,8.68314
4302.74,6.15394
4303.41,5.98275
4304.07,7.09542
4304.74,8.17977
4305.40,8.55015
4306.07,7.89801
4306.73,6.85891
4307.40,5.6609
4308.06,5.70653
4308.73,5.6335
4309.39,5.89673
4310.06,6.56222
4310.72,6.28855
4311.39,7.17534
4312.05,7.71666
4312.72,7.28216
4313.38,6.69947
4314.05,6.58863
4314.71,6.10976
4315.38,5.67548
4316.04,5.55414
4316.71,4.67332
4317.37,4.00927
4318.04,4.00219
4318.70,5.02774
4319.37,5.35983
4320.03,5.56509
4320.70,5.91512
4321.36,5.28228
4322.03,5.40457
4322.69,6.27511
4323.36,6.34463
4324.02,6.63974
4324.69,6.70941
4325.35,7.35916
4326.02,8.9637
4326.68,10.7473
4327.35,10.6306
4328.01,10.1689
4328.68,10.8341
4329.34,11.4787
4330.01,11.1339
4330.67,8.31165
4331.34,6.49131
4332.00,6.42246
4332.67,8.07874
4333.33,10.3665
4334.00,13.5919
4334.66,13.3868
4335.33,10.8562
4335.99,7.96282
4336.66,6.5005
4337.32,7.30378
4337.99,7.5584
4338.65,7.91982
4339.32,10.1623
4339.98,11.7934
4340.65,11.3791
4341.31,12.4626
4341.98,14.0513
4342.64,13.5408
4343.31,11.913
4343.97,10.7688
4344.64,8.87439
4345.30,7.31824
4345.97,5.83314
4346.63,5.51926
4347.30,5.19186
4347.96,6.08859
4348.63,9.74915
4349.29,23.1294
4349.96,30.7633
4350.62,17.3332
4351.29,10.8472
4351.95,11.5163
4352.62,13.7941
4353.28,12.7429
4353.95,11.6451
4354.61,14.9373
4355.28,23.3686
4355.94,24.238
4356.61,19.0721
4357.27,15.6226
4357.94,12.8697
4358.60,10.8935
4359.27,8.52933
4359.93,6.93802
4360.60,5.42814
4361.26,4.82963
4361.93,4.50783
4362.59,5.34834
4363.26,5.73963
4363.92,5.80215
4364.59,5.80475
4365.25,5.99091
4365.92,6.50861
4366.58,6.58608
4367.25,7.06635
4367.91,7.929
4368.58,8.20885
4369.24,9.05042
4369.91,8.69058
4370.57,8.03095
4371.24,8.93622
4371.90,8.43901
4372.57,8.21727
4373.23,8.05271
4373.90,7.45125
4374.56,6.04164
4375.23,5.75078
4375.89,5.52592
4376.56,5.18887
4377.22,4.66337
4377.89,4.8545
4378.55,5.11767
4379.22,5.77438
4379.88,6.41568
4380.55,7.38792
4381.21,9.02888
4381.88,9.47225
4382.54,9.36751
4383.21,9.89881
4383.87,9.85063
4384.54,8.56911
4385.20,7.29559
4385.87,5.7925
4386.53,5.6882
4387.20,6.54307
4387.86,8.11436
4388.53,8.61006
4389.19,7.38878
4389.86,5.29735
4390.52,4.50935
4391.19,4.60082
4391.85,4.62395
4392.52,3.86951
4393.18,4.09017
4393.85,3.78281
4394.51,5.2517
4395.18,4.81695
4395.84,5.05468
4396.51,4.90566
4397.17,5.31353
4397.84,5.30644
4398.50,4.66887
4399.17,4.32302
4399.83,4.48986
4400.50,5.14624
4401.16,6.24113
4401.83,8.00997
4402.49,8.69422
4403.16,9.00191
4403.82,7.63728
4404.49,6.84373
4405.15,5.84786
4405.82,5.5377
4406.48,4.52231
4407.15,3.63514
4407.81,3.66754
4408.48,3.86561
4409.14,3.5022
4409.81,3.38338
4410.47,3.88145
4411.14,3.79838
4411.80,3.34787
4412.47,3.61699
4413.13,4.13063
4413.80,4.14055
4414.46,4.84208
4415.13,5.53152
4415.79,6.66012
4416.46,7.77863
4417.12,8.38905
4417.79,8.3966
4418.45,8.12683
4419.12,6.99313
4419.78,6.96266
4420.45,6.8576
4421.11,6.1504
4421.78,5.27585
4422.44,4.41987
4423.11,4.4133
4423.77,4.26658
4424.44,4.00162
4425.10,3.64475
4425.77,3.31629
4426.43,4.23118
4427.10,4.44738
4427.76,5.13178
4428.43,5.30033
4429.09,5.26945
4429.76,4.77168
4430.42,4.92218
4431.09,5.08183
4431.75,5.8288
4432.42,6.3108
4433.08,6.3393
4433.75,6.65082
4434.41,6.15609
4435.08,5.60299
4435.74,5.241
4436.41,4.85932
4437.07,4.6168
4437.74,4.31541
4438.40,4.05421
4439.07,3.75173
4439.73,3.10754
4440.40,3.54505
4441.06,3.58122
4441.73,3.98793
4442.39,4.39929
4443.06,4.4277
4443.72,4.22315
4444.39,4.74861
4445.05,5.41684
4445.72,5.61596
4446.38,5.77722
4447.05,5.28987
4447.71,5.47289
4448.38,5.14642
4449.04,5.10046
4449.71,4.8461
4450.37,4.62731
4451.04,5.17591
4451.70,5.18936
4452.37,4.9105
4453.03,4.09908
4453.70,3.35566
4454.36,4.02593
4455.03,4.20139
4455.69,4.20144
4456.36,4.56815
4457.02,4.32876
4457.69,4.86782
4458.35,4.43559
4459.02,4.8089
4459.68,5.0952
4460.35,5.26631
4461.01,4.66997
4461.68,4.82753
4462.34,5.23487
4463.01,5.15131
4463.67,4.81573
4464.34,4.49955
4465.00,4.48942
4465.67,4.58196
4466.33,3.56796
4467.00,3.57294
4467.66,3.75047
4468.33,3.13567
4468.99,3.55089
4469.66,3.71833
4470.32,3.66482
4470.99,4.17194
4471.65,3.99793
4472.32,4.18291
4472.98,4.76542
4473.65,4.45916
4474.31,4.35047
4474.98,4.11297
4475.64,4.28712
4476.31,4.83673
4476.97,4.48172
4477.64,3.98298
4478.30,4.44377
4478.97,4.69025
4479.63,4.31711
4480.30,4.47258
4480.96,4.43294
4481.63,4.49567
4482.29,4.10019
4482.96,4.04517
4483.62,3.99702
4484.29,5.26446
4484.95,4.91787
4485.62,5.32303
4486.28,5.59233
4486.95,6.01567
4487.61,5.96734
4488.28,5.74733
4488.94,4.87932
4489.61,5.45612
4490.27,5.9136
4490.94,6.28005
4491.60,5.74971
4492.27,5.86204
4492.93,6.25883
4493.60,5.84283
4494.26,5.53146
4494.93,5.11833
4495.59,5.66939
4496.26,6.68338
4496.92,6.58322
4497.59,4.47346
4498.25,3.54044
4498.92,3.8153
4499.58,4.99935
4500.25,4.83285
4500.91,4.80938
4501.58,5.05948
4502.24,5.15741
4502.91,5.24409
4503.57,4.45869
4504.24,5.32751
4504.90,5.62026
4505.57,5.46871
4506.23,5.84964
4506.90,6.17582
4507.56,9.09877
4508.23,13.3348
4508.89,12.97
4509.56,16.0012
4510.22,10.8619
4510.89,5.91272
4511.55,4.84724
4512.22,4.25492
4512.88,4.71837
4513.55,4.21455
4514.21,3.12195
4514.88,3.83709
4515.54,4.15937
4516.21,4.37084
4516.87,4.75844
4517.54,4.94344
4518.20,5.03218
4518.87,5.47304
4519.53,6.72617
4520.20,6.40594
4520.86,6.27247
4521.53,6.03146
4522.19,6.44302
4522.86,6.7152
4523.52,7.16808
4524.19,6.51214
4524.85,6.3412
4525.52,7.54057
4526.18,7.80531
4526.85,5.88359
4527.51,5.07869
4528.18,4.44898
4528.84,3.90443
4529.51,4.18502
4530.17,4.48279
4530.84,5.10931
4531.50,6.56537
4532.17,9.37156
4532.83,8.50216
4533.50,6.06639
4534.16,5.63896
4534.83,5.2888
4535.49,4.92957
4536.16,5.70801
4536.82,5.75303
4537.49,5.97343
4538.15,8.05221
4538.82,12.5618
4539.48,8.96535
4540.15,5.3644
4540.81,4.60196
4541.48,4.61855
4542.14,3.56824
4542.81,3.87207
4543.47,3.86653
4544.14,4.21938
4544.80,8.14497
4545.47,15.5769
4546.13,11.025
4546.80,4.70731
4547.46,3.97832
4548.13,4.5361
4548.79,4.72887
4549.46,4.13971
4550.12,4.18163
4550.79,4.91672
4551.45,9.02225
4552.12,19.3873
4552.78,15.7554
4553.45,6.62812
4554.11,4.46083
4554.78,5.21172
4555.44,4.98127
4556.11,4.14378
4556.77,4.36451
4557.44,5.08341
4558.10,8.52211
4558.77,21.1656
4559.43,23.7943
4560.10,9.61926
4560.76,4.73423
4561.43,3.44468
4562.09,3.29112
4562.76,4.00791
4563.42,4.1567
4564.09,4.56244
4564.75,5.87428
4565.42,16.1127
4566.08,39.014
4566.75,23.0093
4567.41,6.87858
4568.08,4.30231
4568.74,3.44202
4569.41,5.44768
4570.07,-1.03636
4570.74,-3.84137
4571.40,6.09769
4572.07,9.97958
4572.73,31.5613
4573.40,39.6154
4574.06,15.7916
4574.73,5.98296
4575.39,4.89339
4576.06,4.2849
4576.72,4.28623
4577.39,3.59832
4578.05,4.33789
4578.72,5.41465
4579.38,15.4665
4580.05,45.3724
4580.71,43.0433
4581.38,14.4168
4582.04,6.80188
4582.71,5.76792
4583.37,5.87251
4584.04,6.09994
4584.70,5.89894
4585.37,5.85495
4586.03,6.94905
4586.70,22.2318
4587.36,59.3668
4588.03,49.807
4588.69,15.431
4589.36,6.36532
4590.02,6.64051
4590.69,5.63671
4591.35,5.51983
4592.02,5.74152
4592.68,6.55969
4593.35,7.88683
4594.01,24.1987
4594.68,69.208
4595.34,63.371
4596.01,21.7209
4596.67,8.76643
4597.34,6.50808
4598.00,6.90977
4598.67,6.71982
4599.33,8.09158
4600.00,8.01787
4600.66,9.25718
4601.33,24.0484
4601.99,75.7346
4602.66,86.9944
4603.32,35.3908
4603.99,12.6095
4604.65,9.01641
4605.32,8.42672
4605.98,8.19366
4606.65,8.30433
4607.31,9.28842
4607.98,11.6731
4608.64,21.2287
4609.31,65.3415
4609.97,109.516
4610.64,63.085
4611.30,20.6961
4611.97,11.678
4612.63,10.1866
4613.30,9.90679
4613.96,10.1234
4614.63,10.8072
4615.29,13.5608
4615.96,18.8741
4616.62,43.1673
4617.29,108.269
4617.95,108.662
4618.62,43.9352
4619.28,19.0537
4619.95,13.9695
4620.61,12.8329
4621.28,11.81
4621.94,12.6904
4622.61,16.3761
4623.27,19.2537
4623.94,26.701
4624.60,71.3352
4625.27,135.873
4625.93,98.8247
4626.60,37.6177
4627.26,19.6455
4627.93,13.5704
4628.59,12.6182
4629.26,14.9105
4629.92,18.5851
4630.59,19.3357
4631.25,20.316
4631.92,35.2156
4632.58,94.0288
4633.25,150.134
4633.91,92.2417
4634.58,36.8213
4635.24,22.3246
4635.91,16.9957
4636.57,17.8848
4637.24,22.5862
4637.90,21.6989
4638.57,19.0383
4639.23,23.7306
4639.90,40.6955
4640.56,101.165
4641.23,155.838
4641.89,96.0917
4642.56,39.0286
4643.22,23.8505
4643.89,22.2874
4644.55,29.2598
4645.22,26.2836
4645.88,18.3671
4646.55,18.7747
4647.21,23.3181
4647.88,35.6871
4648.54,89.6072
4649.21,155.242
4649.87,107.313
4650.54,43.8475
4651.20,26.4621
4651.87,32.0448
4652.53,30.8665
4653.20,17.8544
4653.86,15.7872
4654.53,16.3838
4655.19,18.7245
4655.86,25.8921
4656.52,60.9194
4657.19,131.699
4657.85,118.212
4658.52,50.8224
4659.18,37.0965
4659.85,41.8689
4660.51,23.8037
4661.18,13.2457
4661.84,13.2349
4662.51,11.0915
4663.17,10.0334
4663.84,11.4226
4664.50,10.3943
4665.17,8.56897
4665.83,8.83905
4666.50,15.8272
4667.16,40.292
4667.83,39.5606
4668.49,17.523
4669.16,16.027
4669.82,15.6124
4670.49,14.9916
4671.15,18.487
4671.82,20.0405
4672.48,27.6351
4673.15,62.893
4673.81,142.844
4674.48,155.935
4675.14,107.866
4675.81,58.9912
4676.47,28.4907
4677.14,26.4354
4677.80,25.222
4678.47,22.5486
4679.13,19.324
4679.80,21.339
4680.46,26.2141
4681.13,41.7465
4681.79,104.117
4682.46,216.16
4683.12,207.451
4683.79,100.076
4684.45,54.1794
4685.12,46.4088
4685.78,32.9944
4686.45,22.984
4687.11,21.8057
4687.78,21.2783
4688.44,23.7946
4689.11,31.281
4689.77,53.0757
4690.44,143.328
4691.10,260.898
4691.77,190.332
4692.43,97.0936
4693.10,58.4341
4693.76,33.4895
4694.43,26.5305
4695.09,23.1225
4695.76,21.2448
4696.42,21.8977
4697.09,24.5247
4697.75,32.8743
4698.42,72.9991
4699.08,181.453
4699.75,275.19
4700.41,203.251
4701.08,89.6528
4701.74,47.0112
4702.41,30.0199
4703.07,23.0776
4703.74,19.6791
4704.40,18.8694
4705.07,20.2489
4705.73,24.4381
4706.40,43.5664
4707.06,107.8
4707.73,160.927
4708.39,230.132
4709.06,219.446
4709.72,96.4836
4710.39,41.9853
4711.05,27.6434
4711.72,22.1283
4712.38,18.7508
4713.05,17.0598
4713.71,21.4963
4714.38,46.3936
4715.04,84.159
4715.71,87.1958
4716.37,90.6728
4717.04,169.049
4717.70,238.452
4718.37,137.331
4719.03,50.7903
4719.70,28.0696
4720.36,21.6517
4721.03,19.9805
4721.69,29.6882
4722.36,67.1204
4723.02,70.9601
4723.69,48.2969
4724.35,39.5417
4725.02,34.4798
4725.68,77.6513
4726.35,195.508
4727.01,199.048
4727.68,81.4432
4728.34,31.567
4729.01,23.4044
4729.67,45.8284
4730.34,87.4784
4731.00,74.7971
4731.67,60.6587
4732.33,60.5227
4733.00,48.9496
4733.66,32.6984
4734.33,33.8154
4734.99,91.1709
4735.66,199.094
4736.32,156.609
4736.99,58.8701
4737.65,64.6431
4738.32,102.104
4738.98,83.2837
4739.65,57.0294
4740.31,41.8862
4740.98,71.3146
4741.64,72.3093
4742.31,38.0952
4742.97,22.3133
4743.64,26.8474
4744.30,84.487
4744.97,185.369
4745.63,171.798
4746.30,132.245
4746.96,97.1468
4747.63,60.0406
4748.29,27.8462
4748.96,31.0985
4749.62,82.9758
4750.29,97.9475
4750.95,47.8201
4751.62,21.0696
4752.28,16.9024
4752.95,24.096
4753.61,88.3209
4754.28,211.6
4754.94,183.694
4755.61,79.0919
4756.27,28.1068
4756.94,15.2632
4757.60,19.9615
4758.27,66.5042
4758.93,111.37
4759.60,63.8123
4760.26,23.5492
4760.93,17.5632
4761.59,32.3396
4762.26,78.2128
4762.92,115.473
4763.59,154.748
4764.25,124.878
4764.92,41.7987
4765.58,16.6673
4766.25,16.9814
4766.91,39.4349
4767.58,97.5437
4768.24,87.3581
4768.91,33.1346
4769.57,17.6546
4770.24,17.5445
4770.90,29.2846
4771.57,41.8517
4772.23,30.3608
4772.90,56.3936
4773.56,98.0442
4774.23,53.9872
4774.89,18.3327
4775.56,18.8753
4776.22,53.3401
4776.89,94.2304
4777.55,56.0905
4778.22,36.8058
4778.88,75.134
4779.55,72.32
4780.21,29.8067
4780.88,17.6468
4781.54,15.6522
4782.21,24.0569
4782.87,63.5232
4783.54,70.771
4784.20,30.4558
4784.87,23.3855
4785.53,57.5329
4786.20,81.7844
4786.86,77.1474
4787.53,129.936
4788.19,113.699
4788.86,45.1989
4789.52,21.5154
4790.19,17.0886
4790.85,16.1361
4791.52,16.9345
4792.18,28.7355
4792.85,58.7066
4793.51,51.7652
4794.18,28.7256
4794.84,55.2759
4795.51,116.738
4796.17,180.881
4796.84,137.56
4797.50,47.1757
4798.17,21.2379
4798.83,17.6644
4799.50,15.9795
4800.16,15.9393
4800.83,16.0886
4801.49,17.1032
4802.16,26.0492
4802.82,50.1587
4803.49,51.5115
4804.15,95.1637
4804.82,211.113
4805.48,165.88
4806.15,52.3054
4806.81,20.9244
4807.48,16.9149
4808.14,16.7366
4808.81,15.5497
4809.47,15.8811
4810.14,15.9882
4810.80,16.1127
4811.47,16.3379
4812.13,24.8125
4812.80,75.2923
4813.46,188.185
4814.13,193.849
4814.79,74.6951
4815.46,23.4308
4816.12,17.3959
4816.79,15.7885
4817.45,14.5131
4818.12,14.3939
4818.78,14.6365
4819.45,15.1478
4820.11,15.2349
4820.78,16.8575
4821.44,30.5364
4822.11,108.566
4822.77,183.235
4823.44,108.591
4824.10,41.5835
4824.77,20.1059
4825.43,15.4171
4826.10,15.087
4826.76,15.332
4827.43,14.3965
4828.09,14.2443
4828.76,14.9119
4829.42,15.5815
4830.09,18.1772
4830.75,47.7487
4831.42,129.103
4832.08,115.242
4832.75,42.8444
4833.41,32.9738
4834.08,26.3147
4834.74,16.757
4835.41,15.1023
4836.07,14.7904
4836.74,15.1148
4837.40,15.1067
4838.07,13.8518
4838.73,14.132
4839.40,20.7902
4840.06,63.6788
4840.73,122.774
4841.39,73.7109
4842.06,23.4115
4842.72,16.607
4843.39,20.5729
4844.05,20.8292
4844.72,16.4397
4845.38,14.0702
4846.05,14.7036
4846.71,14.4496
4847.38,13.3364
4848.04,14.1352
4848.71,21.1093
4849.37,59.9315
4850.04,93.2442
4850.70,49.2344
4851.37,18.7825
4852.03,14.2004
4852.70,14.8187
4853.36,15.8171
4854.03,16.8278
4854.69,16.8006
4855.36,14.3457
4856.02,13.209
4856.69,12.7264
4857.35,12.6887
4858.02,17.0968
4858.68,43.4306
4859.35,63.7053
4860.01,35.6946
4860.68,16.0464
4861.34,12.8597
4862.01,12.2868
4862.67,12.6146
4863.34,14.1504
4864.00,14.9136
4864.67,14.0629
4865.33,14.1386
4866.00,12.9596
4866.66,13.3069
4867.33,15.4117
4867.99,28.5473
4868.66,45.5514
4869.32,31.9599
4869.99,15.6489
4870.65,12.9145
4871.32,11.8725
4871.98,12.4776
4872.65,13.3218
4873.31,13.3354
4873.98,18.1195
4874.64,18.812
4875.31,13.9297
4875.97,12.7212
4876.64,13.3339
4877.30,17.8816
4877.97,28.5274
4878.63,25.9765
4879.30,14.8468
4879.96,12.467
4880.63,11.7883
4881.29,12.8333
4881.96,13.5563
4882.62,11.7119
4883.29,11.2519
4883.95,12.2696
4884.62,12.5607
4885.28,10.8759
4885.95,10.5147
4886.61,12.5232
4887.28,18.1708
4887.94,22.0185
4888.61,17.7379
4889.27,10.9858
4889.94,10.3507
4890.60,11.3419
4891.27,11.0612
4891.93,11.1673
4892.60,11.048
4893.26,10.7989
4893.93,11.6905
4894.59,11.2319
4895.26,10.6289
4895.92,10.8251
4896.59,12.8823
4897.25,15.709
4897.92,16.686
4898.58,13.5364
4899.25,12.0892
4899.91,12.1129
4900.58,11.5646
4901.24,11.9058
4901.91,11.7875
4902.57,11.1061
4903.24,11.6146
4903.90,11.9929
4904.57,11.475
4905.23,11.8902
4905.90,12.5084
4906.56,13.6941
4907.23,14.0991
4907.89,13.7749
4908.56,12.0434
4909.22,11.8053
4909.89,12.743
4910.55,12.4528
4911.22,10.7874
4911.88,10.9639
4912.55,11.3699
4913.21,11.4651
4913.88,11.4225
4914.54,10.626
4915.21,10.8842
4915.87,11.0068
4916.54,11.5618
4917.20,12.0343
4917.87,12.5041
4918.53,12.8474
4919.20,11.3651
4919.86,10.636
4920.53,10.2487
4921.19,10.5774
4921.86,10.9888
4922.52,10.8044
4923.19,10.0358
4923.85,9.79439
4924.52,9.79707
4925.18,9.86908
4925.85,9.37063
4926.51,10.061
4927.18,11.1254
4927.84,11.1608
4928.51,11.4883
4929.17,11.3368
4929.84,10.396
4930.50,10.0262
4931.17,9.9949
4931.83,9.04779
4932.50,9.73902
4933.16,10.3084
4933.83,10.5832
4934.49,10.034
4935.16,9.89783
4935.82,10.4236
4936.49,9.92355
4937.15,10.1472
4937.82,9.19588
4938.48,9.57498
4939.15,10.2492
4939.81,9.93927
4940.48,9.25988
4941.14,8.89217
4941.81,8.47252
4942.47,8.58241
4943.14,9.12331
4943.80,9.4586
4944.47,9.87417
4945.13,9.76263
4945.80,9.92337
4946.46,8.44967
4947.13,9.3046
4947.79,8.9649
4948.46,8.93413
4949.12,9.1999
4949.79,9.35672
4950.45,9.12592
4951.12,10.1326
4951.78,9.98151
4952.45,10.1024
4953.11,10.3839
4953.78,10.2058
4954.44,9.60891
4955.11,9.64975
4955.77,8.77923
4956.44,10.0314
4957.10,10.8169
4957.77,10.0193
4958.43,9.96123
4959.10,9.8944
4959.76,10.1234
4960.43,9.96497
4961.09,9.62259
4961.76,9.17671
4962.42,10.4238
4963.09,10.3629
4963.75,10.6125
4964.42,10.3079
4965.08,9.71219
4965.75,8.82627
4966.41,9.90036
4967.08,9.35204
4967.74,9.81577
4968.41,9.88787
4969.07,9.39631
4969.74,8.80686
4970.40,9.42253
4971.07,9.95312
4971.73,9.79218
4972.40,9.75539
4973.06,9.88736
4973.73,9.85416
4974.39,9.868
4975.06,9.45474
4975.72,9.25742
4976.39,10.2148
4977.05,9.67622
4977.72,9.34414
4978.38,8.99314
4979.05,9.68192
4979.71,9.48148
4980.38,9.09279
4981.04,9.74143
4981.71,8.96861
4982.37,9.57773
4983.04,9.12285
4983.70,9.37359
4984.37,10.0365
4985.03,10.1083
4985.70,10.1831
4986.36,10.2611
4987.03,10.0816
4987.69,9.50198
4988.36,9.47757
4989.02,9.29644
4989.69,9.42017
4990.35,9.23438
4991.02,9.51832
4991.68,10.2451
4992.35,10.3697
4993.01,10.6116
4993.68,10.3618
4994.34,9.92185
4995.01,10.131
4995.67,10.8138
4996.34,9.93762
4997.00,9.51609
4997.67,10.1568
4998.33,10.4673
4999.00,10.5764
4999.66,11.7994
5000.33,11.2018
5000.99,10.3169
5001.66,11.0181
5002.32,10.3065
5002.99,9.72611
5003.65,9.96838
5004.32,10.7282
5004.98,10.7751
5005.65,10.4251
5006.31,9.23257
5006.98,8.3685
5007.64,10.5423
5008.31,10.8452
5008.97,9.87142
5009.64,9.93504
5010.30,9.10373
5010.97,10.0317
5011.63,9.42954
5012.30,9.4325
5012.96,10.3901
5013.63,9.99398
5014.29,9.37075
5014.96,8.60011
5015.62,9.48103
5016.29,9.9282
5016.95,9.6871
5017.62,9.88266
5018.28,9.67311
5018.95,10.0869
5019.61,9.15989
5020.28,9.55402
5020.94,8.6791
5021.61,9.05805
5022.27,9.45126
5022.94,9.51134
5023.60,9.60184
5024.27,10.1027
5024.93,10.1364
5025.60,9.4623
5026.26,9.52506
5026.93,9.21728
5027.59,9.35209
5028.26,9.62082
5028.92,10.0517
5029.59,9.94555
5030.25,9.35124
5030.92,9.76638
5031.58,9.21607
5032.25,10.0735
5032.91,9.70972
5033.58,9.28545
5034.24,9.30906
5034.91,9.42127
5035.57,8.87848
5036.24,9.8086
5036.90,9.99178
5037.57,9.30699
5038.23,8.37806
5038.90,9.23538
5039.56,9.13336
5040.23,9.93974
5040.89,9.11468
5041.56,9.83275
5042.22,8.86411
5042.89,9.70998
5043.55,9.71386
5044.22,9.34563
5044.88,9.10096
5045.55,8.49112
5046.21,8.32102
5046.88,8.70993
5047.54,8.51413
5048.21,8.7011
5048.87,8.31695
5049.54,8.22469
5050.20,8.64059
5050.87,9.15275
5051.53,9.62131
5052.20,9.59795
5052.86,10.183
5053.53,9.81831
5054.19,9.16004
5054.86,9.20281
5055.52,9.08082
5056.19,8.15021
5056.85,9.73905
5057.52,9.69816
5058.18,9.40659
5058.85,9.77336
5059.51,8.20897
5060.18,8.02338
5060.84,9.22521
5061.51,9.20081
5062.17,9.54487
5062.84,9.02206
5063.50,8.29774
5064.17,8.1492
5064.83,8.75168
5065.50,9.27579
5066.16,8.22151
5066.83,8.00525
5067.49,8.37289
5068.16,8.85592
5068.82,8.51599
5069.49,8.25073
5070.15,8.65938
5070.82,8.31456
5071.48,8.66212
5072.15,7.81516
5072.81,8.37607
5073.48,8.52566
5074.14,8.09174
5074.81,7.9724
5075.47,6.96811
5076.14,7.73712
5076.80,7.48632
5077.47,7.42718
5078.13,6.67567
5078.80,6.76336
5079.46,6.91224
5080.13,6.93878
5080.79,6.76658
5081.46,7.95633
5082.12,7.55408
5082.79,8.02322
5083.45,7.36003
5084.12,7.27378
5084.78,7.56522
5085.45,7.69264
5086.11,7.78426
5086.78,5.89251
5087.44,7.99258
5088.11,8.651
5088.77,7.01688
5089.44,7.18209
5090.10,7.89056
5090.77,7.27572
5091.43,6.86792
5092.10,6.98564
5092.76,6.94905
5093.43,6.94652
5094.09,7.06007
5094.76,7.13235
5095.42,7.18448
5096.09,7.75688
5096.75,7.79433
5097.42,6.9828
5098.08,6.74459
5098.75,8.34105
5099.41,7.64029
5100.08,8.20212
5100.74,8.6115
5101.41,8.45803
5102.07,8.2813
5102.74,7.84148
5103.40,7.14464
5104.07,6.84639
5104.73,7.65837
5105.40,7.37024
5106.06,8.19186
5106.73,7.72952
5107.39,7.95555
5108.06,8.30129
5108.72,8.13789
5109.39,7.4054
5110.05,7.78418
5110.72,8.58792
5111.38,8.87726
5112.05,8.54861
5112.71,8.52843
5113.38,8.00375
5114.04,7.47782
5114.71,7.41549
5115.37,8.14964
5116.04,8.27939
5116.70,7.9584
5117.37,7.652
5118.03,7.14028
5118.70,6.97483
5119.36,7.65965
5120.03,6.86601
5120.69,6.55516
5121.36,8.14357
5122.02,8.05017
5122.69,7.70316
5123.35,7.00922
5124.02,6.30303
5124.68,6.7434
5125.35,7.05121
5126.01,6.81384
5126.68,7.51887
5127.34,7.29124
5128.01,6.62953
5128.67,6.32798
5129.34,7.05847
5130.00,6.66072
5130.67,6.52789
5131.33,6.21398
5132.00,6.28624
5132.66,5.62828
5133.33,5.36081
5133.99,5.93534
5134.66,6.96625
5135.32,6.33039
5135.99,6.16176
5136.65,7.16873
5137.32,12.7227
5137.98,11.6227
5138.65,8.89386
5139.31,7.47226
5139.98,7.33684
5140.64,6.95111
5141.31,6.76741
5141.97,5.90751
5142.64,8.26949
5143.30,7.07593
5143.97,5.73085
5144.63,5.88372
5145.30,7.67128
5145.96,7.05112
5146.63,6.27924
5147.29,7.04374
5147.96,7.22988
5148.62,6.90155
5149.29,6.67675
5149.95,6.54747
5150.62,6.39132
5151.28,7.01551
5151.95,7.42047
5152.61,7.53791
5153.28,6.02517
5153.94,6.63037
5154.61,6.83298
5155.27,6.46317
5155.94,7.04942
5156.60,7.35437
5157.27,6.61431
5157.93,5.74208
5158.60,6.58635
5159.26,6.74646
5159.93,5.96206
5160.59,6.09322
5161.26,5.42381
5161.92,6.00528
5162.59,7.57264
5163.25,6.80647
5163.92,7.40248
5164.58,5.51731
5165.25,4.81972
5165.91,6.07289
5166.58,5.86142
5167.24,6.94214
5167.91,5.66147
5168.57,6.14535
5169.24,6.76396
5169.90,6.45229
5170.57,6.28331
5171.23,5.26497
5171.90,4.47881
5172.56,5.32198
5173.23,5.8103
5173.89,5.93905
5174.56,5.96961
5175.22,6.04639
5175.89,6.19591
5176.55,5.35712
5177.22,4.65773
5177.88,5.41557
5178.55,5.01262
5179.21,4.55359
5179.88,4.69304
5180.54,5.56255
5181.21,5.25763
5181.87,6.17157
5182.54,5.62735
5183.20,5.10109
5183.87,4.41186
5184.53,5.21301
5185.20,5.63935
5185.86,4.61429
5186.53,5.54784
5187.19,5.1861
5187.86,5.21483
5188.52,3.90287
5189.19,5.58052
5189.85,6.75466
5190.52,5.25421
5191.18,5.33997
5191.85,6.06851
5192.51,5.38482
5193.18,4.94561
5193.84,4.52737
5194.51,5.9875
5195.17,5.63513
5195.84,5.58429
5196.50,5.761
5197.17,5.48327
5197.83,5.602
5198.50,5.08027
5199.16,6.06658
5199.83,6.17417
5200.49,6.13976
5201.16,6.70842
5201.82,7.52721
5202.49,6.83506
5203.15,6.4981
5203.82,6.36949
5204.48,6.723
5205.15,6.54148
5205.81,5.8721
5206.48,6.39751
5207.14,5.71803
5207.81,5.98767
5208.47,6.59652
5209.14,6.30017
5209.80,7.50187
5210.47,6.96318
5211.13,6.31448
5211.80,5.37367
5212.46,5.84853
5213.13,5.45787
5213.79,5.19169
5214.46,4.80884
5215.12,6.07838
5215.79,5.93741
5216.45,7.45363
5217.12,6.03545
5217.78,5.20694
5218.45,5.2201
5219.11,6.37444
5219.78,5.70355
5220.44,4.93128
5221.11,5.59051
5221.77,5.13126
5222.44,4.90039
5223.10,4.40151
5223.77,4.37318
5224.43,4.16014
5225.10,3.9547
5225.76,4.32633
5226.43,4.44702
5227.09,5.13326
5227.76,4.46115
5228.42,2.98529
5229.09,3.25864
5229.75,4.29539
5230.42,4.66233
5231.08,3.55672
5231.75,4.19824
5232.41,4.66773
5233.08,4.94229
5233.74,4.05716
5234.41,3.58149
5235.07,3.78304
5235.74,4.93006
5236.40,4.69012
5237.07,4.47657
5237.73,4.4454
5238.40,4.85735
5239.06,5.41246
5239.73,4.5791
5240.39,3.85779
5241.06,4.05533
5241.72,4.50985
5242.39,4.63719
5243.05,4.64512
5243.72,5.19157
5244.38,5.5589
5245.05,5.26497
5245.71,4.65887
5246.38,4.85735
5247.04,4.54727
5247.71,4.43162
5248.37,5.21307
5249.04,5.07076
5249.70,5.25115
5250.37,5.76129
5251.03,4.80498
5251.70,4.92078
5252.36,5.74153
5253.03,5.69197
5253.69,5.21583
5254.36,6.23836
5255.02,5.68327
5255.69,4.01704
5256.35,3.47605
5257.02,4.97382
5257.68,5.33059
5258.35,5.4046
5259.01,5.91111
5259.68,5.70363
5260.34,5.92191
5261.01,5.32614
5261.67,5.73609
5262.34,5.01927
5263.00,4.9608
5263.67,6.32404
5264.33,5.93151
5265.00,6.99182
5265.66,6.15278
5266.33,5.26559
5266.99,5.40844
5267.66,5.18426
5268.32,7.00336
5268.99,4.78305
5269.65,5.49529
5270.32,5.05379
