# target: Neptune, the inner 85% of the disc's radius
# source: JWST NIRSpec integral field unit, program 1249, gratings G235H (F170LP) and G395H (F290LP), 2023-06-22, the two faces averaged
# archive: MAST, calibration level 3 cubes:
#   jw01249-o005_t001_nirspec_g235h-f170lp_s3d.fits, pipeline 2.0.1
#   jw01249-o005_t001_nirspec_g395h-f290lp_s3d.fits, pipeline 2.0.1
#   jw01249-o006_t001_nirspec_g235h-f170lp_s3d.fits, pipeline 2.0.1
#   jw01249-o006_t001_nirspec_g395h-f290lp_s3d.fits, pipeline 2.0.1
# units: surface brightness in MJy/sr, mean over the region; G235H below 3000 nm, G395H from 3000 nm
nm,mjy_per_sr
1660.20,153.82
1660.59,154.39
1660.99,138.318
1661.39,121.686
1661.78,108.83
1662.18,75.5013
1662.57,76.3854
1662.97,107.727
1663.37,126.772
1663.76,133.522
1664.16,132.008
1664.55,117.499
1664.95,75.3646
1665.35,32.9042
1665.74,35.1604
1666.14,66.3564
1666.53,96.2542
1666.93,116.626
1667.33,128.632
1667.72,130.973
1668.12,115.653
1668.51,127.127
1668.91,157.256
1669.31,163.743
1669.70,155.288
1670.10,128.038
1670.49,107.851
1670.89,99.8885
1671.29,93.6386
1671.68,120.333
1672.08,147.402
1672.47,154.008
1672.87,157.493
1673.27,158.243
1673.66,147.211
1674.06,109.386
1674.45,87.7603
1674.85,116.263
1675.25,142.503
1675.64,155.171
1676.04,158.81
1676.43,157.723
1676.83,148.671
1677.23,112.962
1677.62,96.6256
1678.02,125.889
1678.41,150.488
1678.81,158.846
1679.21,159.653
1679.60,170.651
1680.00,175.473
1680.39,147.267
1680.79,121.542
1681.19,132.97
1681.58,156.314
1681.98,172.29
1682.37,174.326
1682.77,181.341
1683.17,181.91
1683.56,159.374
1683.96,139.555
1684.35,152.311
1684.75,159.139
1685.15,148.823
1685.54,153.938
1685.94,175.326
1686.33,183.339
1686.73,169.176
1687.13,151.201
1687.52,152.365
1687.92,162.317
1688.31,156.917
1688.71,142.308
1689.11,137.46
1689.50,147.692
1689.90,154.099
1690.29,141.573
1690.69,131.219
1691.09,136.831
1691.48,139.182
1691.88,136.63
1692.27,123.322
1692.67,123.374
1693.07,129.401
1693.46,126.462
1693.86,117.015
1694.25,105.356
1694.65,97.474
1695.05,102.123
1695.44,112.236
1695.84,121.853
1696.23,127.981
1696.63,117.968
1697.03,104.589
1697.42,101.609
1697.82,93.5536
1698.21,89.9031
1698.61,108.998
1699.01,113.576
1699.40,94.2964
1699.80,91.3486
1700.19,114.973
1700.59,119.811
1700.99,99.3773
1701.38,90.6135
1701.78,98.051
1702.17,88.8454
1702.57,67.2238
1702.97,77.3113
1703.36,88.7411
1703.76,83.7048
1704.15,79.0189
1704.55,71.7257
1704.95,59.1939
1705.34,50.5892
1705.74,58.1012
1706.13,62.674
1706.53,60.8459
1706.93,58.6603
1707.32,51.8429
1707.72,39.4918
1708.11,36.5902
1708.51,39.0272
1708.91,41.6633
1709.30,49.9646
1709.70,55.9158
1710.09,45.469
1710.49,36.041
1710.89,42.5245
1711.28,56.922
1711.68,71.4745
1712.07,61.8333
1712.47,52.4675
1712.87,55.2828
1713.26,56.8245
1713.66,55.3841
1714.05,60.6073
1714.45,76.4589
1714.85,76.1604
1715.24,68.1988
1715.64,86.6255
1716.03,98.8591
1716.43,87.6067
1716.83,75.6207
1717.22,69.933
1717.62,76.1367
1718.01,81.5593
1718.41,76.8862
1718.81,76.0035
1719.20,81.5551
1719.60,74.4063
1719.99,59.4128
1720.39,47.1473
1720.79,47.2733
1721.18,55.1527
1721.58,61.6825
1721.97,57.285
1722.37,49.666
1722.77,47.5924
1723.16,44.1741
1723.56,44.08
1723.95,55.7112
1724.35,61.5332
1724.75,61.9385
1725.14,68.602
1725.54,68.9514
1725.93,62.2148
1726.33,69.3713
1726.73,81.1615
1727.12,72.8461
1727.52,65.1698
1727.91,69.8327
1728.31,75.9889
1728.71,91.2534
1729.10,105.773
1729.50,103.405
1729.89,102.986
1730.29,94.8338
1730.69,78.303
1731.08,87.4797
1731.48,91.1306
1731.87,86.3924
1732.27,105.288
1732.67,123.207
1733.06,124.168
1733.46,125.158
1733.85,121.191
1734.25,108.639
1734.65,101.634
1735.04,109.764
1735.44,120.962
1735.83,120.617
1736.23,120.729
1736.63,134.71
1737.02,149.23
1737.42,145.267
1737.81,131.478
1738.21,126.327
1738.61,132.439
1739.00,140.938
1739.40,139.504
1739.79,136.045
1740.19,137.299
1740.59,138.333
1740.98,146.178
1741.38,155.074
1741.77,147.315
1742.17,146.058
1742.57,157.398
1742.96,154.407
1743.36,142.42
1743.75,139.133
1744.15,136.628
1744.55,132.307
1744.94,145.711
1745.34,158.207
1745.73,155.519
1746.13,154.417
1746.53,152.717
1746.92,148.244
1747.32,130.165
1747.71,119.101
1748.11,125.941
1748.51,120.446
1748.90,104.614
1749.30,110.675
1749.69,124.365
1750.09,129.08
1750.49,143.131
1750.88,149.89
1751.28,144.937
1751.67,139.803
1752.07,138.15
1752.47,133.98
1752.86,125.751
1753.26,125.063
1753.65,119.009
1754.05,99.3469
1754.45,87.9145
1754.84,94.4366
1755.24,98.4932
1755.63,107.132
1756.03,125.618
1756.43,132.398
1756.82,132.728
1757.22,134.413
1757.61,139.777
1758.01,129.384
1758.41,108.063
1758.80,111.826
1759.20,120.794
1759.59,107.597
1759.99,88.1063
1760.39,86.8759
1760.78,108.77
1761.18,128.11
1761.57,129.049
1761.97,114.175
1762.37,101.245
1762.76,100.789
1763.16,106.803
1763.55,114.717
1763.95,115.241
1764.35,112.75
1764.74,100.264
1765.14,89.5468
1765.53,85.2134
1765.93,80.8396
1766.33,92.0949
1766.72,101.462
1767.12,96.7569
1767.51,94.9157
1767.91,86.9056
1768.31,84.4618
1768.70,90.7473
1769.10,83.6228
1769.49,83.8625
1769.89,90.6503
1770.29,84.1897
1770.68,76.7588
1771.08,75.5497
1771.47,75.0096
1771.87,66.8752
1772.27,65.2112
1772.66,69.124
1773.06,75.1036
1773.45,82.9304
1773.85,82.7137
1774.25,73.0085
1774.64,53.2173
1775.04,41.2921
1775.43,46.361
1775.83,58.5178
1776.23,71.7679
1776.62,71.2041
1777.02,63.2997
1777.41,52.4299
1777.81,45.8777
1778.21,50.3722
1778.60,66.489
1779.00,84.4885
1779.39,89.3661
1779.79,90.1652
1780.19,78.5811
1780.58,62.8674
1780.98,69.1645
1781.37,81.7582
1781.77,83.6527
1782.17,80.834
1782.56,77.3845
1782.96,72.6082
1783.35,59.8722
1783.75,51.8407
1784.15,51.4786
1784.54,55.1728
1784.94,63.7043
1785.33,75.8609
1785.73,86.7586
1786.13,81.7222
1786.52,71.3107
1786.92,82.4135
1787.31,100.17
1787.71,103.347
1788.11,93.0626
1788.50,88.0316
1788.90,91.2845
1789.29,78.4447
1789.69,46.2672
1790.09,24.3783
1790.48,25.7832
1790.88,40.7166
1791.27,66.3917
1791.67,79.9433
1792.07,78.4127
1792.46,77.847
1792.86,78.47
1793.25,93.1486
1793.65,110.167
1794.05,109.47
1794.44,98.8122
1794.84,95.9206
1795.23,100.246
1795.63,104.33
1796.03,88.4459
1796.42,88.7886
1796.82,98.7985
1797.21,96.4257
1797.61,97.0772
1798.01,98.5808
1798.40,101.839
1798.80,107.292
1799.19,92.6638
1799.59,72.7933
1799.99,88.455
1800.38,114.27
1800.78,122.259
1801.17,127.251
1801.57,132.973
1801.97,130.319
1802.36,117.609
1802.76,89.9201
1803.15,73.5616
1803.55,89.4764
1803.95,109.944
1804.34,123.925
1804.74,128.854
1805.13,119.248
1805.53,114.543
1805.93,116.928
1806.32,100.127
1806.72,92.2357
1807.11,108.9
1807.51,112.279
1807.91,104.62
1808.30,117.237
1808.70,138.771
1809.09,147.123
1809.49,137.798
1809.89,116.383
1810.28,106.345
1810.68,116.885
1811.07,126.795
1811.47,126.586
1811.87,128.119
1812.26,134.182
1812.66,132.498
1813.05,119.444
1813.45,110.252
1813.85,110.798
1814.24,119.235
1814.64,126.182
1815.03,130.577
1815.43,138.808
1815.83,143.08
1816.22,145.962
1816.62,146.473
1817.01,145.224
1817.41,143.775
1817.81,137.548
1818.20,126.521
1818.60,126.953
1818.99,137.996
1819.39,140.188
1819.79,131.138
1820.18,128.082
1820.58,132.437
1820.97,139.182
1821.37,146.791
1821.77,147.965
1822.16,146.704
1822.56,143.55
1822.95,146.369
1823.35,151.438
1823.75,151.59
1824.14,151.13
1824.54,149.617
1824.93,146.906
1825.33,145.55
1825.73,147.752
1826.12,148.506
1826.52,144.748
1826.91,140.26
1827.31,139.238
1827.71,140.136
1828.10,136.801
1828.50,136.521
1828.89,138.215
1829.29,141.843
1829.69,141.63
1830.08,134.923
1830.48,131.729
1830.87,135.266
1831.27,141.516
1831.67,141.211
1832.06,135.706
1832.46,133.307
1832.85,135.942
1833.25,136.785
1833.65,125.882
1834.04,120.124
1834.44,122.793
1834.83,122.477
1835.23,123.902
1835.63,130.143
1836.02,126.462
1836.42,121.495
1836.81,115.469
1837.21,109.207
1837.61,103.93
1838.00,99.6724
1838.40,109.001
1838.79,116.252
1839.19,111.752
1839.59,112.727
1839.98,113.768
1840.38,102.928
1840.77,98.9662
1841.17,101.621
1841.57,98.2255
1841.96,94.6879
1842.36,87.9302
1842.75,88.7399
1843.15,98.8741
1843.55,112.166
1843.94,117.728
1844.34,112.6
1844.73,109.374
1845.13,100.625
1845.53,97.6272
1845.92,105.406
1846.32,108.403
1846.71,95.5437
1847.11,92.9555
1847.51,98.2121
1847.90,96.4906
1848.30,102.521
1848.69,112.304
1849.09,115.679
1849.49,113.675
1849.88,111.635
1850.28,108.968
1850.67,100.61
1851.07,98.5912
1851.47,99.1307
1851.86,96.5564
1852.26,104.481
1852.65,113.856
1853.05,111.074
1853.45,112.289
1853.84,119.97
1854.24,125.397
1854.63,122.114
1855.03,118.669
1855.43,120.374
1855.82,117.697
1856.22,115.362
1856.61,114.14
1857.01,108.681
1857.41,105.126
1857.80,107.772
1858.20,114.209
1858.59,111.432
1858.99,109.835
1859.39,115.957
1859.78,116.158
1860.18,116.612
1860.57,121.042
1860.97,118.856
1861.37,117.742
1861.76,119.656
1862.16,124.073
1862.55,128.202
1862.95,128.502
1863.35,129.195
1863.74,126.393
1864.14,122.484
1864.53,123.749
1864.93,125.206
1865.33,124.649
1865.72,125.089
1866.12,122.721
1866.51,122.483
1866.91,125.827
1867.31,127.087
1867.70,126.446
1868.10,125.639
1868.49,127.107
1868.89,125.76
1869.29,122.19
1869.68,123.438
1870.08,125.16
1870.47,124.028
1870.87,124.922
1871.27,124.673
1871.66,122.616
1872.06,121.302
1872.45,119.031
1872.85,118.038
1873.25,120.144
1873.64,120.536
1874.04,118.714
1874.43,115.376
1874.83,109.956
1875.23,99.4345
1875.62,93.5099
1876.02,103.131
1876.41,112.726
1876.81,117.019
1877.21,117.94
1877.60,117.199
1878.00,117.96
1878.39,119.387
1878.79,119.437
1879.19,121.287
1879.58,123.062
1879.98,123.812
1880.37,122.907
1880.77,123.791
1881.17,123.892
1881.56,123.164
1881.96,121.709
1882.35,117.547
1882.75,117.317
1883.15,120.28
1883.54,122.167
1883.94,122.493
1884.33,122.45
1884.73,120.563
1885.13,118.983
1885.52,118.449
1885.92,117.206
1886.31,117.723
1886.71,121.331
1887.11,121.826
1887.50,121.017
1887.90,119.956
1888.29,119.016
1888.69,119.271
1889.09,119.546
1889.48,119.73
1889.88,121.876
1890.27,121.642
1890.67,119.559
1891.07,119.166
1891.46,117.989
1891.86,116.533
1892.25,117.977
1892.65,119.648
1893.05,119.079
1893.44,118.49
1893.84,119.536
1894.23,120.406
1894.63,119.977
1895.03,120.116
1895.42,120.094
1895.82,115.306
1896.21,112.346
1896.61,114.208
1897.01,114.621
1897.40,116.558
1897.80,118.203
1898.19,118.703
1898.59,119.012
1898.99,117.746
1899.38,118.082
1899.78,118.639
1900.17,121.167
1900.57,120.977
1900.97,116.032
1901.36,111.874
1901.76,113.992
1902.15,116.086
1902.55,116.721
1902.95,115.18
1903.34,110.925
1903.74,110.248
1904.13,114.008
1904.53,117.022
1904.93,116.317
1905.32,116.247
1905.72,117.564
1906.11,118.241
1906.51,116.862
1906.91,111.774
1907.30,106.692
1907.70,106.784
1908.09,109.339
1908.49,112.93
1908.89,111.535
1909.28,109.999
1909.68,111.845
1910.07,112.976
1910.47,111.124
1910.87,110.696
1911.26,108.096
1911.66,104.237
1912.05,103.65
1912.45,100.998
1912.85,98.4053
1913.24,101.952
1913.64,103.802
1914.03,106.92
1914.43,106.579
1914.83,103.421
1915.22,104.492
1915.62,105.58
1916.01,107.57
1916.41,106.615
1916.81,100.358
1917.20,97.7755
1917.60,99.9216
1917.99,106.263
1918.39,110.143
1918.79,110.289
1919.18,105.978
1919.58,91.4394
1919.97,85.3294
1920.37,96.3375
1920.77,103.388
1921.16,103.237
1921.56,102.097
1921.95,102.452
1922.35,98.3271
1922.75,90.1947
1923.14,84.7409
1923.54,90.6679
1923.93,99.0594
1924.33,97.6507
1924.73,92.6671
1925.12,91.6241
1925.52,91.573
1925.91,91.2996
1926.31,90.8715
1926.71,95.6934
1927.10,96.4641
1927.50,90.4695
1927.89,90.6039
1928.29,91.1504
1928.69,91.955
1929.08,98.0011
1929.48,102.012
1929.87,99.9211
1930.27,98.0392
1930.67,96.8904
1931.06,91.9643
1931.46,87.6373
1931.85,90.2606
1932.25,95.7926
1932.65,97.5056
1933.04,96.5769
1933.44,96.8726
1933.83,93.7712
1934.23,89.9985
1934.63,91.4976
1935.02,93.1918
1935.42,94.5584
1935.81,96.5431
1936.21,97.7249
1936.61,97.7025
1937.00,94.448
1937.40,88.7411
1937.79,89.9172
1938.19,94.3512
1938.59,92.7724
1938.98,89.6511
1939.38,90.0364
1939.77,90.3344
1940.17,90.2289
1940.57,91.6135
1940.96,92.4842
1941.36,91.3924
1941.75,90.8323
1942.15,90.3412
1942.55,85.823
1942.94,79.672
1943.34,74.3413
1943.73,71.912
1944.13,77.2722
1944.53,81.3159
1944.92,79.8372
1945.32,77.3941
1945.71,76.1345
1946.11,77.1694
1946.51,79.2403
1946.90,80.0369
1947.30,80.0332
1947.69,80.022
1948.09,78.7755
1948.49,80.5681
1948.88,81.6187
1949.28,80.3121
1949.67,80.0121
1950.07,81.9384
1950.47,82.5712
1950.86,77.9382
1951.26,76.5149
1951.65,81.1341
1952.05,83.9591
1952.45,83.8851
1952.84,82.3235
1953.24,81.0483
1953.63,77.7466
1954.03,77.0303
1954.43,79.9018
1954.82,80.6435
1955.22,78.6365
1955.61,77.2889
1956.01,77.8885
1956.41,78.9323
1956.80,80.0583
1957.20,80.0587
1957.59,79.2203
1957.99,78.953
1958.39,77.9072
1958.78,77.5797
1959.18,77.6714
1959.57,77.609
1959.97,76.2794
1960.37,74.7137
1960.76,75.2631
1961.16,76.7646
1961.55,75.7081
1961.95,74.9375
1962.35,75.2583
1962.74,73.8286
1963.14,73.2306
1963.53,73.8917
1963.93,73.5238
1964.33,72.3807
1964.72,72.2561
1965.12,73.5104
1965.51,73.6292
1965.91,73.0218
1966.31,74.7469
1966.70,75.8079
1967.10,75.6839
1967.49,74.9143
1967.89,74.5322
1968.29,74.5795
1968.68,73.7817
1969.08,72.203
1969.47,71.1738
1969.87,72.235
1970.27,74.165
1970.66,74.6725
1971.06,74.9059
1971.45,74.7051
1971.85,73.9392
1972.25,71.0042
1972.64,67.239
1973.04,69.3854
1973.43,72.7565
1973.83,73.1418
1974.23,73.413
1974.62,74.1093
1975.02,74.6346
1975.41,74.4045
1975.81,73.7588
1976.21,73.8185
1976.60,74.5283
1977.00,75.374
1977.39,75.1121
1977.79,71.9177
1978.19,69.5018
1978.58,72.4027
1978.98,75.3996
1979.37,75.1428
1979.77,74.2423
1980.17,75.1562
1980.56,74.9747
1980.96,74.0123
1981.35,74.2807
1981.75,74.4173
1982.15,74.4106
1982.54,74.7818
1982.94,74.4295
1983.33,74.6028
1983.73,75.8337
1984.13,76.2204
1984.52,75.7203
1984.92,74.4539
1985.31,73.6498
1985.71,73.016
1986.11,73.1702
1986.50,72.5471
1986.90,72.5961
1987.29,74.7445
1987.69,75.6851
1988.09,75.5899
1988.48,75.4209
1988.88,74.5025
1989.27,74.3079
1989.67,73.5773
1990.07,73.5921
1990.46,73.9549
1990.86,74.1152
1991.25,74.1311
1991.65,73.3096
1992.05,72.6892
1992.44,72.4863
1992.84,71.8571
1993.23,70.2233
1993.63,68.822
1994.03,70.134
1994.42,71.7557
1994.82,72.2863
1995.21,71.6481
1995.61,71.4524
1996.01,72.429
1996.40,71.3585
1996.80,70.9992
1997.19,70.7097
1997.59,70.1103
1997.99,70.0516
1998.38,70.5024
1998.78,70.425
1999.17,70.6441
1999.57,70.8992
1999.97,70.5579
2000.36,70.1627
2000.76,69.6505
2001.15,69.0588
2001.55,69.0997
2001.95,69.1455
2002.34,68.6404
2002.74,67.7352
2003.13,68.0144
2003.53,68.647
2003.93,68.9986
2004.32,68.4525
2004.72,68.1736
2005.11,67.9966
2005.51,66.8782
2005.91,66.9926
2006.30,67.001
2006.70,67.3402
2007.09,66.8239
2007.49,66.4161
2007.89,66.3934
2008.28,66.5861
2008.68,66.3053
2009.07,65.9631
2009.47,64.859
2009.87,64.5576
2010.26,65.3248
2010.66,64.9352
2011.05,64.5572
2011.45,64.2485
2011.85,64.4925
2012.24,64.4533
2012.64,63.7886
2013.03,63.1837
2013.43,62.9964
2013.83,62.8529
2014.22,63.1829
2014.62,62.7872
2015.01,61.9536
2015.41,61.8235
2015.81,61.7994
2016.20,61.8682
2016.60,61.2279
2016.99,60.8918
2017.39,60.3829
2017.79,60.6768
2018.18,61.0814
2018.58,60.7857
2018.97,60.372
2019.37,60.3544
2019.77,60.4923
2020.16,59.8938
2020.56,59.1893
2020.95,58.7946
2021.35,58.8009
2021.75,58.644
2022.14,58.5875
2022.54,58.1433
2022.93,57.9986
2023.33,57.746
2023.73,57.3422
2024.12,57.1215
2024.52,56.66
2024.91,56.5776
2025.31,56.3431
2025.71,56.0271
2026.10,55.3362
2026.50,55.4631
2026.89,55.0726
2027.29,55.0013
2027.69,54.6844
2028.08,54.2184
2028.48,53.5679
2028.87,53.3076
2029.27,53.9551
2029.67,53.3293
2030.06,51.9909
2030.46,51.8363
2030.85,52.1246
2031.25,52.6954
2031.65,52.5412
2032.04,52.2127
2032.44,52.0232
2032.83,52.0976
2033.23,51.756
2033.63,50.8806
2034.02,50.3872
2034.42,50.2192
2034.81,49.1665
2035.21,49.4388
2035.61,49.4495
2036.00,49.7469
2036.40,49.4181
2036.79,48.6651
2037.19,47.8575
2037.59,47.9135
2037.98,47.4786
2038.38,47.069
2038.77,47.0176
2039.17,47.5483
2039.57,47.3237
2039.96,47.1852
2040.36,46.9262
2040.75,46.4061
2041.15,46.0667
2041.55,45.7553
2041.94,45.9325
2042.34,45.5903
2042.73,44.7784
2043.13,44.7241
2043.53,44.7467
2043.92,44.3298
2044.32,44.2428
2044.71,43.6586
2045.11,43.47
2045.51,43.6237
2045.90,43.2374
2046.30,43.0655
2046.69,42.9004
2047.09,43.0744
2047.49,42.5867
2047.88,41.8948
2048.28,41.887
2048.67,41.2386
2049.07,41.0406
2049.47,40.7474
2049.86,40.6766
2050.26,40.9367
2050.65,40.3464
2051.05,40.374
2051.45,40.1887
2051.84,40.4362
2052.24,40.2536
2052.63,39.5809
2053.03,39.8458
2053.43,39.8551
2053.82,39.5783
2054.22,39.2236
2054.61,38.8906
2055.01,38.9586
2055.41,39.0153
2055.80,38.5737
2056.20,38.1956
2056.59,38.0784
2056.99,37.5615
2057.39,37.6757
2057.78,37.9587
2058.18,37.6618
2058.57,37.4667
2058.97,37.0938
2059.37,36.9889
2059.76,36.9705
2060.16,36.7382
2060.55,36.3739
2060.95,36.2712
2061.35,36.7275
2061.74,36.3805
2062.14,35.6824
2062.53,35.7181
2062.93,35.2149
2063.33,34.4776
2063.72,35.0947
2064.12,35.9183
2064.51,35.9955
2064.91,35.719
2065.31,35.2471
2065.70,35.3171
2066.10,35.1546
2066.49,35.2792
2066.89,34.9712
2067.29,34.9637
2067.68,34.733
2068.08,34.2622
2068.47,34.3665
2068.87,34.3813
2069.27,34.1508
2069.66,34.005
2070.06,33.3948
2070.45,33.0661
2070.85,33.0519
2071.25,33.0884
2071.64,33.1958
2072.04,32.8506
2072.43,32.7913
2072.83,33.0037
2073.23,32.9929
2073.62,33.1854
2074.02,32.3181
2074.41,31.9575
2074.81,32.1255
2075.21,32.2167
2075.60,32.1117
2076.00,31.6266
2076.39,31.2989
2076.79,31.2991
2077.19,30.901
2077.58,31.0369
2077.98,30.8169
2078.37,30.6409
2078.77,30.5575
2079.17,30.6103
2079.56,30.2708
2079.96,29.7561
2080.35,29.2075
2080.75,28.6478
2081.15,28.0719
2081.54,28.929
2081.94,28.9246
2082.33,28.484
2082.73,28.4206
2083.13,28.3715
2083.52,28.3435
2083.92,27.5839
2084.31,27.5397
2084.71,27.5577
2085.11,27.7907
2085.50,27.608
2085.90,27.17
2086.29,26.6748
2086.69,26.1438
2087.09,26.225
2087.48,26.158
2087.88,26.1285
2088.27,25.4805
2088.67,25.3317
2089.07,24.9725
2089.46,25.291
2089.86,25.3526
2090.25,24.9919
2090.65,24.5024
2091.05,24.3921
2091.44,24.775
2091.84,24.1535
2092.23,22.8452
2092.63,22.9528
2093.03,23.0631
2093.42,23.3563
2093.82,23.1696
2094.21,22.7697
2094.61,22.2521
2095.01,21.9456
2095.40,21.9624
2095.80,22.0127
2096.19,22.4469
2096.59,22.1296
2096.99,21.9301
2097.38,21.851
2097.78,21.7634
2098.17,21.6377
2098.57,21.1866
2098.97,20.6898
2099.36,20.7754
2099.76,20.831
2100.15,20.8059
2100.55,20.7084
2100.95,20.6979
2101.34,20.7866
2101.74,21.0046
2102.13,20.4477
2102.53,20.1699
2102.93,19.6971
2103.32,19.9874
2103.72,19.6846
2104.11,19.7563
2104.51,19.2322
2104.91,18.9582
2105.30,19.1097
2105.70,19.3035
2106.09,19.1966
2106.49,18.3639
2106.89,18.6779
2107.28,18.8914
2107.68,18.7822
2108.07,18.9825
2108.47,18.7343
2108.87,18.8317
2109.26,18.6691
2109.66,18.1896
2110.05,18.0132
2110.45,18.7251
2110.85,18.7829
2111.24,18.6845
2111.64,18.6537
2112.03,18.4017
2112.43,18.627
2112.83,18.3552
2113.22,18.4794
2113.62,18.3643
2114.01,18.5851
2114.41,18.4154
2114.81,18.3558
2115.20,18.4058
2115.60,18.3994
2115.99,18.279
2116.39,18.471
2116.79,17.8369
2117.18,18.1036
2117.58,18.3405
2117.97,18.4492
2118.37,18.4978
2118.77,18.6548
2119.16,18.8141
2119.56,19.026
2119.95,18.6362
2120.35,18.2619
2120.75,18.244
2121.14,18.5432
2121.54,18.8492
2121.93,18.7239
2122.33,19.7765
2122.73,19.8366
2123.12,19.0611
2123.52,18.6168
2123.91,19.2128
2124.31,19.7126
2124.71,19.9635
2125.10,20.0739
2125.50,19.8732
2125.89,20.1138
2126.29,20.1643
2126.69,20.2068
2127.08,20.4883
2127.48,20.6004
2127.87,20.5692
2128.27,20.9925
2128.67,21.0749
2129.06,21.4855
2129.46,21.5673
2129.85,21.5444
2130.25,21.574
2130.65,21.6478
2131.04,21.5638
2131.44,22.1823
2131.83,22.1208
2132.23,22.1618
2132.63,22.4834
2133.02,22.4546
2133.42,22.513
2133.81,22.886
2134.21,23.0884
2134.61,23.0389
2135.00,22.9892
2135.40,22.6614
2135.79,22.0901
2136.19,22.4542
2136.59,23.0853
2136.98,23.0359
2137.38,22.9001
2137.77,23.2951
2138.17,23.2136
2138.57,23.9553
2138.96,23.6994
2139.36,23.5689
2139.75,23.7615
2140.15,23.8005
2140.55,23.511
2140.94,23.957
2141.34,24.0036
2141.73,23.7531
2142.13,23.1146
2142.53,22.8049
2142.92,22.693
2143.32,22.3668
2143.71,22.7692
2144.11,22.9494
2144.51,23.2396
2144.90,22.758
2145.30,22.8968
2145.69,23.1165
2146.09,22.7022
2146.49,22.8099
2146.88,22.6541
2147.28,22.4218
2147.67,22.3356
2148.07,22.1806
2148.47,21.876
2148.86,21.3511
2149.26,20.7441
2149.65,20.8316
2150.05,21.1894
2150.45,21.4118
2150.84,21.1723
2151.24,21.0528
2151.63,20.8581
2152.03,20.2096
2152.43,19.9747
2152.82,20.3252
2153.22,20.9887
2153.61,20.6705
2154.01,20.435
2154.41,19.7615
2154.80,19.1404
2155.20,17.8653
2155.59,17.9011
2155.99,18.4475
2156.39,18.739
2156.78,18.8089
2157.18,18.7743
2157.57,18.8419
2157.97,19.1155
2158.37,19.2164
2158.76,19.4801
2159.16,19.5925
2159.55,18.7942
2159.95,18.0797
2160.35,17.0046
2160.74,14.6755
2161.14,13.3986
2161.53,14.5739
2161.93,15.5312
2162.33,15.5548
2162.72,16.1581
2163.12,17.0681
2163.51,17.1666
2163.91,16.8296
2164.31,16.2632
2164.70,15.2766
2165.10,14.6521
2165.49,14.0157
2165.89,12.9683
2166.29,11.1601
2166.68,9.32934
2167.08,9.76284
2167.47,12.0461
2167.87,13.1562
2168.27,14.0881
2168.66,14.807
2169.06,14.373
2169.45,13.6618
2169.85,13.1098
2170.25,12.8759
2170.64,13.1407
2171.04,12.8547
2171.43,11.373
2171.83,11.0218
2172.23,9.10431
2172.62,6.4391
2173.02,8.21206
2173.41,11.2499
2173.81,12.1356
2174.21,10.9589
2174.60,9.77551
2175.00,9.61613
2175.39,10.3879
2175.79,11.3312
2176.19,11.3039
2176.58,11.2166
2176.98,11.0619
2177.37,10.3058
2177.77,8.71039
2178.17,5.61192
2178.56,5.87522
2178.96,8.33072
2179.35,8.92055
2179.75,9.07023
2180.15,10.5508
2180.54,11.259
2180.94,10.8468
2181.33,10.867
2181.73,11.2264
2182.13,10.6294
2182.52,9.48902
2182.92,8.31514
2183.31,7.60686
2183.71,6.47098
2184.11,5.77317
2184.50,7.37265
2184.90,9.50157
2185.29,9.90579
2185.69,9.95506
2186.09,9.61565
2186.48,9.53721
2186.88,10.036
2187.27,9.43033
2187.67,9.00177
2188.07,8.55208
2188.46,7.66808
2188.86,7.05936
2189.25,5.86076
2189.65,5.48493
2190.05,7.38829
2190.44,8.76902
2190.84,8.74587
2191.23,8.68902
2191.63,8.96811
2192.03,8.76538
2192.42,8.44302
2192.82,8.15951
2193.21,8.184
2193.61,7.63062
2194.01,7.45827
2194.40,7.05841
2194.80,5.52285
2195.19,4.69698
2195.59,6.197
2195.99,6.92447
2196.38,7.12084
2196.78,7.08722
2197.17,7.10489
2197.57,6.73761
2197.97,6.3002
2198.36,5.59599
2198.76,5.10947
2199.15,4.38448
2199.55,2.66871
2199.95,0.619074
2200.34,-0.242984
2200.74,0.937037
2201.13,1.94026
2201.53,2.63812
2201.93,3.0297
2202.32,2.54888
2202.72,2.49655
2203.11,2.8408
2203.51,3.12027
2203.91,3.31905
2204.30,2.16483
2204.70,1.50699
2205.09,2.09353
2205.49,2.84089
2205.89,3.22248
2206.28,3.84916
2206.68,4.44072
2207.07,4.72278
2207.47,4.59795
2207.87,4.60877
2208.26,4.78616
2208.66,4.6212
2209.05,4.70965
2209.45,4.77729
2209.85,4.75154
2210.24,4.4061
2210.64,3.63455
2211.03,2.73887
2211.43,3.00694
2211.83,4.16144
2212.22,4.42449
2212.62,4.78567
2213.01,4.93554
2213.41,4.81728
2213.81,4.74418
2214.20,5.0802
2214.60,5.13521
2214.99,4.96722
2215.39,4.70685
2215.79,3.55581
2216.18,1.8052
2216.58,1.90432
2216.97,3.25913
2217.37,4.50247
2217.77,4.55885
2218.16,4.30392
2218.56,3.83888
2218.95,3.98396
2219.35,3.95118
2219.75,4.19339
2220.14,4.46034
2220.54,4.1744
2220.93,3.13677
2221.33,2.34603
2221.73,2.43704
2222.12,4.02534
2222.52,4.90741
2222.91,4.94669
2223.31,4.98897
2223.71,4.31563
2224.10,4.62
2224.50,4.42658
2224.89,3.81958
2225.29,4.56577
2225.69,5.04169
2226.08,4.2442
2226.48,3.90373
2226.87,4.54274
2227.27,5.06507
2227.67,5.45172
2228.06,5.29054
2228.46,5.51598
2228.85,5.84347
2229.25,6.02023
2229.65,6.42617
2230.04,6.0233
2230.44,5.46933
2230.83,5.58617
2231.23,5.18966
2231.63,5.16424
2232.02,5.21744
2232.42,5.11732
2232.81,5.88497
2233.21,6.8862
2233.61,7.38017
2234.00,7.59867
2234.40,7.84529
2234.79,7.93106
2235.19,7.78613
2235.59,7.45582
2235.98,7.43919
2236.38,6.69663
2236.77,6.24908
2237.17,7.01342
2237.57,7.51554
2237.96,7.58718
2238.36,8.38482
2238.75,8.82862
2239.15,9.22859
2239.55,10.0458
2239.94,10.2604
2240.34,9.74918
2240.73,9.47644
2241.13,9.04659
2241.53,9.74298
2241.92,11.0277
2242.32,11.4922
2242.71,11.3147
2243.11,11.4626
2243.51,10.7182
2243.90,10.4564
2244.30,12.763
2244.69,14.0938
2245.09,13.7609
2245.49,11.7402
2245.88,9.87839
2246.28,9.89178
2246.67,10.9617
2247.07,10.5185
2247.47,11.4944
2247.86,13.3126
2248.26,14.3785
2248.65,13.5789
2249.05,13.3618
2249.45,13.6471
2249.84,13.6326
2250.24,13.3338
2250.63,12.2525
2251.03,12.3345
2251.43,13.813
2251.82,14.9927
2252.22,14.3228
2252.61,13.6207
2253.01,12.3962
2253.41,12.1084
2253.80,11.4432
2254.20,10.5174
2254.59,12.9
2254.99,15.5363
2255.39,15.6733
2255.78,15.2326
2256.18,15.698
2256.57,13.9282
2256.97,11.5569
2257.37,12.2342
2257.76,14.1909
2258.16,15.442
2258.55,17.4903
2258.95,19.0336
2259.35,18.8556
2259.74,17.1154
2260.14,15.048
2260.53,14.489
2260.93,12.4295
2261.33,11.7412
2261.72,10.5712
2262.12,10.1252
2262.51,13.8309
2262.91,16.9577
2263.31,15.5888
2263.70,13.2564
2264.10,12.493
2264.49,11.2974
2264.89,12.3429
2265.29,14.7854
2265.68,16.481
2266.08,18.3893
2266.47,19.8048
2266.87,18.3496
2267.27,14.9164
2267.66,11.6492
2268.06,9.25583
2268.45,7.75456
2268.85,8.60994
2269.25,12.5547
2269.64,14.1689
2270.04,12.2131
2270.43,11.3184
2270.83,15.103
2271.23,16.2998
2271.62,14.4362
2272.02,14.4502
2272.41,14.4155
2272.81,15.5695
2273.21,16.3938
2273.60,16.6607
2274.00,16.6756
2274.39,13.6344
2274.79,9.04744
2275.19,4.73625
2275.58,2.70867
2275.98,5.50142
2276.37,8.7049
2276.77,8.39726
2277.17,7.25022
2277.56,9.11129
2277.96,10.5233
2278.35,11.6468
2278.75,12.8652
2279.15,14.8153
2279.54,16.9405
2279.94,15.1104
2280.33,10.8834
2280.73,9.65815
2281.13,11.5209
2281.52,11.0993
2281.92,9.95478
2282.31,6.28942
2282.71,1.73623
2283.11,2.07101
2283.50,3.19983
2283.90,2.2834
2284.29,3.79142
2284.69,7.20221
2285.09,7.28555
2285.48,7.13144
2285.88,10.0492
2286.27,10.6311
2286.67,9.25184
2287.07,10.1006
2287.46,9.05118
2287.86,6.32985
2288.25,6.36065
2288.65,7.32548
2289.05,6.1086
2289.44,2.67309
2289.84,1.16969
2290.23,2.69375
2290.63,4.53706
2291.03,5.44594
2291.42,6.29337
2291.82,6.45444
2292.21,3.39145
2292.61,3.50713
2293.01,5.597
2293.40,4.96236
2293.80,4.60483
2294.19,5.03979
2294.59,3.60213
2294.99,2.46058
2295.38,2.8868
2295.78,3.29352
2296.17,5.97942
2296.57,7.71559
2296.97,8.54595
2297.36,10.5484
2297.76,9.3345
2298.15,5.74806
2298.55,3.40863
2298.95,2.68125
2299.34,1.83992
2299.74,1.90084
2300.13,1.72332
2300.53,1.33304
2300.93,2.07116
2301.32,3.48698
2301.72,4.7779
2302.11,5.02006
2302.51,4.99298
2302.91,4.999
2303.30,3.24358
2303.70,1.74818
2304.09,1.82663
2304.49,1.65911
2304.89,1.8979
2305.28,2.06936
2305.68,2.20194
2306.07,2.52106
2306.47,2.09759
2306.87,1.74649
2307.26,1.30342
2307.66,0.950548
2308.05,1.8837
2308.45,2.39121
2308.85,1.98443
2309.24,2.20977
2309.64,3.11369
2310.03,4.40215
2310.43,7.11145
2310.83,9.86451
2311.22,10.6391
2311.62,8.27542
2312.01,5.35547
2312.41,6.29372
2312.81,9.25971
2313.20,9.75642
2313.60,9.55876
2313.99,10.7994
2314.39,11.5431
2314.79,10.2596
2315.18,8.3002
2315.58,6.07754
2315.97,2.97705
2316.37,1.66407
2316.77,1.08412
2317.16,0.827674
2317.56,0.468347
2317.95,0.752117
2318.35,1.95057
2318.75,2.75388
2319.14,3.89758
2319.54,4.91167
2319.93,5.20766
2320.33,5.56448
2320.73,4.32861
2321.12,3.56177
2321.52,3.94826
2321.91,5.1018
2322.31,5.02641
2322.71,3.3565
2323.10,4.98117
2323.50,6.28178
2323.89,6.62994
2324.29,8.41696
2324.69,8.86437
2325.08,5.71184
2325.48,2.57774
2325.87,3.50536
2326.27,3.86012
2326.67,3.14407
2327.06,4.30972
2327.46,4.80577
2327.85,5.30658
2328.25,4.72299
2328.65,3.21404
2329.04,3.10413
2329.44,4.70609
2329.83,7.92936
2330.23,8.49609
2330.63,5.5232
2331.02,4.37337
2331.42,4.91589
2331.81,4.44555
2332.21,5.32252
2332.61,5.85591
2333.00,7.58525
2333.40,7.01138
2333.79,4.58166
2334.19,4.05078
2334.59,4.33075
2334.98,5.6413
2335.38,7.79333
2335.77,7.67828
2336.17,6.5152
2336.57,7.94653
2336.96,9.40791
2337.36,9.92013
2337.75,8.82045
2338.15,5.87492
2338.55,3.85286
2338.94,5.57314
2339.34,5.33597
2339.73,3.11619
2340.13,1.42524
2340.53,1.42013
2340.92,3.43725
2341.32,5.31293
2341.71,8.62261
2342.11,10.4412
2342.51,10.0608
2342.90,9.66274
2343.30,9.53953
2343.69,9.40745
2344.09,9.0646
2344.49,7.55666
2344.88,7.37093
2345.28,6.56709
2345.67,6.07662
2346.07,6.3819
2346.47,5.85714
2346.86,5.60862
2347.26,5.90822
2347.65,5.55685
2348.05,4.70562
2348.45,4.97162
2348.84,5.88249
2349.24,5.77957
2349.63,6.31258
2350.03,6.65656
2350.43,5.54355
2350.82,6.69257
2351.22,9.22171
2351.61,9.51086
2352.01,6.94977
2352.41,6.92051
2352.80,7.51772
2353.20,4.96225
2353.59,4.55623
2353.99,6.58383
2354.39,6.21732
2354.78,5.26772
2355.18,4.74634
2355.57,3.66732
2355.97,2.6999
2356.37,4.26332
2356.76,5.67855
2357.16,6.05343
2357.55,6.49645
2357.95,5.74534
2358.35,3.37352
2358.74,2.21968
2359.14,3.58301
2359.53,6.24811
2359.93,7.90995
2360.33,8.14014
2360.72,8.14424
2361.12,5.98471
2361.51,3.78502
2361.91,4.30185
2362.31,7.07183
2362.70,8.8621
2363.10,9.2515
2363.49,8.32744
2363.89,6.43218
2364.29,4.02092
2364.68,3.49893
2365.08,5.65775
2365.47,7.94436
2365.87,8.0156
2366.27,6.71285
2366.66,6.27934
2367.06,4.16764
2367.45,2.2301
2367.85,4.21101
2368.25,6.47207
2368.64,6.97971
2369.04,6.73864
2369.43,6.1478
2369.83,4.59272
2370.23,2.43576
2370.62,1.38695
2371.02,0.631578
2371.41,0.843049
2371.81,1.6004
2372.21,2.83278
2372.60,3.27041
2373.00,4.08482
2373.39,4.34633
2373.79,4.65066
2374.19,5.40584
2374.58,6.05633
2374.98,6.34656
2375.37,6.13717
2375.77,4.53279
2376.17,3.12246
2376.56,2.26552
2376.96,2.51482
2377.35,4.09654
2377.75,5.21971
2378.15,6.30616
2378.54,6.31216
2378.94,5.54534
2379.33,4.8447
2379.73,2.7176
2380.13,1.5862
2380.52,1.94634
2380.92,3.52135
2381.31,4.05932
2381.71,4.46866
2382.11,4.11362
2382.50,4.28054
2382.90,2.88546
2383.29,1.81759
2383.69,1.70826
2384.09,2.65418
2384.48,4.56023
2384.88,5.55652
2385.27,4.78051
2385.67,5.0617
2386.07,4.59831
2386.46,4.03477
2386.86,4.05764
2387.25,4.04099
2387.65,4.55661
2388.05,5.46922
2388.44,5.13884
2388.84,5.14361
2389.23,4.77397
2389.63,4.58578
2390.03,4.25684
2390.42,4.7226
2390.82,4.36654
2391.21,4.18112
2391.61,3.92366
2392.01,4.50355
2392.40,4.9995
2392.80,4.71859
2393.19,4.93494
2393.59,5.46901
2393.99,5.95585
2394.38,5.29058
2394.78,4.9615
2395.17,5.65293
2395.57,6.34482
2395.97,5.86672
2396.36,4.63409
2396.76,4.8077
2397.15,6.24296
2397.55,6.55527
2397.95,6.39136
2398.34,6.55781
2398.74,6.58548
2399.13,6.058
2399.53,5.28322
2399.93,5.5754
2400.32,5.01455
2400.72,5.09606
2401.11,6.04672
2401.51,5.66375
2401.91,5.16723
2402.30,5.0346
2402.70,5.98217
2403.09,6.2368
2403.49,5.97988
2403.89,6.41776
2404.28,6.11075
2404.68,5.61175
2405.07,5.65385
2405.47,4.7927
2405.87,5.01765
2406.26,6.30438
2406.66,7.05705
2407.05,6.71366
2407.45,6.56418
2407.85,6.85227
2408.24,6.13355
2408.64,6.74401
2409.03,7.18053
2409.43,7.28448
2409.83,7.02636
2410.22,6.26385
2410.62,7.74205
2411.01,9.34787
2411.41,9.54802
2411.81,11.0051
2412.20,11.8778
2412.60,6.83638
2412.99,5.9741
2413.39,6.80947
2413.79,7.27526
2414.18,7.14595
2414.58,6.61723
2414.97,6.49861
2415.37,8.03765
2415.77,10.9283
2416.16,7.93953
2416.56,7.16068
2416.95,10.1398
2417.35,15.4207
2417.75,15.7584
2418.14,14.8983
2418.54,15.4139
2418.93,16.8464
2419.33,14.2852
2419.73,11.0738
2420.12,14.9877
2420.52,35.1452
2420.91,55.5991
2421.31,54.1866
2421.71,64.924
2422.10,102.942
2422.50,83.1975
2422.89,69.9453
2423.29,93.0573
2423.69,99.4095
2428.04,-0.0288731
2428.44,-0.956385
2428.83,2.04841
2429.23,4.22353
2429.63,-0.621269
2430.02,2.18618
2430.42,16.6093
2430.81,17.6727
2431.21,16.9732
2431.61,12.6924
2432.00,22.457
2432.40,38.3443
2432.79,37.9437
2433.19,36.6451
2433.59,35.6475
2433.98,32.9632
2434.38,40.0328
2434.77,46.7384
2435.17,38.2198
2435.57,37.8084
2435.96,43.0872
2436.36,45.7227
2436.75,38.7228
2437.15,28.7207
2437.55,29.1796
2437.94,30.4014
2438.34,30.5745
2438.73,30.2679
2439.13,27.188
2439.53,26.8635
2439.92,24.9626
2440.32,21.4418
2440.71,21.9697
2441.11,23.0558
2441.51,23.761
2441.90,24.3234
2442.30,23.7267
2442.69,22.6693
2443.09,23.0058
2443.49,22.877
2443.88,19.7306
2444.28,17.4198
2444.67,18.2552
2445.07,19.3929
2445.47,22.3674
2445.86,22.4061
2446.26,19.7896
2446.65,19.8274
2447.05,20.2414
2447.45,18.879
2447.84,18.1457
2448.24,20.2415
2448.63,19.7711
2449.03,18.6933
2449.43,19.4432
2449.82,19.1698
2450.22,17.8477
2450.61,17.1336
2451.01,18.151
2451.41,18.7674
2451.80,18.1705
2452.20,16.9292
2452.59,18.8236
2452.99,21.105
2453.39,21.9717
2453.78,21.7535
2454.18,20.2494
2454.57,18.8052
2454.97,19.8855
2455.37,20.0889
2455.76,19.5927
2456.16,18.6687
2456.55,17.9278
2456.95,17.7767
2457.35,18.6695
2457.74,19.1673
2458.14,20.9903
2458.53,21.8617
2458.93,22.165
2459.33,23.1301
2459.72,23.3734
2460.12,24.2982
2460.51,23.5735
2460.91,22.0348
2461.31,21.1296
2461.70,21.9716
2462.10,23.621
2462.49,24.2966
2462.89,23.1933
2463.29,23.1307
2463.68,23.4857
2464.08,23.1687
2464.47,23.9358
2464.87,24.3153
2465.27,24.4517
2465.66,24.3649
2466.06,24.4664
2466.45,26.1601
2466.85,27.3939
2467.25,31.4899
2467.64,32.8837
2468.04,31.201
2468.43,27.2713
2468.83,21.9082
2469.23,24.4231
2469.62,29.1754
2470.02,34.9122
2470.41,37.8015
2470.81,37.3395
2471.21,35.1669
2471.60,36.3603
2472.00,37.2836
2472.39,37.0001
2472.79,36.2871
2473.19,35.7456
2473.58,36.4693
2473.98,35.4706
2474.37,32.5152
2474.77,30.7313
2475.17,33.4109
2475.56,35.3761
2475.96,37.4361
2476.35,37.151
2476.75,38.0964
2477.15,38.6889
2477.54,37.8284
2477.94,39.4068
2478.33,39.521
2478.73,39.2842
2479.13,38.7233
2479.52,42.8487
2479.92,43.8187
2480.31,42.2662
2480.71,43.417
2481.11,46.2804
2481.50,47.3361
2481.90,46.0306
2482.29,43.6909
2482.69,43.5109
2483.09,43.6839
2483.48,37.1124
2483.88,32.5654
2484.27,32.5852
2484.67,37.3267
2485.07,44.4713
2485.46,48.0121
2485.86,48.676
2486.25,47.1432
2486.65,44.7583
2487.05,45.5818
2487.44,45.0528
2487.84,37.2645
2488.23,32.5722
2488.63,39.4185
2489.03,44.6478
2489.42,46.3467
2489.82,49.6087
2490.21,50.0001
2490.61,46.037
2491.01,45.2319
2491.40,49.8351
2491.80,51.9816
2492.19,52.7264
2492.59,51.8279
2492.99,49.9249
2493.38,49.8694
2493.78,50.8823
2494.17,50.6496
2494.57,51.1793
2494.97,53.1685
2495.36,54.499
2495.76,53.7486
2496.15,53.6801
2496.55,54.0812
2496.95,53.4276
2497.34,51.0317
2497.74,45.7363
2498.13,37.5462
2498.53,29.6654
2498.93,27.7304
2499.32,36.4718
2499.72,44.8988
2500.11,45.9951
2500.51,46.1011
2500.91,48.6305
2501.30,49.0329
2501.70,47.8352
2502.09,49.8089
2502.49,51.5588
2502.89,52.6778
2503.28,52.2968
2503.68,49.5824
2504.07,48.5131
2504.47,45.3351
2504.87,44.6726
2505.26,50.9335
2505.66,55.1368
2506.05,55.2772
2506.45,53.9051
2506.85,53.2528
2507.24,53.8818
2507.64,52.828
2508.03,50.4349
2508.43,46.0738
2508.83,40.5845
2509.22,42.6723
2509.62,47.3826
2510.01,47.2012
2510.41,42.6193
2510.81,41.0081
2511.20,39.6443
2511.60,38.185
2511.99,43.3168
2512.39,47.2386
2512.79,43.7093
2513.18,34.4761
2513.58,30.707
2513.97,38.1279
2514.37,46.4941
2514.77,51.3404
2515.16,53.0661
2515.56,53.2496
2515.95,49.3042
2516.35,43.635
2516.75,42.5524
2517.14,42.8584
2517.54,47.3173
2517.93,48.7159
2518.33,44.4814
2518.73,41.8372
2519.12,45.3248
2519.52,45.9904
2519.91,41.0018
2520.31,33.9898
2520.71,33.599
2521.10,40.022
2521.50,46.0701
2521.89,50.8631
2522.29,49.5944
2522.69,43.5604
2523.08,44.0654
2523.48,49.0285
2523.87,49.6311
2524.27,43.8465
2524.67,36.6178
2525.06,39.5011
2525.46,45.3714
2525.85,45.3289
2526.25,40.9187
2526.65,40.2369
2527.04,41.5136
2527.44,33.022
2527.83,24.5965
2528.23,30.7935
2528.63,37.3563
2529.02,35.4846
2529.42,41.4444
2529.81,50.2953
2530.21,52.6275
2530.61,50.764
2531.00,45.1645
2531.40,44.8813
2531.79,48.8436
2532.19,49.1543
2532.59,44.0022
2532.98,36.7003
2533.38,38.4819
2533.77,40.3299
2534.17,43.1406
2534.57,48.1756
2534.96,46.0049
2535.36,37.0952
2535.75,35.2049
2536.15,36.672
2536.55,30.6522
2536.94,33.2616
2537.34,40.9967
2537.73,46.0206
2538.13,50.9631
2538.53,53.0218
2538.92,53.2776
2539.32,50.2976
2539.71,43.4424
2540.11,38.531
2540.51,41.1419
2540.90,47.1757
2541.30,47.6852
2541.69,42.8048
2542.09,40.5547
2542.49,40.596
2542.88,41.4052
2543.28,43.8536
2543.67,45.7796
2544.07,49.4724
2544.47,52.7478
2544.86,48.9805
2545.26,39.3058
2545.65,36.2075
2546.05,39.9447
2546.45,44.3328
2546.84,45.9881
2547.24,43.6329
2547.63,38.5765
2548.03,40.9644
2548.43,47.5553
2548.82,49.3338
2549.22,46.6793
2549.61,42.9744
2550.01,39.4279
2550.41,34.9514
2550.80,32.7701
2551.20,35.7688
2551.59,30.7927
2551.99,26.1277
2552.39,27.5222
2552.78,33.57
2553.18,32.8959
2553.57,36.2431
2553.97,43.4099
2554.37,41.7193
2554.76,34.9566
2555.16,29.4929
2555.55,36.519
2555.95,44.233
2556.35,40.5791
2556.74,35.5916
2557.14,38.0807
2557.53,39.3962
2557.93,38.1167
2558.33,34.4537
2558.72,34.2267
2559.12,42.2195
2559.51,48.0613
2559.91,45.3737
2560.31,41.0013
2560.70,40.7073
2561.10,41.9674
2561.49,44.0028
2561.89,45.7186
2562.29,44.0621
2562.68,41.0669
2563.08,36.9252
2563.47,40.622
2563.87,47.1776
2564.27,44.6948
2564.66,33.0825
2565.06,22.9394
2565.45,18.0141
2565.85,19.0807
2566.25,24.8223
2566.64,29.2183
2567.04,25.7353
2567.43,20.3011
2567.83,25.0849
2568.23,35.7519
2568.62,40.9896
2569.02,35.8337
2569.41,24.0005
2569.81,13.2514
2570.21,10.6467
2570.60,16.4104
2571.00,19.5458
2571.39,23.2079
2571.79,28.7842
2572.19,30.7307
2572.58,23.9856
2572.98,12.619
2573.37,8.05761
2573.77,16.2715
2574.17,23.2441
2574.56,22.1184
2574.96,23.3202
2575.35,26.8522
2575.75,22.6385
2576.15,15.7884
2576.54,20.9342
2576.94,31.6227
2577.33,36.453
2577.73,38.9794
2578.13,40.2974
2578.52,36.6093
2578.92,28.0911
2579.31,18.8222
2579.71,20.7148
2580.11,28.2925
2580.50,27.6288
2580.90,25.6551
2581.29,32.3158
2581.69,38.6697
2582.09,36.8509
2582.48,26.4205
2582.88,17.013
2583.27,22.8917
2583.67,34.7887
2584.07,38.9724
2584.46,34.9936
2584.86,29.3356
2585.25,23.3185
2585.65,18.8191
2586.05,15.5889
2586.44,12.2153
2586.84,5.8605
2587.23,3.03553
2587.63,4.85664
2588.03,6.7364
2588.42,10.148
2588.82,14.2489
2589.21,16.4181
2589.61,20.413
2590.01,23.9919
2590.40,21.8162
2590.80,21.848
2591.19,23.8537
2591.59,27.9111
2591.99,33.9126
2592.38,36.0698
2592.78,38.2982
2593.17,40.0484
2593.57,39.8206
2593.97,31.8199
2594.36,18.8109
2594.76,11.0282
2595.15,15.0829
2595.55,25.5032
2595.95,30.1286
2596.34,34.1933
2596.74,38.7549
2597.13,40.5738
2597.53,40.4104
2597.93,39.2487
2598.32,39.4902
2598.72,35.6469
2599.11,30.5477
2599.51,30.8693
2599.91,26.232
2600.30,17.6782
2600.70,17.9149
2601.09,20.8706
2601.49,22.2121
2601.89,18.9878
2602.28,22.2111
2602.68,31.0876
2603.07,33.51
2603.47,31.114
2603.87,33.7213
2604.26,38.1972
2604.66,40.8037
2605.05,38.3222
2605.45,32.6272
2605.85,30.6075
2606.24,31.4656
2606.64,40.0464
2607.03,45.5822
2607.43,43.984
2607.83,44.7145
2608.22,45.5738
2608.62,43.2278
2609.01,41.8355
2609.41,38.5136
2609.81,35.1589
2610.20,34.8928
2610.60,41.7941
2610.99,44.2125
2611.39,37.436
2611.79,38.7288
2612.18,44.9674
2612.58,42.8121
2612.97,41.9211
2613.37,47.8254
2613.77,48.9479
2614.16,46.0048
2614.56,46.7308
2614.95,47.681
2615.35,46.0414
2615.75,43.7613
2616.14,43.3505
2616.54,45.0607
2616.93,44.9461
2617.33,46.2133
2617.73,46.25
2618.12,45.0927
2618.52,46.4037
2618.91,50.2047
2619.31,51.2411
2619.71,52.2212
2620.10,53.3181
2620.50,52.1934
2620.89,50.0063
2621.29,47.6126
2621.69,48.3677
2622.08,50.12
2622.48,49.8885
2622.87,50.0616
2623.27,50.9885
2623.67,50.7099
2624.06,49.8664
2624.46,49.1909
2624.85,47.8233
2625.25,45.7568
2625.65,44.6091
2626.04,45.4097
2626.44,48.7249
2626.83,51.707
2627.23,52.17
2627.63,51.9194
2628.02,51.5647
2628.42,51.667
2628.81,53.603
2629.21,54.7641
2629.61,55.0827
2630.00,53.7319
2630.40,53.9082
2630.79,53.5905
2631.19,52.0147
2631.59,52.5737
2631.98,54.3427
2632.38,53.5595
2632.77,52.7391
2633.17,53.2306
2633.57,54.7041
2633.96,57.3066
2634.36,58.5109
2634.75,57.3943
2635.15,54.675
2635.55,53.8538
2635.94,56.7891
2636.34,57.4674
2636.73,56.3247
2637.13,56.7042
2637.53,58.551
2637.92,59.5425
2638.32,60.0148
2638.71,60.4766
2639.11,60.044
2639.51,56.1996
2639.90,51.649
2640.30,49.9258
2640.69,52.4273
2641.09,55.4223
2641.49,55.2613
2641.88,54.2007
2642.28,53.6472
2642.67,54.1003
2643.07,56.7073
2643.47,60.4526
2643.86,62.841
2644.26,62.3684
2644.65,59.0606
2645.05,58.8713
2645.45,60.687
2645.84,62.2741
2646.24,62.8578
2646.63,63.3781
2647.03,63.9594
2647.43,63.7664
2647.82,63.0085
2648.22,60.1159
2648.61,57.527
2649.01,59.4925
2649.41,62.0137
2649.80,63.5027
2650.20,65.513
2650.59,67.2172
2650.99,66.391
2651.39,63.1526
2651.78,61.7098
2652.18,60.3884
2652.57,58.8336
2652.97,56.8797
2653.37,53.7581
2653.76,52.4991
2654.16,54.6037
2654.55,55.9034
2654.95,56.9473
2655.35,56.6265
2655.74,56.6882
2656.14,59.8083
2656.53,62.6944
2656.93,62.8828
2657.33,60.7095
2657.72,61.3106
2658.12,62.5682
2658.51,64.0918
2658.91,67.4768
2659.31,69.9926
2659.70,70.1294
2660.10,67.3803
2660.49,64.5952
2660.89,65.1208
2661.29,65.3558
2661.68,64.6765
2662.08,62.6808
2662.47,59.0366
2662.87,59.5943
2663.27,63.3929
2663.66,65.4418
2664.06,66.0862
2664.45,65.5645
2664.85,63.906
2665.25,63.1436
2665.64,62.1261
2666.04,60.5967
2666.43,62.2452
2666.83,66.0999
2667.23,68.6659
2667.62,67.7075
2668.02,67.4119
2668.41,67.2709
2668.81,66.9047
2669.21,65.9179
2669.60,64.3395
2670.00,62.1966
2670.39,58.1413
2670.79,56.6626
2671.19,57.766
2671.58,57.279
2671.98,55.418
2672.37,52.9093
2672.77,52.4438
2673.17,54.2239
2673.56,57.3819
2673.96,61.3657
2674.35,64.9274
2674.75,66.4787
2675.15,66.8278
2675.54,65.6964
2675.94,65.7711
2676.33,65.4943
2676.73,65.7573
2677.13,65.7701
2677.52,64.2133
2677.92,61.3139
2678.31,61.6112
2678.71,64.3678
2679.11,65.4732
2679.50,66.3276
2679.90,67.6685
2680.29,67.8974
2680.69,67.8358
2681.09,67.7392
2681.48,66.6232
2681.88,65.613
2682.27,66.0416
2682.67,66.7445
2683.07,65.5281
2683.46,65.4226
2683.86,65.8646
2684.25,64.8877
2684.65,64.8081
2685.05,63.7252
2685.44,61.3694
2685.84,59.8649
2686.23,61.5658
2686.63,63.222
2687.03,62.5313
2687.42,59.1886
2687.82,59.1839
2688.21,62.5854
2688.61,65.1648
2689.01,65.1915
2689.40,63.7516
2689.80,60.6216
2690.19,57.3572
2690.59,56.1047
2690.99,55.2089
2691.38,55.7057
2691.78,57.1219
2692.17,57.5823
2692.57,58.4187
2692.97,61.2155
2693.36,63.3134
2693.76,62.501
2694.15,60.574
2694.55,59.897
2694.95,61.7769
2695.34,62.5712
2695.74,62.2889
2696.13,62.5853
2696.53,63.0162
2696.93,62.8268
2697.32,62.5504
2697.72,61.481
2698.11,61.3613
2698.51,62.1774
2698.91,62.2536
2699.30,61.9958
2699.70,62.2002
2700.09,62.2941
2700.49,61.6687
2700.89,61.7642
2701.28,61.4204
2701.68,60.324
2702.07,60.2325
2702.47,61.1705
2702.87,61.3289
2703.26,61.2036
2703.66,59.6996
2704.05,59.0365
2704.45,60.0238
2704.85,60.9551
2705.24,60.2482
2705.64,60.5109
2706.03,60.5511
2706.43,58.3501
2706.83,58.3222
2707.22,59.0415
2707.62,58.2458
2708.01,62.2908
2708.41,62.1163
2708.81,60.6121
2709.20,60.6829
2709.60,58.8221
2709.99,56.9702
2710.39,56.6104
2710.79,57.284
2711.18,56.9684
2711.58,55.6993
2711.97,56.1991
2712.37,57.4447
2712.77,58.3961
2713.16,59.166
2713.56,58.9698
2713.95,58.647
2714.35,57.6885
2714.75,57.7781
2715.14,58.0417
2715.54,58.8198
2715.93,59.4826
2716.33,59.0131
2716.73,58.8762
2717.12,57.8634
2717.52,56.8116
2717.91,57.1644
2718.31,56.8748
2718.71,56.1613
2719.10,56.3765
2719.50,57.1814
2719.89,57.0018
2720.29,57.3044
2720.69,57.0708
2721.08,57.3757
2721.48,57.6753
2721.87,57.3263
2722.27,56.6008
2722.67,55.9065
2723.06,53.5691
2723.46,52.9962
2723.85,55.2625
2724.25,56.0411
2724.65,56.0777
2725.04,56.277
2725.44,56.2234
2725.83,55.7491
2726.23,55.6486
2726.63,53.7616
2727.02,53.1793
2727.42,54.1861
2727.81,55.2407
2728.21,55.8242
2728.61,55.4406
2729.00,55.452
2729.40,55.2707
2729.79,54.9018
2730.19,54.011
2730.59,54.2667
2730.98,54.3709
2731.38,54.2783
2731.77,55.0273
2732.17,55.0933
2732.57,54.0277
2732.96,53.7451
2733.36,54.2253
2733.75,54.0263
2734.15,53.9238
2734.55,53.0896
2734.94,53.2709
2735.34,53.8078
2735.73,54.0691
2736.13,54.1051
2736.53,54.0037
2736.92,54.2439
2737.32,53.8862
2737.71,53.0597
2738.11,53.1028
2738.51,52.312
2738.90,50.6452
2739.30,51.8652
2739.69,52.7375
2740.09,54.375
2740.49,55.3904
2740.88,53.9738
2741.28,54.2133
2741.67,54.2761
2742.07,53.6394
2742.47,53
2742.86,52.5233
2743.26,51.8709
2743.65,51.951
2744.05,52.4737
2744.45,52.6069
2744.84,52.7075
2745.24,53.1198
2745.63,53.457
2746.03,53.7402
2746.43,54.0464
2746.82,53.9377
2747.22,53.5238
2747.61,52.97
2748.01,52.0353
2748.41,51.2654
2748.80,51.6408
2749.20,52.125
2749.59,51.9366
2749.99,52.2207
2750.39,53.5769
2750.78,52.8898
2751.18,52.6486
2751.57,53.1663
2751.97,53.1409
2752.37,52.966
2752.76,52.5064
2753.16,51.6743
2753.55,51.9324
2753.95,52.5061
2754.35,52.2662
2754.74,52.2513
2755.14,53.1049
2755.53,52.8055
2755.93,52.7462
2756.33,53.1618
2756.72,52.1492
2757.12,52.102
2757.51,53.1677
2757.91,52.9714
2758.31,51.7635
2758.70,51.7192
2759.10,52.3904
2759.49,52.1841
2759.89,52.556
2760.29,52.1571
2760.68,51.6537
2761.08,51.7821
2761.47,51.9585
2761.87,52.4599
2762.27,52.0173
2762.66,51.9758
2763.06,51.3485
2763.45,51.7563
2763.85,51.4308
2764.25,50.6608
2764.64,50.4365
2765.04,49.8041
2765.43,49.5989
2765.83,50.1603
2766.23,50.668
2766.62,52.105
2767.02,52.4967
2767.41,51.9074
2767.81,52.1844
2768.21,52.4634
2768.60,52.9372
2769.00,52.3101
2769.39,51.7284
2769.79,52.1082
2770.19,52.1241
2770.58,52.0712
2770.98,51.9505
2771.37,51.6563
2771.77,51.955
2772.17,52.0593
2772.56,51.6466
2772.96,51.0452
2773.35,50.6894
2773.75,51.5823
2774.15,52.3378
2774.54,51.9827
2774.94,52.1289
2775.33,52.0445
2775.73,51.017
2776.13,52.0789
2776.52,52.8604
2776.92,51.7802
2777.31,52.0106
2777.71,52.3111
2778.11,52.5691
2778.50,53.1224
2778.90,52.9968
2779.29,53.3788
2779.69,52.9411
2780.09,52.6722
2780.48,53.3927
2780.88,53.0831
2781.27,53.6352
2781.67,53.2575
2782.07,52.9821
2782.46,52.7318
2782.86,52.3868
2783.25,52.3263
2783.65,51.8121
2784.05,52.24
2784.44,53.3742
2784.84,53.4931
2785.23,52.9498
2785.63,52.9896
2786.03,53.3401
2786.42,53.8521
2786.82,54.2253
2787.21,53.5581
2787.61,53.2858
2788.01,52.6012
2788.40,52.5461
2788.80,52.9553
2789.19,53.5281
2789.59,53.2877
2789.99,52.8475
2790.38,52.8414
2790.78,53.1108
2791.17,53.8792
2791.57,54.2817
2791.97,53.9716
2792.36,53.8601
2792.76,53.9461
2793.15,54.1857
2793.55,53.4372
2793.95,53.6678
2794.34,53.5511
2794.74,52.8791
2795.13,53.0209
2795.53,53.51
2795.93,53.3973
2796.32,53.8324
2796.72,52.8531
2797.11,52.703
2797.51,52.8079
2797.91,53.5131
2798.30,53.134
2798.70,53.0659
2799.09,53.0259
2799.49,53.3855
2799.89,52.764
2800.28,53.0211
2800.68,52.5254
2801.07,52.6722
2801.47,52.4789
2801.87,52.135
2802.26,53.3418
2802.66,53.9025
2803.05,53.2723
2803.45,52.2628
2803.85,52.4033
2804.24,52.5047
2804.64,51.7206
2805.03,52.1463
2805.43,52.2393
2805.83,52.2307
2806.22,52.1384
2806.62,52.4828
2807.01,51.3193
2807.41,52.3244
2807.81,53.0915
2808.20,52.9573
2808.60,52.323
2808.99,52.1535
2809.39,52.5337
2809.79,51.3585
2810.18,50.7449
2810.58,50.922
2810.97,50.4932
2811.37,51.1686
2811.77,51.7626
2812.16,51.9581
2812.56,51.7969
2812.95,52.0882
2813.35,51.2492
2813.75,51.8159
2814.14,51.0244
2814.54,49.9461
2814.93,49.4528
2815.33,49.3779
2815.73,50.222
2816.12,50.591
2816.52,50.8668
2816.91,51.0127
2817.31,50.4146
2817.71,50.373
2818.10,49.9685
2818.50,49.1888
2818.89,47.6392
2819.29,47.3267
2819.69,47.3553
2820.08,48.1659
2820.48,50.0618
2820.87,50.6322
2821.27,49.9765
2821.67,49.7019
2822.06,49.4806
2822.46,49.2786
2822.85,48.7649
2823.25,47.4928
2823.65,46.3594
2824.04,45.1842
2824.44,45.7699
2824.83,47.5818
2825.23,48.5613
2825.63,48.5679
2826.02,49.3741
2826.42,49.3886
2826.81,49.271
2827.21,47.7797
2827.61,46.8119
2828.00,46.0103
2828.40,44.7717
2828.79,44.3609
2829.19,43.7158
2829.59,44.7967
2829.98,46.5153
2830.38,48.1887
2830.77,48.5717
2831.17,48.8746
2831.57,48.9038
2831.96,48.5111
2832.36,47.884
2832.75,46.6013
2833.15,45.2892
2833.55,43.9445
2833.94,42.8099
2834.34,41.7306
2834.73,43.4364
2835.13,45.8679
2835.53,47.3517
2835.92,47.0527
2836.32,47.4508
2836.71,48.1497
2837.11,47.5372
2837.51,47.3093
2837.90,46.7969
2838.30,46.0363
2838.69,45.9128
2839.09,44.2211
2839.49,42.2168
2839.88,42.0586
2840.28,43.1093
2840.67,45.2349
2841.07,46.2932
2841.47,46.7785
2841.86,46.6458
2842.26,46.8343
2842.65,46.5579
2843.05,46.5686
2843.45,46.5299
2843.84,46.1178
2844.24,46.5513
2844.63,45.3403
2845.03,43.0767
2845.43,41.1474
2845.82,43.1658
2846.22,45.1484
2846.61,46.397
2847.01,45.4824
2847.41,45.42
2847.80,45.8359
2848.20,45.4079
2848.59,45.6308
2848.99,45.645
2849.39,45.4787
2849.78,44.7795
2850.18,44.6015
2850.57,44.668
2850.97,43.7671
2851.37,42.8449
2851.76,43.7147
2852.16,45.1873
2852.55,45.1491
2852.95,45.1056
2853.35,44.883
2853.74,44.8384
2854.14,44.8852
2854.53,44.832
2854.93,44.9714
2855.33,44.567
2855.72,45.0104
2856.12,44.2305
2856.51,43.4069
2856.91,41.4811
2857.31,38.7435
2857.70,36.7147
2858.10,37.8856
2858.49,38.2033
2858.89,39.1887
2859.29,40.3339
2859.68,40.9369
2860.08,40.836
2860.47,41.7407
2860.87,42.2677
2861.27,42.9426
2861.66,43.3158
2862.06,43.2809
2862.45,43.4331
2862.85,43.3758
2863.25,43.2525
2863.64,41.9982
2864.04,42.9021
2864.43,43.6274
2864.83,44.4332
2865.23,44.6103
2865.62,44.6552
2866.02,44.1831
2866.41,44.0884
2866.81,43.9718
2867.21,44.1858
2867.60,44.1994
2868.00,43.835
2868.39,43.9799
2868.79,43.5796
2869.19,43.7868
2869.58,43.536
2869.98,42.4955
2870.37,39.6274
2870.77,40.1257
2871.17,41.8365
2871.56,42.5962
2871.96,42.0941
2872.35,41.9382
2872.75,42.2956
2873.15,42.7521
2873.54,43.3042
2873.94,43.3466
2874.33,43.5263
2874.73,43.2782
2875.13,42.8864
2875.52,42.4756
2875.92,42.8996
2876.31,42.1178
2876.71,40.079
2877.11,38.8651
2877.50,40.6574
2877.90,41.68
2878.29,42.6192
2878.69,43.2329
2879.09,43.0934
2879.48,42.9085
2879.88,42.937
2880.27,42.7397
2880.67,43.2698
2881.07,43.4022
2881.46,43.3703
2881.86,43.5669
2882.25,43.0129
2882.65,43.004
2883.05,40.9874
2883.44,41.0723
2883.84,40.4452
2884.23,40.2135
2884.63,40.4424
2885.03,41.8227
2885.42,42.9868
2885.82,44.0639
2886.21,44.3196
2886.61,44.587
2887.01,44.1694
2887.40,43.3694
2887.80,43.8048
2888.19,43.9475
2888.59,44.3965
2888.99,43.933
2889.38,43.4152
2889.78,42.9577
2890.17,42.404
2890.57,42.4402
2890.97,41.4454
2891.36,40.6171
2891.76,41.4914
2892.15,43.0977
2892.55,44.1988
2892.95,43.9419
2893.34,43.3679
2893.74,43.4008
2894.13,44.0153
2894.53,44.017
2894.93,43.8901
2895.32,43.6604
2895.72,43.8534
2896.11,44.0396
2896.51,44.078
2896.91,44.2358
2897.30,44.4985
2897.70,43.9274
2898.09,42.5127
2898.49,42.7536
2898.89,42.2716
2899.28,42.6302
2899.68,43.553
2900.07,43.9027
2900.47,43.4709
2900.87,44.2403
2901.26,44.6039
2901.66,44.8209
2902.05,44.3532
2902.45,43.6756
2902.85,43.4134
2903.24,42.9391
2903.64,43.1293
2904.03,43.2437
2904.43,42.6976
2904.83,42.3905
2905.22,42.3687
2905.62,42.8848
2906.01,42.0913
2906.41,41.6373
2906.81,41.5552
2907.20,41.703
2907.60,42.6208
2907.99,44.1253
2908.39,43.7353
2908.79,43.0002
2909.18,43.1866
2909.58,43.1315
2909.97,43.603
2910.37,43.2233
2910.77,42.4902
2911.16,43.1735
2911.56,42.6649
2911.95,42.3499
2912.35,42.2109
2912.75,42.4215
2913.14,41.7388
2913.54,42.0623
2913.93,43.0996
2914.33,42.9711
2914.73,42.5354
2915.12,42.7258
2915.52,42.5906
2915.91,42.7978
2916.31,43.102
2916.71,43.3567
2917.10,43.5255
2917.50,43.0719
2917.89,43.7547
2918.29,43.6773
2918.69,42.9336
2919.08,43.3336
2919.48,42.7584
2919.87,42.6528
2920.27,43.1913
2920.67,42.9493
2921.06,42.2759
2921.46,42.9674
2921.85,42.5187
2922.25,42.9455
2922.65,43.0332
2923.04,42.3864
2923.44,42.6667
2923.83,42.2106
2924.23,42.7884
2924.63,42.396
2925.02,42.075
2925.42,41.9546
2925.81,42.5049
2926.21,42.1108
2926.61,41.4483
2927.00,41.5201
2927.40,41.6252
2927.79,41.965
2928.19,41.7281
2928.59,40.7088
2928.98,40.7776
2929.38,41.6588
2929.77,41.8684
2930.17,41.1654
2930.57,40.7555
2930.96,40.2091
2931.36,40.6705
2931.75,40.9487
2932.15,41.0184
2932.55,41.0836
2932.94,40.3834
2933.34,40.7651
2933.73,41.9475
2934.13,41.5006
2934.53,41.7043
2934.92,41.1927
2935.32,41.4597
2935.71,40.9386
2936.11,41.049
2936.51,41.5771
2936.90,41.5069
2937.30,40.9511
2937.69,41.0733
2938.09,41.4972
2938.49,40.4973
2938.88,41.0988
2939.28,41.5586
2939.67,41.9537
2940.07,41.821
2940.47,41.0304
2940.86,41.1792
2941.26,40.6128
2941.65,41.2577
2942.05,41.5148
2942.45,42.5505
2942.84,42.2357
2943.24,41.6464
2943.63,41.5554
2944.03,41.0604
2944.43,40.5724
2944.82,41.16
2945.22,41.1361
2945.61,40.622
2946.01,40.6603
2946.41,41.4497
2946.80,41.3208
2947.20,41.4636
2947.59,41.6154
2947.99,41.2379
2948.39,41.2409
2948.78,41.2978
2949.18,40.9484
2949.57,41.2488
2949.97,40.8332
2950.37,41.2386
2950.76,41.1667
2951.16,40.9992
2951.55,40.4631
2951.95,41.2838
2952.35,41.016
2952.74,40.9763
2953.14,40.8956
2953.53,40.8072
2953.93,40.4363
2954.33,40.3779
2954.72,40.2235
2955.12,40.5833
2955.51,40.9783
2955.91,40.9772
2956.31,40.4163
2956.70,39.7109
2957.10,40.2954
2957.49,40.8101
2957.89,40.4386
2958.29,40.4191
2958.68,40.7457
2959.08,40.1282
2959.47,39.8885
2959.87,39.6553
2960.27,40.3194
2960.66,40.6667
2961.06,40.7451
2961.45,41.4317
2961.85,41.1393
2962.25,40.2625
2962.64,40.6691
2963.04,41.1005
2963.43,40.4362
2963.83,39.9723
2964.23,39.6556
2964.62,39.3927
2965.02,38.8324
2965.41,39.9965
2965.81,40.7515
2966.21,40.5498
2966.60,39.7883
2967.00,40.5435
2967.39,41.3418
2967.79,41.1421
2968.19,41.0377
2968.58,40.6922
2968.98,40.8719
2969.37,40.7901
2969.77,40.2375
2970.17,39.8076
2970.56,39.1947
2970.96,40.0107
2971.35,40.4389
2971.75,40.4632
2972.15,40.5261
2972.54,40.5655
2972.94,40.7179
2973.33,40.0909
2973.73,40.7583
2974.13,41.2764
2974.52,42.2638
2974.92,41.1007
2975.31,40.2898
2975.71,40.799
2976.11,40.0754
2976.50,40.1275
2976.90,40.0272
2977.29,40.2236
2977.69,40.5851
2978.09,40.9399
2978.48,41.1994
2978.88,40.4068
2979.27,40.8827
2979.67,41.3404
2980.07,40.9672
2980.46,41.7525
2980.86,41.4481
2981.25,40.8911
2981.65,40.1811
2982.05,40.8965
2982.44,40.5966
2982.84,40.2387
2983.23,40.7367
2983.63,40.9217
2984.03,40.4468
2984.42,40.7876
2984.82,40.2771
2985.21,40.2694
2985.61,40.3333
2986.01,39.7014
2986.40,39.7964
2986.80,40.3603
2987.19,41.4053
2987.59,40.7617
2987.99,39.6978
2988.38,39.8891
2988.78,40.0837
2989.17,39.2985
2989.57,40.2116
2989.97,39.4746
2990.36,39.2301
2990.76,39.5318
2991.15,39.6928
2991.55,39.9804
2991.95,40.4288
2992.34,40.0612
2992.74,39.8346
2993.13,39.6095
2993.53,38.8464
2993.93,39.5187
2994.32,39.9608
2994.72,39.7261
2995.11,39.5568
2995.51,39.6844
2995.91,39.1147
2996.30,38.5468
2996.70,38.3043
2997.09,38.6949
2997.49,39.6153
2997.89,39.4899
2998.28,40.4061
2998.68,39.8051
2999.07,40.1603
2999.47,39.8928
2999.87,38.726
3000.01,37.7651
3000.67,38.3139
3001.34,38.5854
3002.00,38.8733
3002.67,38.7199
3003.33,38.7133
3004.00,38.7231
3004.66,38.5685
3005.33,38.4475
3005.99,38.569
3006.66,38.4878
3007.32,37.9539
3007.99,37.838
3008.65,38.5853
3009.32,38.8349
3009.98,38.4431
3010.65,38.0933
3011.31,37.9496
3011.98,38.3228
3012.64,38.2915
3013.31,38.062
3013.97,37.5807
3014.64,37.7723
3015.30,37.8059
3015.97,37.7077
3016.63,37.7226
3017.30,37.5595
3017.96,37.2373
3018.63,37.5699
3019.29,37.2157
3019.96,36.8459
3020.62,37.4898
3021.29,37.6828
3021.95,37.2134
3022.62,37.1829
3023.28,37.1222
3023.95,36.8087
3024.61,36.949
3025.28,36.767
3025.94,36.7028
3026.61,36.9796
3027.27,37.5738
3027.94,37.3673
3028.60,36.8499
3029.27,36.7477
3029.93,36.687
3030.60,36.5765
3031.26,36.3234
3031.93,36.2406
3032.59,36.3685
3033.26,36.6694
3033.92,36.1813
3034.59,36.1736
3035.25,36.2754
3035.92,36.4771
3036.58,36.008
3037.25,35.801
3037.91,35.5497
3038.58,35.034
3039.24,35.3143
3039.91,35.3352
3040.57,35.4817
3041.24,35.6841
3041.90,35.5
3042.57,35.8053
3043.23,35.8668
3043.90,35.8472
3044.56,35.5085
3045.23,35.4144
3045.89,35.4763
3046.56,35.7672
3047.22,36.0083
3047.89,35.7627
3048.55,35.6485
3049.22,35.31
3049.88,35.054
3050.55,35.1482
3051.21,35.0783
3051.88,35.089
3052.54,35.3636
3053.21,35.51
3053.87,35.3329
3054.54,35.115
3055.20,35.1448
3055.87,35.3969
3056.53,35.4057
3057.20,35.0118
3057.86,35.1239
3058.53,35.4635
3059.19,34.8577
3059.86,34.4455
3060.52,34.7615
3061.19,34.9985
3061.85,34.8642
3062.52,34.3965
3063.18,34.1703
3063.85,34.7481
3064.51,34.6821
3065.18,34.7033
3065.84,34.6209
3066.51,34.524
3067.17,34.8525
3067.84,34.3107
3068.50,34.0844
3069.17,34.7526
3069.83,34.7373
3070.50,34.5632
3071.16,34.2445
3071.83,34.2393
3072.49,34.4882
3073.16,34.2871
3073.82,34.0397
3074.49,34.4024
3075.15,34.5201
3075.82,33.9263
3076.48,34.1057
3077.15,34.3549
3077.81,34.5132
3078.48,34.3506
3079.14,34.7401
3079.81,34.5757
3080.47,34.2682
3081.14,34.216
3081.80,34.2719
3082.47,34.1496
3083.13,34.2276
3083.80,34.1887
3084.46,33.8482
3085.13,33.7639
3085.79,33.8047
3086.46,33.7903
3087.12,33.6169
3087.79,33.9422
3088.45,34.0774
3089.12,34.0807
3089.78,34.0273
3090.45,34.1485
3091.11,33.8536
3091.78,33.7683
3092.44,33.8245
3093.11,33.7786
3093.77,34.053
3094.44,33.9033
3095.10,33.6027
3095.77,33.7889
3096.43,34.2255
3097.10,33.8479
3097.76,33.7086
3098.43,33.6877
3099.09,34.0337
3099.76,33.9431
3100.42,33.9448
3101.09,33.8603
3101.75,33.6045
3102.42,33.6784
3103.08,33.51
3103.75,33.4973
3104.41,33.0727
3105.08,33.2221
3105.74,33.4591
3106.41,33.7324
3107.07,33.3228
3107.74,33.2764
3108.40,33.2276
3109.07,33.2646
3109.73,33.0631
3110.40,32.4795
3111.06,32.4373
3111.73,33.2769
3112.39,33.425
3113.06,33.4005
3113.72,33.1381
3114.39,32.6127
3115.05,31.8706
3115.72,31.3044
3116.38,31.7682
3117.05,32.672
3117.71,32.491
3118.38,32.1524
3119.04,32.4575
3119.71,32.5743
3120.37,32.8782
3121.04,32.4684
3121.70,32.455
3122.37,32.195
3123.03,32.3947
3123.70,32.4618
3124.36,32.5297
3125.03,31.8185
3125.69,30.2525
3126.36,30.0243
3127.02,31.0653
3127.69,31.3551
3128.35,30.872
3129.02,30.9278
3129.68,31.1258
3130.35,31.3044
3131.01,31.0157
3131.68,30.3911
3132.34,30.5136
3133.01,30.8999
3133.67,31.2646
3134.34,31.415
3135.00,31.0758
3135.67,30.9886
3136.33,31.0159
3137.00,31.3922
3137.66,31.2842
3138.33,30.9543
3138.99,31.046
3139.66,30.4584
3140.32,29.2988
3140.99,28.0944
3141.65,28.3597
3142.32,29.229
3142.98,29.638
3143.65,30.1676
3144.31,29.8725
3144.98,29.6413
3145.64,29.0614
3146.31,27.9658
3146.97,28.2833
3147.64,29.4456
3148.30,29.7046
3148.97,29.3456
3149.63,29.3584
3150.30,29.1869
3150.96,29.1977
3151.63,28.633
3152.29,28.2531
3152.96,27.4262
3153.62,27.4815
3154.29,27.746
3154.95,28.0623
3155.62,26.5837
3156.28,24.4183
3156.95,25.6803
3157.61,27.0807
3158.28,26.7524
3158.94,26.967
3159.61,25.4115
3160.27,24.8061
3160.94,26.5984
3161.60,27.6764
3162.27,27.7897
3162.93,28.3097
3163.60,28.2543
3164.26,27.2152
3164.93,24.7865
3165.59,23.8988
3166.26,24.0849
3166.92,23.369
3167.59,24.695
3168.25,24.9725
3168.92,25.5633
3169.58,26.2995
3170.25,24.5042
3170.91,20.5768
3171.58,20.9431
3172.24,24.233
3172.91,23.5365
3173.57,20.3019
3174.24,20.6163
3174.90,21.662
3175.57,21.3373
3176.23,23.2196
3176.90,23.95
3177.56,22.0086
3178.23,22.6198
3178.89,23.5756
3179.56,22.5586
3180.22,20.8405
3180.89,21.7373
3181.55,24.2164
3182.22,24.1898
3182.88,22.6162
3183.55,21.8677
3184.21,19.2691
3184.88,17.3498
3185.54,17.6519
3186.21,19.5416
3186.87,17.7153
3187.54,16.9091
3188.20,18.5941
3188.87,19.8867
3189.53,18.4099
3190.20,17.0485
3190.86,20.1582
3191.53,21.288
3192.19,18.813
3192.86,17.268
3193.52,17.6674
3194.19,18.4756
3194.85,20.1364
3195.52,21.6371
3196.18,21.8538
3196.85,21.4737
3197.51,21.7081
3198.18,20.6712
3198.84,16.985
3199.51,13.0379
3200.17,11.7596
3200.84,12.5
3201.50,13.5318
3202.17,14.0229
3202.83,15.4112
3203.50,17.6152
3204.16,16.938
3204.83,16.9058
3205.49,15.6079
3206.16,14.2274
3206.82,16.9965
3207.49,20.1102
3208.15,20.0725
3208.82,19.2103
3209.48,17.4956
3210.15,16.0856
3210.81,15.7044
3211.48,15.9686
3212.14,14.777
3212.81,9.43127
3213.47,8.43137
3214.14,10.0914
3214.80,10.8466
3215.47,12.0339
3216.13,12.3884
3216.80,12.7065
3217.46,11.2977
3218.13,12.7482
3218.79,15.8742
3219.46,15.282
3220.12,13.7009
3220.79,16.3818
3221.45,17.7971
3222.12,16.0311
3222.78,15.5825
3223.45,15.7637
3224.11,15.9727
3224.78,15.2025
3225.44,12.4851
3226.11,8.78593
3226.77,8.04338
3227.44,10.1292
3228.10,11.9369
3228.77,10.7202
3229.43,9.52721
3230.10,14.5159
3230.76,20.5954
3231.43,13.4858
3232.09,9.37724
3232.76,10.6048
3233.42,11.5188
3234.09,11.35
3234.75,10.7317
3235.42,9.31403
3236.08,6.37997
3236.75,5.95469
3237.41,7.18474
3238.08,7.75031
3238.74,6.21738
3239.41,8.16251
3240.07,25.3013
3240.74,26.9703
3241.40,9.42747
3242.07,3.53575
3242.73,3.71008
3243.40,6.16411
3244.06,9.2697
3244.73,9.1949
3245.39,6.12382
3246.06,4.30694
3246.72,3.9116
3247.39,5.34309
3248.05,4.69776
3248.72,2.83587
3249.38,9.66263
3250.05,26.5537
3250.71,21.0602
3251.38,5.88348
3252.04,2.65477
3252.71,2.54745
3253.37,2.54872
3254.04,4.95471
3254.70,6.3833
3255.37,3.73303
3256.03,3.96591
3256.70,6.13356
3257.36,3.88492
3258.03,1.62741
3258.69,2.06151
3259.36,13.0271
3260.02,35.6871
3260.69,25.6856
3261.35,5.21121
3262.02,1.50121
3262.68,1.87674
3263.35,2.92056
3264.01,6.31806
3264.68,9.86934
3265.34,7.2566
3266.01,5.97306
3266.67,3.92296
3267.34,2.04135
3268.00,1.70695
3268.67,2.2217
3269.33,10.3868
3270.00,34.0919
3270.66,31.0495
3271.33,8.07105
3271.99,2.29241
3272.66,2.94757
3273.32,3.83041
3273.99,5.74387
3274.65,13.6761
3275.32,13.2014
3275.98,5.36987
3276.65,2.79991
3277.31,2.59506
3277.98,2.39526
3278.64,2.54718
3279.31,6.88506
3279.97,20.5277
3280.64,26.0756
3281.30,11.6249
3281.97,3.15769
3282.63,2.65407
3283.30,3.19757
3283.96,3.7991
3284.63,8.75486
3285.29,14.0478
3285.96,8.43704
3286.62,3.28214
3287.29,2.67846
3287.95,2.89089
3288.62,2.86495
3289.28,4.21619
3289.95,8.16257
3290.61,13.3715
3291.28,12.5331
3291.94,5.87857
3292.61,3.46863
3293.27,2.99374
3293.94,2.96087
3294.60,4.65443
3295.27,7.46664
3295.93,8.51321
3296.60,4.80078
3297.26,2.77177
3297.93,2.72421
3298.59,2.9204
3299.26,3.54814
3299.92,4.63541
3300.59,5.53921
3301.25,11.0495
3301.92,11.1245
3302.58,5.07841
3303.25,4.48936
3303.91,4.80459
3304.58,5.06482
3305.24,4.84863
3305.91,5.5981
3306.57,7.26152
3307.24,5.63215
3307.90,3.96447
3308.57,3.56945
3309.23,4.44121
3309.90,5.60113
3310.56,5.13795
3311.23,5.60249
3311.89,20.3163
3312.56,63.0824
3313.22,93.9249
3313.89,91.2543
3314.55,74.1435
3315.22,58.1445
3315.88,41.0911
3316.55,29.9
3317.21,21.5149
3317.88,13.6241
3318.54,10.2002
3319.21,12.4551
3319.87,17.9508
3320.54,18.3901
3321.20,17.3677
3321.87,23.0633
3322.53,35.592
3323.20,50.4442
3323.86,50.6668
3324.53,39.6436
3325.19,25.8869
3325.86,17.2071
3326.52,13.0874
3327.19,10.8786
3327.85,9.28078
3328.52,7.89086
3329.18,7.81876
3329.85,8.41263
3330.51,8.79864
3331.18,9.35404
3331.84,9.22425
3332.51,11.4477
3333.17,14.6941
3333.84,21.1066
3334.50,22.9264
3335.17,11.5684
3335.83,6.03018
3336.50,6.03288
3337.16,5.9692
3337.83,5.49839
3338.49,6.04367
3339.16,6.91565
3339.82,8.00462
3340.49,7.37596
3341.15,5.80324
3341.82,5.50299
3342.48,5.58609
3343.15,5.82009
3343.81,7.13327
3344.48,11.4919
3345.14,28.1642
3345.81,35.5759
3346.47,16.1882
3347.14,6.82824
3347.80,5.64461
3348.47,6.52399
3349.13,8.84249
3349.80,9.61382
3350.46,8.36691
3351.13,9.23911
3351.79,9.08892
3352.46,8.2107
3353.12,6.38106
3353.79,5.65717
3354.45,5.29433
3355.12,7.56619
3355.78,15.7284
3356.45,38.011
3357.11,45.7854
3357.78,18.0861
3358.44,4.85864
3359.11,4.56635
3359.77,9.13913
3360.44,13.3344
3361.10,13.0169
3361.77,10.3485
3362.43,8.5103
3363.10,9.28777
3363.76,9.47419
3364.43,8.36431
3365.09,7.80384
3365.76,8.08968
3366.42,10.7228
3367.09,14.3662
3367.75,24.9511
3368.42,43.03
3369.08,27.7826
3369.75,9.96291
3370.41,7.61861
3371.08,12.0223
3371.74,14.3454
3372.41,10.996
3373.07,11.7362
3373.74,11.5277
3374.40,10.7754
3375.07,10.6991
3375.73,10.7179
3376.40,11.4587
3377.06,11.6084
3377.73,12.0702
3378.39,13.6858
3379.06,18.8973
3379.72,42.8624
3380.39,50.9585
3381.05,24.941
3381.72,12.3784
3382.38,16.4659
3383.05,18.4688
3383.71,14.8786
3384.38,12.569
3385.04,10.4827
3385.71,9.81583
3386.37,11.2068
3387.04,12.3609
3387.70,13.4217
3388.37,14.3581
3389.03,14.8105
3389.70,17.2295
3390.36,17.4319
3391.03,22.5524
3391.69,37.9737
3392.36,36.4994
3393.02,19.5097
3393.69,15.7347
3394.35,20.3087
3395.02,19.5561
3395.68,16.9692
3396.35,15.1677
3397.01,13.8846
3397.68,14.127
3398.34,15.4385
3399.01,15.0797
3399.67,14.7842
3400.34,14.9291
3401.00,17.2883
3401.67,18.637
3402.33,18.5707
3403.00,23.9936
3403.66,29.5767
3404.33,26.6979
3404.99,16.282
3405.66,10.7182
3406.32,12.2087
3406.99,13.6514
3407.65,15.8316
3408.32,15.9834
3408.98,13.6061
3409.65,11.1921
3410.31,8.78494
3410.98,9.7184
3411.64,13.9767
3412.31,18.3
3412.97,19.1284
3413.64,16.6147
3414.30,15.9714
3414.97,17.6791
3415.63,20.7798
3416.30,24.7845
3416.96,23.002
3417.63,20.5169
3418.29,20.4956
3418.96,17.9599
3419.62,16.8454
3420.29,17.7556
3420.95,18.0555
3421.62,17.0141
3422.28,15.5415
3422.95,14.3861
3423.61,13.2783
3424.28,9.72383
3424.94,6.20358
3425.61,4.34593
3426.27,5.82883
3426.94,12.3741
3427.60,15.9214
3428.27,14.773
3428.93,12.1287
3429.60,10.6942
3430.26,11.2643
3430.93,9.82604
3431.59,9.64981
3432.26,13.4833
3432.92,15.7549
3433.59,14.9963
3434.25,13.563
3434.92,10.1573
3435.58,9.00185
3436.25,10.1577
3436.91,10.8449
3437.58,10.6572
3438.24,11.6347
3438.91,15.0614
3439.57,17.1616
3440.24,17.6153
3440.90,16.3746
3441.57,13.8607
3442.23,11.8124
3442.90,10.4726
3443.56,10.6978
3444.23,10.9443
3444.89,8.32115
3445.56,4.34274
3446.22,2.47781
3446.89,2.97929
3447.55,3.3811
3448.22,3.22559
3448.88,4.8913
3449.55,7.1073
3450.21,9.04096
3450.88,9.23805
3451.54,10.3873
3452.21,12.5777
3452.87,12.5395
3453.54,11.7594
3454.20,12.5509
3454.87,11.3522
3455.53,9.34076
3456.20,11.463
3456.86,12.3273
3457.53,14.3617
3458.19,15.1348
3458.86,14.6779
3459.52,13.5053
3460.19,13.6458
3460.85,11.4697
3461.52,7.32142
3462.18,6.08489
3462.85,6.12081
3463.51,5.58401
3464.18,5.54163
3464.84,3.84879
3465.51,2.94622
3466.17,2.8454
3466.84,3.71481
3467.50,4.19747
3468.17,5.15466
3468.83,7.74654
3469.50,10.3226
3470.16,11.1148
3470.83,10.3638
3471.49,9.09007
3472.16,9.15826
3472.82,8.18019
3473.49,5.14826
3474.15,3.10607
3474.82,3.06755
3475.48,3.78372
3476.15,5.06832
3476.81,5.34272
3477.48,4.80015
3478.14,7.11641
3478.81,10.23
3479.47,11.5284
3480.14,10.6615
3480.80,10.2478
3481.47,12.1382
3482.13,13.0129
3482.80,11.036
3483.46,9.97187
3484.13,9.61269
3484.79,7.57042
3485.46,3.94988
3486.12,2.88783
3486.79,2.67325
3487.45,2.22402
3488.12,2.46929
3488.78,2.41875
3489.45,3.35325
3490.11,5.4564
3490.78,8.41949
3491.44,10.834
3492.11,9.95124
3492.77,6.74886
3493.44,5.07789
3494.10,4.85113
3494.77,5.56805
3495.43,8.64135
3496.10,9.27951
3496.76,6.4818
3497.43,5.12431
3498.09,4.30341
3498.76,3.04755
3499.42,2.63041
3500.09,2.55062
3500.75,3.81057
3501.42,5.53057
3502.08,6.20579
3502.75,4.39231
3503.41,2.65559
3504.08,3.62775
3504.74,6.36741
3505.41,7.90116
3506.07,8.64959
3506.74,8.34951
3507.40,6.17568
3508.07,6.13147
3508.73,6.29885
3509.40,3.61741
3510.06,3.08584
3510.73,2.84196
3511.39,2.09423
3512.06,2.25503
3512.72,3.66516
3513.39,4.4926
3514.05,4.6663
3514.72,6.1419
3515.38,10.0812
3516.05,12.5658
3516.71,12.9053
3517.38,13.7002
3518.04,14.2338
3518.71,13.1813
3519.37,10.9382
3520.04,8.03792
3520.70,7.53706
3521.37,9.76686
3522.03,13.5815
3522.70,14.7958
3523.36,14.2744
3524.03,13.206
3524.69,12.9885
3525.36,10.9408
3526.02,7.18118
3526.69,4.91788
3527.35,5.71319
3528.02,7.53858
3528.68,7.42975
3529.35,7.4572
3530.01,6.34562
3530.68,4.17187
3531.34,3.23949
3532.01,3.70181
3532.67,4.06249
3533.34,5.88998
3534.00,5.69936
3534.67,3.72701
3535.33,3.00701
3536.00,3.04188
3536.66,3.92658
3537.33,5.05647
3537.99,5.70811
3538.66,4.61357
3539.32,3.09951
3539.99,3.41411
3540.65,4.12511
3541.32,5.13763
3541.98,6.99367
3542.65,7.4671
3543.31,7.51345
3543.98,9.10339
3544.64,8.02481
3545.31,4.43522
3545.97,2.80032
3546.64,3.15227
3547.30,3.25873
3547.97,2.63397
3548.63,3.64726
3549.30,5.42022
3549.96,5.90699
3550.63,5.62448
3551.29,5.61282
3551.96,8.32917
3552.62,9.42212
3553.29,6.88437
3553.95,3.80378
3554.62,3.86032
3555.28,4.82626
3555.95,5.76719
3556.61,7.06573
3557.28,7.48781
3557.94,6.36447
3558.61,6.52013
3559.27,6.75639
3559.94,5.83438
3560.60,8.35113
3561.27,10.6432
3561.93,11.4312
3562.60,12.4127
3563.26,10.1042
3563.93,5.35043
3564.59,2.69473
3565.26,2.93759
3565.92,3.80691
3566.59,3.55744
3567.25,4.22873
3567.92,7.78068
3568.58,11.6147
3569.25,13.1577
3569.91,13.421
3570.58,11.9939
3571.24,10.2174
3571.91,8.68211
3572.57,8.62322
3573.24,10.7026
3573.90,11.9906
3574.57,10.132
3575.23,7.84456
3575.90,9.40709
3576.56,10.8193
3577.23,10.4093
3577.89,11.2549
3578.56,12.7014
3579.22,10.6487
3579.89,8.19471
3580.55,5.80853
3581.22,3.86974
3581.88,4.64527
3582.55,7.74222
3583.21,10.1972
3583.88,10.9264
3584.54,10.4725
3585.21,7.55863
3585.87,4.21625
3586.54,3.49036
3587.20,3.97765
3587.87,5.26233
3588.53,8.67154
3589.20,12.7436
3589.86,14.5475
3590.53,12.9554
3591.19,9.50179
3591.86,7.39891
3592.52,8.76109
3593.19,11.7404
3593.85,14.6268
3594.52,15.3913
3595.18,13.7716
3595.85,13.6463
3596.51,14.0766
3597.18,14.9537
3597.84,14.8474
3598.51,14.7096
3599.17,14.474
3599.84,15.3395
3600.50,16.5723
3601.17,17.4317
3601.83,17.2043
3602.50,16.7064
3603.16,16.1923
3603.83,13.5765
3604.49,8.93296
3605.16,5.81317
3605.82,5.91495
3606.49,5.0395
3607.15,3.73448
3607.82,3.5792
3608.48,6.90454
3609.15,11.8342
3609.81,14.6934
3610.48,15.7337
3611.14,15.4076
3611.81,13.8405
3612.47,13.8908
3613.14,15.9
3613.80,17.6823
3614.47,19.3101
3615.13,18.7015
3615.80,17.8982
3616.46,18.1036
3617.13,16.6139
3617.79,15.1749
3618.46,14.8082
3619.12,15.4631
3619.79,17.6913
3620.45,20.1364
3621.12,18.2617
3621.78,17.7852
3622.45,18.6951
3623.11,17.6464
3623.78,17.341
3624.44,16.032
3625.11,11.6965
3625.77,7.16888
3626.44,6.52241
3627.10,6.24387
3627.77,7.7996
3628.43,13.2939
3629.10,17.535
3629.76,19.0691
3630.43,19.473
3631.09,18.5145
3631.76,17.8535
3632.42,18.8954
3633.09,20.2165
3633.75,20.5831
3634.42,20.4783
3635.08,17.9842
3635.75,15.6381
3636.41,15.26
3637.08,16.697
3637.74,18.7907
3638.41,19.1107
3639.07,19.2944
3639.74,19.6054
3640.40,18.1256
3641.07,17.4962
3641.73,18.5671
3642.40,20.1672
3643.06,21.0761
3643.73,19.9245
3644.39,17.7013
3645.06,15.9052
3645.72,11.6373
3646.39,7.76692
3647.05,7.17047
3647.72,9.28847
3648.38,14.1614
3649.05,18.3189
3649.71,20.3003
3650.38,20.4814
3651.04,20.0114
3651.71,20.0637
3652.37,21.0375
3653.04,21.4412
3653.70,21.8093
3654.37,21.6507
3655.03,21.7957
3655.70,21.7733
3656.36,21.0272
3657.03,20.248
3657.69,18.7373
3658.36,17.1164
3659.02,15.9141
3659.69,18.2014
3660.35,21.4057
3661.02,22.0432
3661.68,21.4776
3662.35,20.9249
3663.01,19.0894
3663.68,16.6952
3664.34,18.5229
3665.01,20.2192
3665.67,20.3815
3666.34,18.55
3667.00,14.6312
3667.67,17.0301
3668.33,23.3075
3669.00,22.0455
3669.66,20.8842
3670.33,21.2557
3670.99,21.5347
3671.66,22.1318
3672.32,22.1327
3672.99,22.5084
3673.65,22.4504
3674.32,21.221
3674.98,20.5134
3675.65,20.9703
3676.31,21.6855
3676.98,21.5038
3677.64,20.2759
3678.31,19.2289
3678.97,18.8214
3679.64,19.0057
3680.30,19.8866
3680.97,21.0154
3681.63,20.4739
3682.30,17.8566
3682.96,14.3424
3683.63,13.3731
3684.29,16.9741
3684.96,19.3657
3685.62,18.8976
3686.29,15.1606
3686.95,11.7502
3687.62,11.9672
3688.28,12.5994
3688.95,14.4032
3689.61,17.3376
3690.28,17.0613
3690.94,13.2377
3691.61,12.9025
3692.27,17.3037
3692.94,19.6939
3693.60,20.3169
3694.27,21.0173
3694.93,20.8362
3695.60,20.5783
3696.26,19.3235
3696.93,15.5017
3697.59,15.4265
3698.26,18.7511
3698.92,19.7511
3699.59,19.5511
3700.25,20.2834
3700.92,21.3525
3701.58,21.5247
3702.25,21.6047
3702.91,20.4659
3703.58,18.3573
3704.24,18.4579
3704.91,19.9777
3705.57,20.219
3706.24,19.302
3706.90,18.1716
3707.57,18.188
3708.23,16.7807
3708.90,14.8617
3709.56,16.4132
3710.23,17.2979
3710.89,14.0824
3711.56,10.1855
3712.22,11.5673
3712.89,12.4995
3713.55,9.44625
3714.22,9.22699
3714.88,9.47306
3715.55,8.5229
3716.21,10.2924
3716.88,14.5712
3717.54,17.0297
3718.21,18.0152
3718.87,18.2105
3719.54,18.911
3720.20,19.8325
3720.87,20.0342
3721.53,20.0741
3722.20,20.2245
3722.86,20.2056
3723.53,19.4427
3724.19,18.196
3724.86,18.2192
3725.52,17.7329
3726.19,15.6568
3726.85,15.3107
3727.52,16.3951
3728.18,17.708
3728.85,18.8699
3729.51,17.9829
3730.18,15.83
3730.84,16.1538
3731.51,16.7299
3732.17,14.8762
3732.84,10.4244
3733.50,7.40475
3734.17,10.7965
3734.83,14.4887
3735.50,13.7764
3736.16,11.7651
3736.83,10.4245
3737.49,8.19568
3738.16,8.11231
3738.82,7.87538
3739.49,6.96925
3740.15,10.2513
3740.82,14.0772
3741.48,15.3397
3742.15,14.6903
3742.81,14.299
3743.48,14.8774
3744.14,15.3158
3744.81,14.3069
3745.47,15.5285
3746.14,17.3341
3746.80,18.4194
3747.47,18.575
3748.13,17.7234
3748.80,15.2596
3749.46,12.6461
3750.13,12.2179
3750.79,13.5199
3751.46,11.8304
3752.12,7.59413
3752.79,7.20259
3753.45,10.3067
3754.12,11.4709
3754.78,12.4033
3755.45,15.3865
3756.11,15.3857
3756.78,15.8983
3757.44,17.5272
3758.11,17.4467
3758.77,15.6603
3759.44,14.5198
3760.10,14.8687
3760.77,14.0293
3761.43,11.9343
3762.10,9.53306
3762.76,10.7845
3763.43,12.7019
3764.09,9.8826
3764.76,6.12263
3765.42,4.72605
3766.09,6.62557
3766.75,8.75201
3767.42,10.8809
3768.08,13.0943
3768.75,15.1313
3769.41,13.9976
3770.08,9.55078
3770.74,6.39199
3771.41,6.0125
3772.07,6.40168
3772.74,10.0253
3773.40,13.1244
3774.07,11.8954
3774.73,10.8378
3775.40,13.0537
3776.06,13.7944
3776.73,10.2853
3777.39,9.35988
3778.06,12.2336
3778.72,11.2345
3779.39,7.979
3780.05,8.68496
3780.72,10.4866
3781.38,11.8176
3782.05,15.0084
3782.71,15.5913
3783.38,13.7842
3784.04,13.2741
3784.71,14.2995
3785.37,14.3695
3786.04,14.8991
3786.70,15.0959
3787.37,13.7532
3788.03,11.106
3788.70,6.93334
3789.36,5.34214
3790.03,7.26282
3790.69,7.62997
3791.36,9.38645
3792.02,12.2654
3792.69,13.0555
3793.35,12.6303
3794.02,10.3853
3794.68,9.3455
3795.35,11.5978
3796.01,12.0555
3796.68,10.2839
3797.34,6.87336
3798.01,5.04693
3798.67,7.46801
3799.34,10.4058
3800.00,11.1889
3800.67,11.8009
3801.33,12.3862
3802.00,13.5288
3802.66,13.7744
3803.33,11.3706
3803.99,7.48226
3804.66,7.70797
3805.32,9.94726
3805.99,12.6578
3806.65,14.8533
3807.32,14.2338
3807.98,12.0234
3808.65,11.9136
3809.31,14.206
3809.98,15.1894
3810.64,13.6881
3811.31,12.0916
3811.97,9.27748
3812.64,7.8717
3813.30,9.98549
3813.97,14.0669
3814.63,16.1467
3815.30,16.1082
3815.96,14.7102
3816.63,11.7144
3817.29,8.40557
3817.96,8.10293
3818.62,6.4077
3819.29,5.6783
3819.95,7.8193
3820.62,11.467
3821.28,14.0539
3821.95,14.3993
3822.61,14.1671
3823.28,11.993
3823.94,7.64972
3824.61,4.8431
3825.27,5.07991
3825.94,8.38626
3826.60,12.1496
3827.27,14.4194
3827.93,15.6069
3828.60,15.7456
3829.26,15.7444
3829.93,14.1723
3830.59,11.0803
3831.26,7.90078
3831.92,6.81551
3832.59,7.45291
3833.25,10.8745
3833.92,11.4216
3834.58,8.99644
3835.25,9.49726
3835.91,12.5326
3836.58,14.4423
3837.24,12.8603
3837.91,10.6037
3838.57,10.4734
3839.24,8.47963
3839.90,5.48146
3840.57,5.43372
3841.23,7.45462
3841.90,7.69835
3842.56,7.70035
3843.23,6.5859
3843.89,8.35913
3844.56,10.9369
3845.22,10.3851
3845.89,8.33971
3846.55,7.37099
3847.22,8.55842
3847.88,11.0301
3848.55,12.5914
3849.21,14.8605
3849.88,15.4102
3850.54,15.399
3851.21,16.2895
3851.87,16.7306
3852.54,16.5727
3853.20,16.1746
3853.87,15.8967
3854.53,15.3733
3855.20,13.6735
3855.86,11.7144
3856.53,12.701
3857.19,15.3046
3857.86,16.5074
3858.52,17.0413
3859.19,16.7233
3859.85,16.121
3860.52,15.7128
3861.18,14.6741
3861.85,12.8195
3862.51,8.52669
3863.18,6.15867
3863.84,8.59459
3864.51,12.3886
3865.17,12.7518
3865.84,10.4714
3866.50,10.1758
3867.17,10.285
3867.83,9.37464
3868.50,8.08669
3869.16,8.46878
3869.83,9.66911
3870.49,8.93226
3871.16,9.12288
3871.82,10.1436
3872.49,7.68744
3873.15,8.16952
3873.82,11.1259
3874.48,13.573
3875.15,15.193
3875.81,15.8672
3876.48,14.5271
3877.14,11.9267
3877.81,10.3607
3878.47,9.87227
3879.14,11.8
3879.80,14.4161
3880.47,16.4798
3881.13,15.6118
3881.80,13.2882
3882.46,12.5623
3883.13,13.9803
3883.79,16.3348
3884.46,17.1188
3885.12,16.1581
3885.79,14.05
3886.45,13.456
3887.12,14.703
3887.78,15.5881
3888.45,15.6201
3889.11,13.865
3889.78,10.8006
3890.44,8.53239
3891.11,8.82882
3891.77,11.7725
3892.44,12.9007
3893.10,12.3411
3893.77,10.1501
3894.43,11.1667
3895.10,15.0921
3895.76,16.3309
3896.43,16.0453
3897.09,15.6997
3897.76,16.1135
3898.42,16.9746
3899.09,17.8008
3899.75,18.0503
3900.42,16.6572
3901.08,14.2914
3901.75,14.1159
3902.41,12.7561
3903.08,10.4862
3903.74,12.5774
3904.41,14.6013
3905.07,13.9504
3905.74,11.5725
3906.40,11.5039
3907.07,14.3313
3907.73,15.7486
3908.40,15.0471
3909.06,12.8581
3909.73,9.26046
3910.39,7.30003
3911.06,9.32579
3911.72,12.4414
3912.39,14.6167
3913.05,15.9314
3913.72,17.7929
3914.38,19.3316
3915.05,17.122
3915.71,16.2386
3916.38,17.2352
3917.04,18.5835
3917.71,18.0624
3918.37,17.552
3919.04,17.3584
3919.70,17.057
3920.37,16.9653
3921.03,16.1469
3921.70,16.1984
3922.36,16.2073
3923.03,16.9243
3923.69,17.2942
3924.36,15.914
3925.02,12.7549
3925.69,11.9772
3926.35,11.8686
3927.02,10.7131
3927.68,11.9101
3928.35,14.0289
3929.01,15.5609
3929.68,16.4615
3930.34,15.2886
3931.01,14.6724
3931.67,16.535
3932.34,17.5522
3933.00,18.2335
3933.67,17.7348
3934.33,16.5521
3935.00,16.3423
3935.66,16.7353
3936.33,17.7636
3936.99,18.3474
3937.66,17.6636
3938.32,17.6527
3938.99,17.5088
3939.65,17.4536
3940.32,17.0517
3940.98,15.3191
3941.65,12.0346
3942.31,10.5185
3942.98,12.6989
3943.64,15.6915
3944.31,17.5718
3944.97,19.0639
3945.64,19.3948
3946.30,18.9084
3946.97,17.9254
3947.63,16.4875
3948.30,16.8469
3948.96,18.0737
3949.63,18.3312
3950.29,17.1729
3950.96,17.6301
3951.62,17.2473
3952.29,20.2261
3952.95,26.9426
3953.62,20.2102
3954.28,13.4571
3954.95,14.3459
3955.61,16.3843
3956.28,17.0124
3956.94,17.6039
3957.61,17.9529
3958.27,16.7114
3958.94,16.449
3959.60,17.4687
3960.27,18.9201
3960.93,19.3563
3961.60,19.0198
3962.26,18.791
3962.93,18.783
3963.59,19.1757
3964.26,19.7104
3964.92,19.1552
3965.59,17.9681
3966.25,17.8844
3966.92,19.1526
3967.58,19.2403
3968.25,18.3519
3968.91,18.7181
3969.58,18.8509
3970.24,19.8045
3970.91,22.3445
3971.57,21.1216
3972.24,18.7859
3972.90,17.8399
3973.57,16.3453
3974.23,14.8706
3974.90,12.2142
3975.56,12.0691
3976.23,15.4528
3976.89,17.5459
3977.56,17.6765
3978.22,17.2475
3978.89,16.0051
3979.55,13.8206
3980.22,13.5338
3980.88,14.0893
3981.55,14.0188
3982.21,16.0098
3982.88,17.7936
3983.54,18.0626
3984.21,18.7991
3984.87,21.5632
3985.54,24.3875
3986.20,22.5248
3986.87,21.9806
3987.53,20.4561
3988.20,18.3599
3988.86,18.1039
3989.53,19.033
3990.19,19.3503
3990.86,18.9477
3991.52,18.6016
3992.19,17.9708
3992.85,17.7127
3993.52,19.0074
3994.18,20.3772
3994.85,19.5642
3995.51,17.6961
3996.18,17.7462
3996.84,18.4667
3997.51,19.1235
3998.17,19.0126
3998.84,18.1635
3999.50,17.271
4000.17,17.1755
4000.83,17.4906
4001.50,17.3546
4002.16,17.8497
4002.83,18.6386
4003.49,18.7074
4004.16,18.5799
4004.82,18.5509
4005.49,17.9828
4006.15,17.2143
4006.82,16.4749
4007.48,15.5238
4008.15,15.079
4008.81,14.6772
4009.48,14.9104
4010.14,15.5954
4010.81,17.11
4011.47,18.4556
4012.14,19.5968
4012.80,19.4141
4013.47,19.6533
4014.13,18.2246
4014.80,16.7781
4015.46,17.1097
4016.13,16.8321
4016.79,17.3039
4017.46,17.4063
4018.12,17.6988
4018.79,17.7137
4019.45,17.43
4020.12,17.3971
4020.78,18.0174
4021.45,18.9264
4022.11,18.8598
4022.78,18.6111
4023.44,18.3396
4024.11,18.2373
4024.77,18.2001
4025.44,17.8387
4026.10,17.7561
4026.77,18.2423
4027.43,18.1445
4028.10,18.7789
4028.76,20.0908
4029.43,20.0783
4030.09,20.2802
4030.76,20.224
4031.42,20.5418
4032.09,20.9706
4032.75,20.8486
4033.42,20.2569
4034.08,20.1463
4034.75,19.5982
4035.41,19.1414
4036.08,19.0032
4036.74,19.1904
4037.41,19.3306
4038.07,20.3543
4038.74,21.026
4039.40,20.5789
4040.07,20.1653
4040.73,19.6781
4041.40,19.161
4042.06,18.4954
4042.73,18.7973
4043.39,19.708
4044.06,20.1838
4044.72,20.1672
4045.39,20.6993
4046.05,20.8307
4046.72,20.6189
4047.38,21.7082
4048.05,21.2138
4048.71,21.4272
4049.38,21.4348
4050.04,20.4881
4050.71,20.1185
4051.37,19.8903
4052.04,19.4621
4052.70,19.8446
4053.37,20.2504
4054.03,20.6213
4054.70,20.504
4055.36,20.3613
4056.03,20.5842
4056.69,20.6806
4057.36,22.2475
4058.02,22.2576
4058.69,22.3715
4059.35,22.6629
4060.02,23.5067
4060.68,23.7006
4061.35,23.3412
4062.01,22.9945
4062.68,24.5179
4063.34,25.3941
4064.01,25.5524
4064.67,24.8737
4065.34,25.5275
4066.00,27.8327
4066.67,28.0427
4067.33,28.1319
4068.00,29.1874
4068.66,31.9253
4069.33,33.8438
4069.99,33.1788
4070.66,33.4104
4071.32,35.8391
4071.99,36.6857
4072.65,35.409
4073.32,36.1469
4073.98,29.7703
4074.65,32.1258
4075.31,32.0909
4075.98,31.4433
4076.64,32.2835
4077.31,31.1882
4077.97,32.7053
4078.64,33.4577
4079.30,32.914
4079.97,33.8958
4080.63,39.3743
4081.30,37.739
4081.96,38.0581
4082.63,43.758
4083.29,52.6839
4083.96,53.5458
4084.62,52.4997
4085.29,53.9893
4085.95,101.338
4086.62,108.162
4087.28,114.874
4087.95,123.797
4088.61,360.566
4089.28,366.455
4089.94,361.973
4090.61,357.655
4097.92,4.73335
4098.59,3.48263
4099.25,0.690325
4099.92,0.826963
4100.58,2.14982
4101.25,23.0126
4101.91,20.0582
4102.58,19.3966
4103.24,17.4763
4103.91,13.5748
4104.57,32.3481
4105.24,28.9002
4105.90,27.9651
4106.57,24.4721
4107.23,24.5864
4107.90,29.679
4108.56,22.1608
4109.23,21.1363
4109.89,20.7666
4110.56,21.0963
4111.22,19.4056
4111.89,18.8157
4112.55,16.6808
4113.22,16.2883
4113.88,16.4696
4114.55,15.9008
4115.21,16.2858
4115.88,14.486
4116.54,14.1944
4117.21,14.9366
4117.87,13.2251
4118.54,12.6711
4119.20,12.5822
4119.87,11.5521
4120.53,12.2647
4121.20,12.6115
4121.86,12.7127
4122.53,12.6517
4123.19,12.9512
4123.86,13.2525
4124.52,14.0687
4125.19,14.799
4125.85,12.0584
4126.52,10.0633
4127.18,10.8565
4127.85,12.8799
4128.51,14.2039
4129.18,14.4564
4129.84,12.5427
4130.51,10.7542
4131.17,8.6119
4131.84,10.3561
4132.50,13.7551
4133.17,15.7353
4133.83,16.8907
4134.50,17.0449
4135.16,16.0774
4135.83,15.8816
4136.49,14.9741
4137.16,16.3293
4137.82,17.8558
4138.49,16.3632
4139.15,16.3668
4139.82,16.3332
4140.48,14.5796
4141.15,11.7352
4141.81,8.76574
4142.48,7.31521
4143.14,8.00659
4143.81,9.39059
4144.47,10.8918
4145.14,10.5267
4145.80,9.51668
4146.47,8.85343
4147.13,8.51573
4147.80,7.6238
4148.46,7.5763
4149.13,8.28431
4149.79,8.68636
4150.46,8.81872
4151.12,8.00086
4151.79,7.99727
4152.45,7.56228
4153.12,7.58948
4153.78,7.93445
4154.45,7.54702
4155.11,8.51697
4155.78,10.0776
4156.44,11.2393
4157.11,12.3235
4157.77,10.8748
4158.44,8.9061
4159.10,9.64058
4159.77,14.2219
4160.43,18.5657
4161.10,21.6603
4161.76,21.9733
4162.43,20.3028
4163.09,17.8625
4163.76,21.6474
4164.42,24.9896
4165.09,26.9778
4165.75,28.159
4166.42,32.3381
4167.08,33.9426
4167.75,31.8971
4168.41,28.7639
4169.08,23.0249
4169.74,19.5379
4170.41,16.355
4171.07,17.6366
4171.74,21.7137
4172.40,25.0827
4173.07,26.2244
4173.73,24.278
4174.40,20.5461
4175.06,21.2888
4175.73,24.4953
4176.39,26.3651
4177.06,26.5704
4177.72,24.9685
4178.39,25.3471
4179.05,27.6077
4179.72,29.8636
4180.38,29.1224
4181.05,23.797
4181.71,19.0216
4182.38,15.2814
4183.04,15.7449
4183.71,16.1442
4184.37,16.0943
4185.04,16.148
4185.70,16.656
4186.37,17.2176
4187.03,18.74
4187.70,20.2109
4188.36,21.1144
4189.03,19.5695
4189.69,18.1347
4190.36,18.8642
4191.02,18.2185
4191.69,17.1423
4192.35,16.9224
4193.02,17.9207
4193.68,20.2935
4194.35,21.1369
4195.01,20.7708
4195.68,20.0212
4196.34,18.2848
4197.01,17.1923
4197.67,16.2316
4198.34,14.8453
4199.00,15.706
4199.67,15.8579
4200.33,16.263
4201.00,16.3348
4201.66,17.5718
4202.33,21.275
4202.99,26.1416
4203.66,28.999
4204.32,23.5966
4204.99,22.3576
4205.65,23.2935
4206.32,24.7344
4206.98,25.2163
4207.65,20.4815
4208.31,17.3061
4208.98,17.3186
4209.64,16.5281
4210.31,15.3162
4210.97,15.6819
4211.64,15.3232
4212.30,15.1335
4212.97,16.0877
4213.63,16.2631
4214.30,16.5437
4214.96,20.0748
4215.63,25.0971
4216.29,26.7254
4216.96,27.1487
4217.62,24.0641
4218.29,21.3699
4218.95,19.1144
4219.62,17.0093
4220.28,16.4842
4220.95,16.3141
4221.61,15.4887
4222.28,15.3202
4222.94,15.3697
4223.61,14.7168
4224.27,14.6574
4224.94,15.0111
4225.60,15.0608
4226.27,14.9326
4226.93,16.564
4227.60,17.9148
4228.26,17.3511
4228.93,16.3939
4229.59,17.4023
4230.26,18.8972
4230.92,18.6097
4231.59,18.5818
4232.25,18.0811
4232.92,16.6169
4233.58,15.7328
4234.25,17.0615
4234.91,17.3579
4235.58,15.7199
4236.24,15.2085
4236.91,15.7423
4237.57,15.4037
4238.24,14.4553
4238.90,16.0899
4239.57,17.2451
4240.23,16.2446
4240.90,17.7862
4241.56,21.5014
4242.23,23.798
4242.89,21.4466
4243.56,20.5806
4244.22,22.6392
4244.89,22.3488
4245.55,17.5979
4246.22,16.0747
4246.88,16.4845
4247.55,16.6217
4248.21,14.6724
4248.88,13.4008
4249.54,14.4294
4250.21,15.4443
4250.87,14.4487
4251.54,13.9821
4252.20,15.0306
4252.87,15.8528
4253.53,15.8554
4254.20,16.2757
4254.86,16.7628
4255.53,16.9868
4256.19,17.9834
4256.86,17.8654
4257.52,17.6265
4258.19,17.7122
4258.85,16.5416
4259.52,15.2998
4260.18,14.3661
4260.85,13.6112
4261.51,13.4891
4262.18,14.3029
4262.84,14.2261
4263.51,13.5042
4264.17,13.6041
4264.84,15.4603
4265.50,17.7374
4266.17,17.3969
4266.83,18.2126
4267.50,19.5994
4268.16,22.0701
4268.83,21.8396
4269.49,21.4262
4270.16,21.5036
4270.82,22.1748
4271.49,22.3202
4272.15,19.0441
4272.82,15.6321
4273.48,14.4715
4274.15,16.4259
4274.81,16.6326
4275.48,13.414
4276.14,13.0422
4276.81,14.4026
4277.47,17.5976
4278.14,17.2609
4278.80,14.3856
4279.47,14.0983
4280.13,15.2132
4280.80,17.44
4281.46,16.6957
4282.13,15.4813
4282.79,15.5985
4283.46,17.148
4284.12,19.7618
4284.79,18.6115
4285.45,17.5419
4286.12,17.4369
4286.78,18.4124
4287.45,18.1478
4288.11,15.8671
4288.78,13.575
4289.44,13.2304
4290.11,14.9708
4290.77,17.3041
4291.44,17.6447
4292.10,19.0419
4292.77,21.0408
4293.43,23.4102
4294.10,25.8547
4294.76,26.0078
4295.43,24.5749
4296.09,27.1364
4296.76,30.0747
4297.42,30.7811
4298.09,30.5306
4298.75,29.3805
4299.42,29.1098
4300.08,28.8601
4300.75,27.4992
4301.41,23.2666
4302.08,17.4973
4302.74,14.3288
4303.41,14.0703
4304.07,15.5494
4304.74,17.1583
4305.40,17.7171
4306.07,17.1211
4306.73,15.3249
4307.40,13.7726
4308.06,13.9516
4308.73,14.0336
4309.39,14.7238
4310.06,15.2081
4310.72,15.2778
4311.39,16.1713
4312.05,16.4359
4312.72,16.0593
4313.38,15.4676
4314.05,14.8447
4314.71,14.4487
4315.38,13.641
4316.04,13.3024
4316.71,12.1755
4317.37,10.97
4318.04,11.3755
4318.70,12.6636
4319.37,13.2382
4320.03,13.2355
4320.70,13.7519
4321.36,13.1311
4322.03,13.2824
4322.69,14.4682
4323.36,14.7247
4324.02,14.8223
4324.69,15.1807
4325.35,16.2424
4326.02,18.2686
4326.68,20.4978
4327.35,20.0899
4328.01,19.687
4328.68,20.2763
4329.34,20.9692
4330.01,20.3118
4330.67,16.9179
4331.34,14.4685
4332.00,14.4183
4332.67,16.6036
4333.33,19.8319
4334.00,23.4924
4334.66,23.6797
4335.33,20.1405
4335.99,16.2488
4336.66,14.7913
4337.32,15.4582
4337.99,15.9937
4338.65,16.5588
4339.32,19.4964
4339.98,21.3535
4340.65,20.646
4341.31,22.0368
4341.98,24.0917
4342.64,23.3653
4343.31,21.2244
4343.97,19.9532
4344.64,17.5808
4345.30,15.366
4345.97,13.3219
4346.63,12.7754
4347.30,12.9123
4347.96,14.2236
4348.63,18.5044
4349.29,32.8051
4349.96,40.5761
4350.62,25.9209
4351.29,19.1803
4351.95,20.6097
4352.62,23.8225
4353.28,22.5733
4353.95,20.5475
4354.61,24.5258
4355.28,34.1934
4355.94,35.3336
4356.61,29.7497
4357.27,25.4805
4357.94,22.7926
4358.60,20.1728
4359.27,17.0641
4359.93,15.118
4360.60,13.1095
4361.26,12.3841
4361.93,11.8753
4362.59,12.8795
4363.26,13.6234
4363.92,13.6858
4364.59,13.6337
4365.25,13.9548
4365.92,14.4767
4366.58,14.6334
4367.25,15.2968
4367.91,16.037
4368.58,16.5117
4369.24,18.0866
4369.91,17.5867
4370.57,16.4357
4371.24,17.1618
4371.90,17.5102
4372.57,17.23
4373.23,16.7145
4373.90,15.1021
4374.56,13.4173
4375.23,13.192
4375.89,12.797
4376.56,12.6774
4377.22,12.0519
4377.89,12.0643
4378.55,12.676
4379.22,13.4659
4379.88,14.1245
4380.55,15.1751
4381.21,17.5376
4381.88,18.311
4382.54,18.1724
4383.21,18.7353
4383.87,18.9564
4384.54,17.4231
4385.20,15.8339
4385.87,13.9479
4386.53,13.7073
4387.20,14.8154
4387.86,16.6976
4388.53,17.7787
4389.19,16.4021
4389.86,13.3455
4390.52,12.6399
4391.19,12.482
4391.85,12.3561
4392.52,11.823
4393.18,11.5466
4393.85,11.3885
4394.51,12.8979
4395.18,13.2745
4395.84,13.1219
4396.51,12.765
4397.17,13.2859
4397.84,13.2139
4398.50,12.5129
4399.17,11.9087
4399.83,12.3468
4400.50,13.6244
4401.16,15.4268
4401.83,17.3129
4402.49,18.1807
4403.16,18.2292
4403.82,17.0548
4404.49,16.0223
4405.15,14.468
4405.82,13.7045
4406.48,12.5214
4407.15,11.4692
4407.81,11.1998
4408.48,11.2032
4409.14,10.8555
4409.81,11.0609
4410.47,11.2998
4411.14,11.0242
4411.80,10.9997
4412.47,11.3334
4413.13,11.7281
4413.80,12.0078
4414.46,12.8365
4415.13,13.8832
4415.79,15.5634
4416.46,16.7039
4417.12,17.3168
4417.79,17.3571
4418.45,16.9138
4419.12,15.9259
4419.78,15.9493
4420.45,15.5879
4421.11,14.3891
4421.78,13.1707
4422.44,12.4248
4423.11,12.4051
4423.77,12.2147
4424.44,11.9112
4425.10,11.09
4425.77,10.8387
4426.43,11.5113
4427.10,11.8589
4427.76,12.6496
4428.43,12.4529
4429.09,12.8244
4429.76,12.2044
4430.42,12.8946
4431.09,13.6005
4431.75,14.0867
4432.42,14.2369
4433.08,14.639
4433.75,15.1076
4434.41,14.6608
4435.08,13.6112
4435.74,13.1479
4436.41,12.4958
4437.07,11.909
4437.74,11.8217
4438.40,11.6681
4439.07,11.0934
4439.73,10.0657
4440.40,10.3263
4441.06,10.5768
4441.73,11.3859
4442.39,11.9206
4443.06,11.8359
4443.72,11.7678
4444.39,12.1665
4445.05,12.9323
4445.72,13.1366
4446.38,13.0113
4447.05,12.7993
4447.71,13.0375
4448.38,13.0547
4449.04,12.9537
4449.71,12.435
4450.37,11.8839
4451.04,12.6517
4451.70,12.5524
4452.37,11.8921
4453.03,10.7093
4453.70,9.84175
4454.36,9.99706
4455.03,10.4077
4455.69,11.2226
4456.36,11.9746
4457.02,11.6045
4457.69,11.5708
4458.35,11.7817
4459.02,12.0617
4459.68,12.6331
4460.35,12.4145
4461.01,12.1709
4461.68,12.1651
4462.34,12.7749
4463.01,12.8351
4463.67,12.3404
4464.34,11.87
4465.00,11.4762
4465.67,11.4283
4466.33,10.5548
4467.00,10.5741
4467.66,10.0991
4468.33,9.25486
4468.99,9.1372
4469.66,10.1468
4470.32,10.2423
4470.99,10.5027
4471.65,11.16
4472.32,11.3612
4472.98,12.0948
4473.65,11.631
4474.31,11.7141
4474.98,11.6887
4475.64,11.6287
4476.31,11.8333
4476.97,11.7479
4477.64,11.0963
4478.30,11.8888
4478.97,12.3918
4479.63,11.8409
4480.30,11.7302
4480.96,11.3748
4481.63,11.5096
4482.29,11.1172
4482.96,9.5886
4483.62,9.09422
4484.29,10.9979
4484.95,11.4893
4485.62,12.1689
4486.28,12.4967
4486.95,12.8101
4487.61,13.0927
4488.28,12.5802
4488.94,11.4871
4489.61,12.176
4490.27,12.9846
4490.94,13.1738
4491.60,13.0251
4492.27,13.2091
4492.93,13.2174
4493.60,12.8821
4494.26,12.854
4494.93,12.103
4495.59,12.5297
4496.26,13.7291
4496.92,13.4231
4497.59,11.2498
4498.25,9.44206
4498.92,9.32622
4499.58,11.4836
4500.25,11.6727
4500.91,11.6449
4501.58,12.3031
4502.24,12.3727
4502.91,12.4076
4503.57,11.7658
4504.24,12.3513
4504.90,12.5034
4505.57,12.5269
4506.23,12.8303
4506.90,13.6611
4507.56,16.6469
4508.23,21.3258
4508.89,20.7262
4509.56,23.5956
4510.22,18.2538
4510.89,12.8188
4511.55,11.9328
4512.22,11.4463
4512.88,11.5438
4513.55,9.89086
4514.21,8.83596
4514.88,10.3311
4515.54,11.3082
4516.21,11.4365
4516.87,11.7621
4517.54,11.9442
4518.20,12.0929
4518.87,12.4923
4519.53,13.5262
4520.20,13.4512
4520.86,13.5357
4521.53,13.34
4522.19,13.992
4522.86,14.1651
4523.52,14.6092
4524.19,13.6026
4524.85,13.2225
4525.52,14.5994
4526.18,14.2938
4526.85,12.4153
4527.51,11.5682
4528.18,10.8825
4528.84,10.519
4529.51,10.3524
4530.17,10.7534
4530.84,11.5871
4531.50,13.0323
4532.17,15.9315
4532.83,15.0277
4533.50,12.9849
4534.16,12.4683
4534.83,12.0588
4535.49,12.0092
4536.16,12.565
4536.82,12.6552
4537.49,12.6888
4538.15,14.6648
4538.82,19.1698
4539.48,15.7346
4540.15,12.0876
4540.81,11.449
4541.48,10.9315
4542.14,10.3023
4542.81,10.712
4543.47,11.0684
4544.14,10.5045
4544.80,13.6125
4545.47,19.049
4546.13,14.1474
4546.80,9.29329
4547.46,9.75278
4548.13,10.7785
4548.79,11.1942
4549.46,10.7366
4550.12,10.767
4550.79,11.5126
4551.45,15.3973
4552.12,25.5677
4552.78,22.4168
4553.45,13.4996
4554.11,11.322
4554.78,12.2007
4555.44,12.4329
4556.11,11.4898
4556.77,11.2828
4557.44,12.0867
4558.10,15.644
4558.77,27.9986
4559.43,30.2674
4560.10,16.8097
4560.76,11.7017
4561.43,10.4023
4562.09,10.1393
4562.76,10.8107
4563.42,11.4055
4564.09,12.1158
4564.75,13.0767
4565.42,23.1928
4566.08,41.0372
4566.75,27.0215
4567.41,13.4091
4568.08,11.4301
4568.74,11.1443
4569.41,12.3915
4570.07,7.18582
4570.74,6.50569
4571.40,14.1268
4572.07,17.1954
4572.73,37.2476
4573.40,45.053
4574.06,22.3928
4574.73,12.9387
4575.39,11.7849
4576.06,11.0223
4576.72,10.7359
4577.39,9.94094
4578.05,10.4374
4578.72,11.8568
4579.38,21.2441
4580.05,49.9429
4580.71,47.9681
4581.38,20.681
4582.04,13.3529
4582.71,12.7157
4583.37,12.7674
4584.04,13.2349
4584.70,12.7975
4585.37,12.7196
4586.03,13.2573
4586.70,27.5067
4587.36,63.0426
4588.03,53.9267
4588.69,20.9956
4589.36,12.4207
4590.02,12.514
4590.69,12.5059
4591.35,12.3823
4592.02,12.4095
4592.68,12.7516
4593.35,13.7564
4594.01,28.3382
4594.68,71.5416
4595.34,66.0638
4596.01,26.2363
4596.67,14.4896
4597.34,12.8204
4598.00,13.0951
4598.67,12.7908
4599.33,13.3678
4600.00,13.3872
4600.66,14.9869
4601.33,28.2397
4601.99,77.9045
4602.66,88.7032
4603.32,38.4653
4603.99,17.2077
4604.65,14.149
4605.32,13.959
4605.98,13.9035
4606.65,13.9727
4607.31,14.5702
4607.98,16.0578
4608.64,24.5839
4609.31,67.4005
4609.97,110.659
4610.64,64.5656
4611.30,23.6932
4611.97,15.9604
4612.63,15.1116
4613.30,15.0269
4613.96,15.3264
4614.63,15.7166
4615.29,17.9339
4615.96,22.9959
4616.62,45.6674
4617.29,110.314
4617.95,110.366
4618.62,46.2758
4619.28,22.7484
4619.95,18.2607
4620.61,17.0066
4621.28,16.2116
4621.94,17.443
4622.61,21.0351
4623.27,23.2308
4623.94,29.7865
4624.60,73.3586
4625.27,137.796
4625.93,100.28
4626.60,40.3737
4627.26,23.5315
4627.93,18.2981
4628.59,17.2322
4629.26,19.3776
4629.92,23.3739
4630.59,23.7077
4631.25,24.4435
4631.92,38.2676
4632.58,96.6456
4633.25,152.351
4633.91,94.6379
4634.58,40.0873
4635.24,26.0043
4635.91,21.6747
4636.57,22.604
4637.24,27.5166
4637.90,26.6418
4638.57,23.391
4639.23,27.3098
4639.90,44.0371
4640.56,103.745
4641.23,158.933
4641.89,98.7044
4642.56,41.9675
4643.22,27.8297
4643.89,26.9982
4644.55,34.6499
4645.22,31.3144
4645.88,22.9719
4646.55,23.1558
4647.21,27.6237
4647.88,39.277
4648.54,92.8506
4649.21,159.002
4649.87,110.275
4650.54,46.9971
4651.20,31.0432
4651.87,37.7234
4652.53,36.2678
4653.20,22.9777
4653.86,20.5536
4654.53,21.3655
4655.19,23.7268
4655.86,30.5981
4656.52,64.7914
4657.19,135.703
4657.85,121.681
4658.52,54.8435
4659.18,41.844
4659.85,47.1249
4660.51,29.1516
4661.18,18.9978
4661.84,19.0787
4662.51,16.8814
4663.17,16.0494
4663.84,17.1957
4664.50,16.535
4665.17,14.9783
4665.83,15.2943
4666.50,22.6691
4667.16,47.2167
4667.83,46.3044
4668.49,23.7494
4669.16,22.2676
4669.82,22.1572
4670.49,21.9322
4671.15,24.507
4671.82,25.4588
4672.48,32.1605
4673.15,66.6661
4673.81,147.284
4674.48,159.606
4675.14,112.3
4675.81,63.0987
4676.47,33.4693
4677.14,31.2706
4677.80,30.6876
4678.47,27.7453
4679.13,24.4759
4679.80,25.9085
4680.46,30.719
4681.13,45.3508
4681.79,108.109
4682.46,221.653
4683.12,212.003
4683.79,104.378
4684.45,58.2646
4685.12,50.9179
4685.78,37.394
4686.45,27.8547
4687.11,27.1341
4687.78,26.6607
4688.44,29.0719
4689.11,35.9363
4689.77,57.1697
4690.44,148.575
4691.10,267.077
4691.77,194.619
4692.43,101.155
4693.10,62.5232
4693.76,38.0507
4694.43,31.6482
4695.09,28.1791
4695.76,26.3084
4696.42,26.716
4697.09,29.7525
4697.75,37.7704
4698.42,77.6723
4699.08,186.721
4699.75,281.084
4700.41,207.709
4701.08,93.6312
4701.74,51.2628
4702.41,34.8241
4703.07,28.0414
4703.74,25.3634
4704.40,24.9961
4705.07,25.8226
4705.73,29.6493
4706.40,48.8639
4707.06,112.522
4707.73,165.134
4708.39,235.772
4709.06,224.296
4709.72,101.293
4710.39,46.9242
4711.05,32.7209
4711.72,27.2784
4712.38,24.2623
4713.05,22.8873
4713.71,27.0072
4714.38,51.1786
4715.04,88.8388
4715.71,92.0009
4716.37,95.1255
4717.04,174.032
4717.70,242.586
4718.37,141.242
4719.03,55.3235
4719.70,32.7702
4720.36,26.7002
4721.03,25.7518
4721.69,35.318
4722.36,72.2262
4723.02,75.6442
4723.69,53.8975
4724.35,45.2681
4725.02,39.8588
4725.68,82.7573
4726.35,200.236
4727.01,203.235
4727.68,86.0187
4728.34,37.2665
4729.01,29.3019
4729.67,51.6863
4730.34,92.6486
4731.00,79.643
4731.67,65.3087
4732.33,66.4749
4733.00,54.8043
4733.66,38.2266
4734.33,38.7108
4734.99,95.9803
4735.66,203.877
4736.32,160.695
4736.99,64.2776
4737.65,70.702
4738.32,107.866
4738.98,88.5993
4739.65,62.3074
4740.31,47.9573
4740.98,78.2184
4741.64,78.3289
4742.31,43.9694
4742.97,28.287
4743.64,32.3478
4744.30,89.672
4744.97,189.595
4745.63,175.967
4746.30,137.099
4746.96,102.157
4747.63,65.2898
4748.29,33.707
4748.96,38.2467
4749.62,90.0433
4750.29,104.111
4750.95,53.706
4751.62,27.01
4752.28,22.8361
4752.95,30.0826
4753.61,94.1179
4754.28,216.787
4754.94,188.167
4755.61,84.425
4756.27,34.3459
4756.94,22.3455
4757.60,27.2547
4758.27,73.5357
4758.93,117.897
4759.60,70.5191
4760.26,30.7986
4760.93,24.639
4761.59,39.2222
4762.26,84.6309
4762.92,120.966
4763.59,159.007
4764.25,128.775
4764.92,47.637
4765.58,23.5072
4766.25,24.4253
4766.91,47.1051
4767.58,105.191
4768.24,94.8557
4768.91,40.845
4769.57,25.4907
4770.24,25.0224
4770.90,36.6059
4771.57,48.8857
4772.23,37.4023
4772.90,62.8436
4773.56,102.972
4774.23,59.7378
4774.89,25.134
4775.56,26.1267
4776.22,61.1542
4776.89,101.701
4777.55,63.3245
4778.22,43.8623
4778.88,82.0173
4779.55,79.1388
4780.21,36.759
4780.88,24.9865
4781.54,23.2254
4782.21,31.5209
4782.87,69.6041
4783.54,76.3368
4784.20,37.1665
4784.87,30.9818
4785.53,65.0608
4786.20,89.0789
4786.86,84.7887
4787.53,137.584
4788.19,120.619
4788.86,52.7967
4789.52,29.1118
4790.19,25.1258
4790.85,24.0046
4791.52,24.9036
4792.18,35.7914
4792.85,65.2757
4793.51,58.108
4794.18,35.9474
4794.84,62.8872
4795.51,124.126
4796.17,188.296
4796.84,144.801
4797.50,54.6792
4798.17,29.1684
4798.83,25.556
4799.50,24.5024
4800.16,23.8001
4800.83,24.1321
4801.49,24.8218
4802.16,33.4005
4802.82,56.8361
4803.49,58.5339
4804.15,102.435
4804.82,218.527
4805.48,172.533
4806.15,59.6055
4806.81,29.0395
4807.48,24.9758
4808.14,24.6418
4808.81,23.7602
4809.47,24.2432
4810.14,24.5404
4810.80,24.6157
4811.47,24.5534
4812.13,32.8589
4812.80,82.6228
4813.46,195.543
4814.13,201.433
4814.79,81.9989
4815.46,31.302
4816.12,25.3082
4816.79,23.9316
4817.45,23.379
4818.12,22.8325
4818.78,23.112
4819.45,23.3011
4820.11,23.5721
4820.78,25.1149
4821.44,38.3573
4822.11,116.092
4822.77,190.16
4823.44,115.789
4824.10,49.7256
4824.77,28.2737
4825.43,23.892
4826.10,23.5649
4826.76,23.2062
4827.43,22.8192
4828.09,22.4839
4828.76,22.8708
4829.42,23.9146
4830.09,26.2355
4830.75,55.7684
4831.42,136.049
4832.08,121.557
4832.75,50.3046
4833.41,40.7814
4834.08,34.3124
4834.74,24.4153
4835.41,23.202
4836.07,22.6216
4836.74,22.8877
4837.40,23.1997
4838.07,22.077
4838.73,22.5558
4839.40,28.9709
4840.06,71.2812
4840.73,128.722
4841.39,80.4524
4842.06,31.2128
4842.72,24.8445
4843.39,28.6725
4844.05,28.9243
4844.72,24.6059
4845.38,22.4057
4846.05,22.9462
4846.71,22.3033
4847.38,21.3207
4848.04,21.5185
4848.71,28.6268
4849.37,66.7469
4850.04,98.987
4850.70,56.2983
4851.37,26.7809
4852.03,22.2695
4852.70,22.7113
4853.36,23.7561
4854.03,24.6326
4854.69,24.7343
4855.36,22.2356
4856.02,21.0162
4856.69,20.23
4857.35,20.556
4858.02,25.5372
4858.68,51.2689
4859.35,70.8074
4860.01,43.1695
4860.68,24.0484
4861.34,20.761
4862.01,20.2853
4862.67,20.2664
4863.34,21.1489
4864.00,22.4683
4864.67,21.607
4865.33,21.0721
4866.00,20.2448
4866.66,20.8777
4867.33,23.1339
4867.99,36.6046
4868.66,52.6606
4869.32,38.831
4869.99,23.4746
4870.65,20.3127
4871.32,19.2867
4871.98,20.0716
4872.65,21.0435
4873.31,21.4844
4873.98,26.1792
4874.64,27.1226
4875.31,21.5
4875.97,20.1535
4876.64,20.923
4877.30,26.0214
4877.97,36.1455
4878.63,33.803
4879.30,22.9964
4879.96,20.349
4880.63,19.5685
4881.29,20.4546
4881.96,20.9179
4882.62,19.6338
4883.29,19.4524
4883.95,19.9648
4884.62,20.0272
4885.28,18.7429
4885.95,18.8051
4886.61,20.947
4887.28,26.1998
4887.94,30.0464
4888.61,25.5082
4889.27,18.9849
4889.94,18.6409
4890.60,19.2551
4891.27,19.1162
4891.93,19.0377
4892.60,19.0711
4893.26,18.8304
4893.93,19.7924
4894.59,18.8042
4895.26,17.8025
4895.92,18.3809
4896.59,20.4389
4897.25,23.5125
4897.92,24.0835
4898.58,21.3636
4899.25,19.4607
4899.91,19.3525
4900.58,19.5839
4901.24,19.667
4901.91,19.9638
4902.57,19.297
4903.24,19.0997
4903.90,19.1457
4904.57,18.8001
4905.23,19.0751
4905.90,19.6013
4906.56,21.1709
4907.23,21.6123
4907.89,21.5945
4908.56,19.5054
4909.22,19.2669
4909.89,20.2152
4910.55,19.6674
4911.22,18.6432
4911.88,18.4158
4912.55,19.1238
4913.21,18.9015
4913.88,18.3194
4914.54,17.8361
4915.21,18.0942
4915.87,18.3775
4916.54,18.9704
4917.20,19.7451
4917.87,20.0748
4918.53,20.287
4919.20,18.3452
4919.86,17.6309
4920.53,17.723
4921.19,17.6228
4921.86,18.2544
4922.52,18.3071
4923.19,17.7466
4923.85,17.4078
4924.52,17.3948
4925.18,17.382
4925.85,16.8066
4926.51,17.7044
4927.18,18.2998
4927.84,18.5532
4928.51,18.6168
4929.17,18.5779
4929.84,17.8244
4930.50,17.4729
4931.17,17.3964
4931.83,16.3907
4932.50,17.1945
4933.16,17.7971
4933.83,17.7569
4934.49,17.6882
4935.16,16.8708
4935.82,17.1279
4936.49,16.9317
4937.15,17.4225
4937.82,16.0737
4938.48,16.6537
4939.15,17.6106
4939.81,17.4098
4940.48,16.6896
4941.14,16.1129
4941.81,16.2302
4942.47,16.1005
4943.14,16.896
4943.80,16.6982
4944.47,16.8089
4945.13,17.411
4945.80,17.3235
4946.46,16.0986
4947.13,16.832
4947.79,16.6241
4948.46,16.1202
4949.12,16.3589
4949.79,16.7485
4950.45,16.313
4951.12,16.733
4951.78,16.7188
4952.45,16.596
4953.11,17.1612
4953.78,16.8639
4954.44,15.975
4955.11,15.8288
4955.77,15.7709
4956.44,17.0669
4957.10,17.6485
4957.77,17.4523
4958.43,17.033
4959.10,16.5828
4959.76,16.6622
4960.43,16.65
4961.09,16.6112
4961.76,16.299
4962.42,17.4395
4963.09,17.2281
4963.75,17.5951
4964.42,17.3488
4965.08,17.1819
4965.75,16.1367
4966.41,16.4482
4967.08,16.1116
4967.74,16.6362
4968.41,16.5991
4969.07,16.6407
4969.74,16.0123
4970.40,16.6525
4971.07,16.9196
4971.73,16.9612
4972.40,16.668
4973.06,16.7124
4973.73,17.035
4974.39,16.5303
4975.06,16.3047
4975.72,16.6716
4976.39,17.0655
4977.05,16.5146
4977.72,15.9697
4978.38,15.3804
4979.05,15.707
4979.71,15.7602
4980.38,15.6189
4981.04,16.3063
4981.71,15.6284
4982.37,15.827
4983.04,15.5663
4983.70,16.0723
4984.37,16.4297
4985.03,16.4035
4985.70,16.1996
4986.36,16.6552
4987.03,16.8573
4987.69,16.2156
4988.36,16.3638
4989.02,15.9392
4989.69,15.6273
4990.35,15.5324
4991.02,15.9377
4991.68,16.7781
4992.35,16.7894
4993.01,16.5279
4993.68,16.8082
4994.34,16.6194
4995.01,16.4263
4995.67,16.9938
4996.34,16.3401
4997.00,15.7684
4997.67,16.9158
4998.33,17.3514
4999.00,19.2126
4999.66,19.3063
5000.33,17.8258
5000.99,17.39
5001.66,17.6923
5002.32,16.6937
5002.99,16.2985
5003.65,16.741
5004.32,17.0414
5004.98,16.7157
5005.65,16.9988
5006.31,16.2698
5006.98,15.6947
5007.64,16.8683
5008.31,16.842
5008.97,16.0606
5009.64,16.2678
5010.30,15.6877
5010.97,16.6011
5011.63,15.7333
5012.30,15.263
5012.96,16.4898
5013.63,16.5214
5014.29,15.94
5014.96,14.9962
5015.62,15.3809
5016.29,16.2532
5016.95,15.981
5017.62,15.8774
5018.28,15.556
5018.95,15.6212
5019.61,15.6867
5020.28,15.96
5020.94,14.9705
5021.61,15.0462
5022.27,15.7705
5022.94,15.8587
5023.60,15.8988
5024.27,16.4812
5024.93,16.0373
5025.60,15.8183
5026.26,16.0526
5026.93,15.8116
5027.59,15.6714
5028.26,15.3795
5028.92,16.2471
5029.59,15.8644
5030.25,15.2034
5030.92,15.504
5031.58,15.3349
5032.25,15.6906
5032.91,15.4899
5033.58,14.8447
5034.24,15.5386
5034.91,15.6957
5035.57,14.707
5036.24,15.9988
5036.90,15.826
5037.57,15.3696
5038.23,15.1557
5038.90,15.4762
5039.56,15.2565
5040.23,15.4515
5040.89,15.1666
5041.56,15.5734
5042.22,14.6807
5042.89,15.4283
5043.55,15.6745
5044.22,15.5624
5044.88,15.2566
5045.55,14.9368
5046.21,14.6439
5046.88,14.2706
5047.54,14.2755
5048.21,14.4954
5048.87,14.5556
5049.54,14.9183
5050.20,14.9946
5050.87,15.0212
5051.53,15.4167
5052.20,15.7326
5052.86,15.8933
5053.53,15.2416
5054.19,14.5834
5054.86,15.017
5055.52,15.2969
5056.19,14.6085
5056.85,15.9828
5057.52,16.0874
5058.18,15.4206
5058.85,15.2583
5059.51,14.4272
5060.18,14.5926
5060.84,15.3708
5061.51,15.5486
5062.17,15.6232
5062.84,14.9309
5063.50,14.4599
5064.17,14.6169
5064.83,14.3813
5065.50,14.7303
5066.16,13.9916
5066.83,13.5212
5067.49,13.7813
5068.16,14.6299
5068.82,14.4943
5069.49,14.786
5070.15,14.4756
5070.82,14.298
5071.48,14.263
5072.15,13.8598
5072.81,14.3103
5073.48,14.5739
5074.14,14.6083
5074.81,14.0986
5075.47,13.196
5076.14,13.6695
5076.80,13.7812
5077.47,13.2305
5078.13,12.8048
5078.80,12.8787
5079.46,12.8165
5080.13,13.1531
5080.79,13.2421
5081.46,13.8792
5082.12,13.7456
5082.79,14.4062
5083.45,13.5145
5084.12,13.3831
5084.78,13.2574
5085.45,13.9161
5086.11,13.7956
5086.78,12.1294
5087.44,13.3763
5088.11,14.3259
5088.77,13.2312
5089.44,13.1639
5090.10,13.8098
5090.77,13.1445
5091.43,12.9024
5092.10,12.6979
5092.76,12.6951
5093.43,13.2638
5094.09,13.4867
5094.76,13.211
5095.42,13.0624
5096.09,13.8326
5096.75,13.8834
5097.42,12.791
5098.08,12.7695
5098.75,14.3432
5099.41,13.4683
5100.08,13.6289
5100.74,14.0804
5101.41,13.6231
5102.07,13.7988
5102.74,13.0755
5103.40,12.8135
5104.07,12.7939
5104.73,13.004
5105.40,13.0454
5106.06,13.3754
5106.73,13.1951
5107.39,13.3108
5108.06,13.764
5108.72,13.5652
5109.39,12.8562
5110.05,13.3506
5110.72,14.308
5111.38,14.3899
5112.05,13.8359
5112.71,13.3791
5113.38,13.6239
5114.04,13.3806
5114.71,13.1288
5115.37,13.6149
5116.04,13.6246
5116.70,13.7274
5117.37,12.9729
5118.03,12.4143
5118.70,12.4668
5119.36,13.0559
5120.03,12.8545
5120.69,13.4023
5121.36,15.5773
5122.02,15.2636
5122.69,13.4608
5123.35,12.5162
5124.02,11.7527
5124.68,12.5496
5125.35,12.7616
5126.01,12.5924
5126.68,13.025
5127.34,12.7036
5128.01,12.4882
5128.67,12.2205
5129.34,12.4525
5130.00,12.0988
5130.67,12.2001
5131.33,11.8111
5132.00,11.3576
5132.66,11.2117
5133.33,11.2638
5133.99,11.6594
5134.66,12.3193
5135.32,11.9296
5135.99,11.7345
5136.65,12.4931
5137.32,16.0144
5137.98,16.108
5138.65,14.2588
5139.31,13.4288
5139.98,13.3747
5140.64,12.4033
5141.31,12.0405
5141.97,11.6548
5142.64,13.083
5143.30,12.6925
5143.97,11.7019
5144.63,11.3493
5145.30,12.491
5145.96,11.9696
5146.63,11.5538
5147.29,12.4548
5147.96,12.4999
5148.62,12.523
5149.29,12.3047
5149.95,12.1217
5150.62,12.193
5151.28,12.7207
5151.95,12.6782
5152.61,12.9898
5153.28,11.306
5153.94,12.4842
5154.61,12.2393
5155.27,12.2313
5155.94,12.1678
5156.60,11.7902
5157.27,11.6932
5157.93,10.8782
5158.60,11.3397
5159.26,11.5634
5159.93,11.1581
5160.59,11.4948
5161.26,10.8159
5161.92,11.1093
5162.59,12.2313
5163.25,11.8114
5163.92,12.3752
5164.58,10.8001
5165.25,10.2977
5165.91,11.5906
5166.58,11.0023
5167.24,11.6127
5167.91,11.351
5168.57,11.6226
5169.24,11.9265
5169.90,11.3849
5170.57,11.1947
5171.23,10.5953
5171.90,10.0269
5172.56,10.7834
5173.23,11.5778
5173.89,11.6095
5174.56,11.3534
5175.22,11.7796
5175.89,11.6096
5176.55,10.6478
5177.22,10.2335
5177.88,11.2587
5178.55,11.0771
5179.21,11.0756
5179.88,10.8608
5180.54,10.8947
5181.21,10.6588
5181.87,11.1224
5182.54,10.7392
5183.20,10.4065
5183.87,10.3949
5184.53,10.42
5185.20,10.4453
5185.86,9.67381
5186.53,11.3307
5187.19,10.3839
5187.86,10.3539
5188.52,9.35753
5189.19,10.8005
5189.85,11.6469
5190.52,10.7932
5191.18,11.0289
5191.85,11.6306
5192.51,10.9919
5193.18,10.3881
5193.84,10.4015
5194.51,11.155
5195.17,11.3357
5195.84,11.0676
5196.50,11.0035
5197.17,11.035
5197.83,10.8696
5198.50,10.5873
5199.16,11.0969
5199.83,11.3204
5200.49,10.949
5201.16,11.7706
5201.82,12.0756
5202.49,11.5166
5203.15,11.5655
5203.82,11.1396
5204.48,11.4819
5205.15,11.0037
5205.81,10.8849
5206.48,10.8459
5207.14,11.0475
5207.81,11.7523
5208.47,11.1481
5209.14,11.1777
5209.80,12.0739
5210.47,11.7396
5211.13,11.6043
5211.80,10.4956
5212.46,10.6238
5213.13,10.5733
5213.79,10.6367
5214.46,10.2908
5215.12,10.9964
5215.79,11.0142
5216.45,12.2632
5217.12,10.9444
5217.78,10.7338
5218.45,10.4348
5219.11,11.0218
5219.78,11.0155
5220.44,10.361
5221.11,10.7757
5221.77,10.9285
5222.44,10.301
5223.10,10.0393
5223.77,9.48263
5224.43,9.61207
5225.10,10.0403
5225.76,9.53928
5226.43,9.83612
5227.09,10.449
5227.76,9.70045
5228.42,8.36312
5229.09,8.9139
5229.75,9.44285
5230.42,10.0283
5231.08,9.13533
5231.75,9.01176
5232.41,8.64633
5233.08,9.26299
5233.74,8.92664
5234.41,8.75662
5235.07,8.86744
5235.74,9.57531
5236.40,9.67728
5237.07,9.43995
5237.73,9.76377
5238.40,9.8446
5239.06,10.1109
5239.73,9.39889
5240.39,9.32541
5241.06,9.30005
5241.72,9.29964
5242.39,9.34119
5243.05,10.0203
5243.72,9.95506
5244.38,10.6311
5245.05,9.9679
5245.71,9.8206
5246.38,9.63329
5247.04,9.73712
5247.71,9.39183
5248.37,9.83445
5249.04,9.65332
5249.70,10.4493
5250.37,10.634
5251.03,9.81448
5251.70,9.84084
5252.36,10.2191
5253.03,10.8435
5253.69,10.0163
5254.36,10.7889
5255.02,10.0671
5255.69,9.33198
5256.35,8.9754
5257.02,9.81412
5257.68,10.0239
5258.35,9.99563
5259.01,10.4477
5259.68,10.3977
5260.34,10.8259
5261.01,10.567
5261.67,10.2981
5262.34,9.49511
5263.00,9.49899
5263.67,11.2197
5264.33,10.7897
5265.00,11.6709
5265.66,10.202
5266.33,9.68981
5266.99,10.2103
5267.66,10.2221
5268.32,11.3886
5268.99,9.67295
5269.65,10.5422
5270.32,10.704
